w_belt,R_cat,theta_cat,V_a,I_c,R_anode_cav,R_anode_arc,dr_cat_anode,dz_cat_anode,dr_gun_field,dz_gun_field,alpha,delta_alpha,R_g,Delta_r
3.0757632377574495,59.19030712711994,20.541573824817423,86.40597191948106,74.86325896176623,18.873825456758656,10.740501182386257,-0.03914218753531956,0.41294136853961283,0.11455006427632974,1.5962733550721908,1.3684180634105243,5.461860514417916,10.443386387988692,0.6586190263189213
8.375895818214378,52.64153001039322,27.647429085635103,67.7774438786256,80.41644330318401,23.315105189424838,13.001132071090257,0.38891774262408385,0.7221431501640201,-0.2911876411853982,-0.027029342052347527,1.479585640685915,7.450488934402502,9.550064277751355,1.8560833238844703
4.263522587796913,59.201620423557515,22.168941038912916,69.58368232745464,61.298461493279476,22.452067145758164,17.165332808122436,0.013639106083923713,0.6120748070609925,0.5237416741936955,-1.5978721996074559,1.4329485137677227,7.2586749552880665,10.980263055069251,0.9845281374136822
7.319683417752649,53.5367629684365,27.770806004207746,63.07968768652352,78.78228086787973,18.798378816733425,12.59728127086523,-0.13242891241066113,0.7242027849191941,0.599361363015235,-1.331614497463879,1.6139285452629732,9.007482097067896,9.440011579699524,1.6176404768011317
3.2009743757701363,46.947252751836665,27.333295627498906,68.78267575263082,87.91240402177185,18.591530777701667,17.262329209687685,-0.2567403000767608,0.6514989111644032,0.5082003677472349,-1.2139646562340978,1.5788185965351333,8.190393033198877,8.240196345215015,0.7991834258745463
7.453046088756794,59.59167330154047,28.926684251024536,63.71814039222011,45.71272921898071,21.930099638407427,15.354713883891161,0.23638729491330013,-0.7162070365318014,0.9824058385857191,-0.1422837567962545,1.4790182573019102,9.005209945423022,10.993205251011624,1.7921490777371931
3.581103278990465,52.37987928569095,25.99987946877005,79.56047985096401,84.82375078803423,18.719056051996336,16.145986702046383,-0.15383255224941617,0.3537140721774623,-0.5172592335296784,0.8655204404857564,1.4651099146279718,6.902345683811399,8.939481188105765,0.8210009823041774
3.473915298582968,55.15111492868027,30.502871351027302,68.22196246880391,40.80832274043482,18.98820036491394,14.283672626615292,-0.42938151533549973,0.2618732752906774,0.0035194203583852612,1.819084897608549,1.479840546059927,5.6275701228274695,9.556348488012254,0.6947506661202928
4.714199157560446,52.39827387011472,32.89900329404241,82.31099680685726,70.44812549834214,22.77707073930935,16.553299581096585,0.1504110474930339,0.08525957759731317,0.11298721067103035,-1.5118105561300073,1.3536649781356624,5.5712149213300055,9.448394735677413,0.9891279358620301
3.024731207538898,53.05564772697896,23.42040423948988,64.40533260798034,45.35455128713404,19.408801992876988,10.98232818186959,0.1089591817385358,-0.6031370737812803,0.28114205240225076,1.4432405556382433,1.521235933888032,6.03677886260914,9.384946499751155,0.6679857933244289
6.416948163930007,59.00942482087453,31.356151692643902,89.47544303924649,76.70602702998715,21.74541174529027,11.863830610584195,-0.0163684986869726,-0.3400187276585048,-0.5498126740732147,-1.6593082983062881,1.3292258332726823,7.905531908981439,10.370981118614456,1.4216361242666444
5.4327113627175265,46.36873755888712,30.45140529364947,88.89082501481913,47.29773037092491,25.39251023348683,12.16626239686274,0.0008180979737801852,0.2654073076016914,0.5111731682299887,1.9566883374270354,1.2233915615969073,7.455951105302265,8.809866873832032,1.2547316775640316
3.6049072852613397,52.7590987209256,21.834327698941422,67.02518233445247,86.45400724755501,18.904063442184764,17.8964908103794,0.09027518841532578,0.3165678260707314,0.9786277981049525,-0.8628962099190363,1.6062461297241803,8.582148826416528,9.548838470138337,0.9208756743459625
5.010322862239713,47.56592668171062,26.540872968206372,70.41108917434273,50.52765909375187,22.679151496915203,10.289287861335954,-0.08839010475643794,-0.5259176412305084,0.9190951169252561,0.5367942713530329,1.4173090078151331,8.165953612648432,8.889823028853533,1.2367325682123897
6.831846825347376,56.22043673910431,22.70793342138148,67.84170070642458,45.27931216611853,25.727668330366697,12.405016893679223,0.025369452356103106,0.40420383936022364,0.1060851631629347,0.15251431838949125,1.363772313121455,4.015711909957741,10.693168975640809,1.438739086838478
8.026634237941366,52.332453655287225,30.654831275709064,73.67392312866863,59.851246252050565,18.806121416269868,12.443773283456688,0.2273081766991828,0.13687660542562097,-0.3062189876567406,-1.4821718884096218,1.4746300877091165,7.1316074721052205,8.93825073931305,1.6759698198351354
4.650835389652041,54.407760339112194,25.333847745741323,66.17074684477136,79.37939398975128,22.771935644710794,17.82463715475785,-0.34934904998991706,0.7731767208655664,0.37438829935897844,0.22788664955910898,1.5109372536759147,7.0611662076524,10.036525469468593,1.0577238189910396
6.808662397555647,48.799458591329895,23.49897206444035,85.16934352134834,42.255996483688165,25.865810971267287,12.129612648156074,0.3227630017295494,0.6917740212397712,0.1109848290467137,-1.555719487301182,1.1979709383811654,7.179083080805788,9.35503562877813,1.5205804144862747
5.046231240298312,59.396791633840856,27.867935599332693,69.26316964563078,86.78255655052502,23.81111537875197,14.248379484857614,-0.4382340307943936,0.045909222933635085,-0.7453509025274213,-1.4644173101431095,1.46669797686957,9.052905774290572,10.642493579441455,1.3172507844424548
4.461089236528085,48.726619278900195,30.21911763874373,89.97083723150881,89.98321435463745,24.945223736596432,13.843582762152293,-0.185265925258135,-0.006275645978669586,-0.8617945183979909,1.8953217610953201,1.2859758434738067,9.322922036733683,8.788589420057269,1.1328171183371636
7.695082387510231,54.772694277492604,20.052946304813172,68.48015538786515,51.85427169726199,24.17510519623441,15.689120311655147,-0.23180067225686568,0.06891678241363586,-0.8359043211339644,1.3290558983486953,1.3885003146677195,8.779777270689024,9.95758719238563,1.8819164820892187
8.561064751132164,56.69901120577093,29.916561946828555,89.4103736930629,41.47685101017598,18.308522418601385,15.081911663645116,-0.34669321137667386,0.7953955703297784,-0.22656465389412583,-1.9199469669191978,1.2883946227626268,8.45674860099968,9.646525587747673,1.8340251134703827
3.3873583131664398,54.488082022601525,26.645510716769785,64.46599379422177,80.16354512494058,21.628910920605268,12.959472741888128,0.03294017054609,0.02891774608176978,0.6897937457855656,1.4754267355695707,1.5794746005848441,7.106135473400411,10.0145987567681,0.8555245345110682
4.154674832449251,49.939840279763416,29.992873413238797,67.54870233964424,55.43983060303822,20.85155588548813,17.621237764931248,-0.3172813988736818,-0.5174929961965036,0.6184516607094748,0.31722914461088525,1.48800968440903,7.348748890125654,8.97200127855052,0.9920514159612136
3.9964568257281865,52.9515729043203,28.06463329232541,78.84169388317281,73.15722653735267,24.69147178430894,12.223028149595798,-0.3666154445059385,-0.43334556933120916,0.3727348838167108,1.7585747226513213,1.3451527612055318,7.904127996912189,9.92916111602744,0.9242304329258832
8.860959198285606,54.74733156355624,33.186628783294005,84.47539218827708,69.27876637344748,20.022664196167035,14.716551047538145,-0.019559645399818304,0.6826307079582354,-0.2626597666296039,1.7083342666071943,1.3756792177494532,7.597162527518286,9.43333482488188,1.8721437102610041
8.090908477645087,56.349588760764405,21.934432898225772,73.97131965432663,79.43605744375253,22.743954166981375,15.368292673419127,-0.3159567230952498,-0.32590482144717775,-0.6365645342188198,0.37755536957582203,1.4070484578686884,8.271199885219302,10.121456178692176,1.9144328484968616
5.705244601353108,53.73745430268932,34.79673733359477,66.99064833113965,77.87725263691408,19.784817381482068,15.650517144548342,0.3317194942539887,0.7832914155596005,-0.159658241753161,-1.856967587541691,1.5712077429803049,7.862921179497829,9.302737818261352,1.230469771983097
8.063680148227894,54.1880481343727,28.72521417735111,68.12027076106183,76.91490204988665,25.3134741332254,10.045289232067137,-0.3514827097720067,0.25796757458312003,0.7196442798060276,0.379256824981415,1.4577757230178445,8.510475052096954,10.301686334489935,1.94866497448527
6.221196061500525,56.608261525379376,32.00755386312942,76.90271949451933,86.02177305026565,24.219302994871708,15.211727045027212,0.32918854692057875,-0.7043147190611476,-0.08191454838257128,0.36184210335887457,1.3900403111197452,6.238304945919449,10.402878455829011,1.3275345364210254
6.1387958221141865,56.828165703452754,21.07111273139041,72.1176880896671,49.83478973087236,21.140048366775773,10.883400637430348,-0.39885846596635766,0.5623789891044371,0.8042223340121861,-1.1875406523926757,1.3934529318664917,9.243175715726027,10.520266680850913,1.536462851822507
5.811163704909641,49.84493789539593,32.72177312988996,75.04948156396537,75.20830242016449,20.55026016575408,15.588337845140531,-0.329285121286622,0.7032506278855446,0.22838518505786753,0.4900598433079786,1.4584413162144167,7.052710232477265,8.758219763416431,1.2664755661493794
6.273691635551732,49.85288570412221,25.554225595635113,78.68280378035846,69.5153352844319,20.324041008249264,16.0109505809704,0.4956561652657454,0.11216045478919945,-0.5277393390124632,0.9253129369000663,1.3952264141908954,8.042503734036734,8.701413373708853,1.4364331193302848
3.4662131197693915,57.891333836268565,22.762127702483692,76.08846219040699,41.51378983341781,19.310079074230686,11.36548284436878,-0.4798027828425125,-0.6547542782135889,0.03977286691269244,-1.9706401189195566,1.3594869509110858,6.647146679044389,10.149861065667617,0.761113652498
6.168341081461724,55.6645994395249,24.90033323249968,84.75758761606718,76.63491423117588,22.674786140636535,13.75367672665692,-0.29258269880167787,-0.47768772524396014,0.7027719419449809,-0.7789021983477682,1.3107637073191447,8.466185009521494,10.338557050144669,1.4879831473097354
4.420276111426114,49.66024789950103,22.398544686390302,88.97879451930795,83.7578212522515,20.642653923481323,15.055345064171656,0.28930511686833293,0.6184506468456765,0.3079356903745658,0.5271950980687463,1.3244549844477456,6.869305843152539,9.020899422768348,0.9463019200329681
4.670765387683972,50.63661661649785,27.722624867295124,69.04856666158244,49.2941286097202,20.48965490489577,12.174387507533535,0.02679816744338115,-0.5219184348007091,0.8924608854424814,0.14981629356713722,1.460352194747352,7.356161102069475,9.225087199235762,1.163191609201597
3.3747316974502004,53.34907293533364,31.94052311157624,71.60944114304726,76.07260912139856,19.199844279991655,12.84106054564536,0.1877133383027112,-0.7748798405361558,-0.8342842248549003,1.9603988929380232,1.5165385737167985,9.899282131424387,8.923333743787815,0.8830664941872994
3.108176387977054,46.079236758682455,31.42339800106969,62.96487665313358,76.38735387822629,22.48551265288316,10.683121683729045,0.45980460353554886,-0.3383219409673003,0.37899769094461466,0.16462624837459972,1.566769898861818,6.475839779755669,8.407157599326917,0.6948951369393509
6.720669074199983,59.852132905803494,25.944441294380685,75.30936789323935,87.2832802804974,25.91013139191709,16.034235479121648,0.27015535270352753,-0.4236266861645176,0.35641005721422103,-0.8266582419161277,1.3760755141176737,7.325334821739107,11.415296970338424,1.5614305048981263
7.949537648388989,57.10893104767162,34.624104978198936,89.1217933315582,83.89227458521162,23.061199371430376,14.617386570342866,-0.32755436751383676,0.44907415248468485,0.8639423781096389,-0.40132285636913934,1.3152101933478177,9.420324294797107,10.48619696598424,1.9190910519977764
5.763614868019014,59.71243614032727,31.495574012686223,64.07657268595524,41.54881888080056,24.044901307416275,13.866860741387944,-0.18765560001173043,0.5497991298036531,-0.8406407689512932,0.35493877622855186,1.4312311870521686,7.775128633152426,10.66143518454122,1.4008431233487106
4.936922043764466,56.94817414930331,32.42322498804834,77.33530365882825,57.30445771160619,24.599731154424717,10.972976970431121,0.06416514999405298,0.01269363473004792,-0.6441759285144335,-0.9942051217044581,1.3647047178470262,6.694633032536771,10.3056473271878,1.177547226261701
5.835548931267808,55.879853288726025,24.36992447604045,71.31934708111574,64.7962098802646,18.57221150805605,14.21826694522138,0.4709471867549876,0.5462849102168057,0.674800913955087,0.889131377925954,1.4733463841298393,8.959480374377529,9.923508257756005,1.380208179420936
4.070925484387404,50.64658078120135,28.479518357908372,67.23352116623731,83.85170593937445,20.961036566842022,17.306623317488977,-0.25583657022478484,-0.014475068978726968,-0.06235262867929636,-0.7461193852634433,1.564390885296728,4.947679214981811,8.895624759620148,0.8349874103460642
3.405725963715665,49.812938483379384,30.515399634821456,82.8133298574331,89.37227461154652,20.57422133231872,15.828758511591712,-0.006306467109084057,-0.7605234211599524,0.2236619867012284,-1.6743670207563022,1.4179779824587682,6.763612821484742,8.839827075343392,0.7447674000018949
4.428353432871352,51.702581249767235,21.950917555594007,86.48814218588835,81.51198461112149,25.42721947068641,17.43006118064634,-0.4823020316216046,0.20937547734602147,-0.8178834798528019,-0.31875108197664126,1.2763827812634176,8.525293020460603,9.55202500637546,1.1210565638449899
5.410642574100102,55.80145291903038,28.787135051713694,84.07147796508198,44.14812069679569,20.497123112523486,16.927433993989546,0.29552830575467093,-0.5531582655562118,0.3146504216818613,-0.7530757555205985,1.318796569110683,6.412754587682433,9.949128727355676,1.1545974342696557
6.000617414066427,59.42159453034392,34.01489903623059,75.6742337964572,53.28007119312076,18.498567359723474,11.204179839538627,0.46572237041669773,0.19691892596910388,0.7331581389960253,-1.39662356157914,1.4517356647030335,8.81781274328674,10.351801757835364,1.395226466443242
3.3638931366203146,53.96610090763114,24.76512734928056,79.01850813628431,52.6723856051021,21.100297159172392,11.514689972733734,0.09602119690302768,0.7777776589275192,-0.6266894542479744,0.6557488555551161,1.359194373208149,7.148454806544103,9.455809170109081,0.8384881589828499
3.1581833112831967,47.398432052862965,33.8026935377537,76.85341231226825,45.59100434890837,18.825068990740803,12.136042315261877,0.4139146405574343,-0.24267834124239296,0.008857356525096893,0.520740647111062,1.4209747674040114,4.58199579957522,8.1282255526354,0.6300271720908259
5.34461292207075,49.0973432592083,24.423025652454594,73.69601662052993,63.16263192502082,19.802338882743307,11.499604343137513,-0.004965210207709236,-0.21641078321976015,-0.2965849505722561,1.203354302448469,1.4667715204220668,5.786646670431104,8.579758886473911,1.1289557441219122
3.133158013109945,59.77909600375511,23.958037798790983,82.24652395411303,44.88136564798684,21.39980548488341,17.34634968250235,-0.05067308110757618,0.7550320287526149,-0.6051958571169699,0.39010561795489673,1.298314544579674,6.147733729950912,10.609648818789086,0.794637240266318
3.849385642965272,54.05363460488546,20.815435887598927,83.4091730646082,62.41916155593934,19.34516343501576,15.131023004377846,0.30816862037578907,-0.35440209083773766,-0.18909283283292277,1.4857740152354588,1.3538382880187654,6.346734019190106,9.522605352828206,0.8088085086198645
5.15516695131128,45.913006140376815,30.888126373225695,83.67603363982556,74.68662232801543,25.527035502749843,13.51445982350002,-0.010188971237225952,0.5227314966705467,-0.6532882358779228,0.5075351257768457,1.296696483302878,7.408660763703042,8.317627766869043,1.2650089760143537
7.905998005985387,51.68829270321747,27.626063663808246,80.12885580541015,40.23580783827832,25.228121593635027,17.854868114544086,-0.2855503943164729,-0.3903687509418814,0.3456556914714244,0.5958810839573512,1.26160742901658,6.717026441676627,9.712109270046923,1.7748842330437442
6.06194930205568,50.49385969454476,20.445466655224983,87.84776089093015,49.69240129931106,22.5595843796512,15.579900964589747,0.4369505317708069,-0.439699654244541,0.9213237057200834,-0.449829339024473,1.2346740859927363,9.178327931789259,9.59942246147864,1.5407028894487655
6.497986811412034,54.142228595322486,32.91620813420691,75.71562051225713,82.35240009822448,21.493429668842058,13.493493424142807,-0.43615152515280264,0.5283578158706386,-0.00841442517907276,1.7609022655695,1.4383305685428696,7.351931659294207,9.488264770172396,1.3926460099028755
4.373187361067583,49.96336291462254,30.946931152746075,68.35247872886566,72.36252004131822,19.019286714653077,13.42745554051681,0.10662050216763119,0.25400370931937744,-0.5729579590404299,-1.6460344273230145,1.5638252911607269,7.692886389788012,8.441719555195853,1.0137267046439191
4.088277694175513,55.26390895186156,24.197306600930066,67.42602631571795,49.50830476740258,22.589466210541822,11.387869598045441,0.33461335819737237,0.47659984887862783,-0.6058126691053056,-0.8755407087116269,1.4182438697904025,7.47078455199153,9.927662050366527,1.0065934166699462
4.0103784900561,49.473671599533226,26.886646003140733,62.55166645624752,86.2946328689217,20.939643691291543,17.287018266219626,-0.2161112194156143,0.5194227674766967,-0.4533064323168722,-1.6710514473595053,1.6254078317690948,7.975821596050198,8.647638687025784,0.9121094963808309
7.23588617287704,49.703872800358354,20.798623804281004,76.2439422767993,77.23577107409837,22.792909844152696,16.440418490252696,-0.4244006644133661,0.25217145614405556,-0.10632973673466839,0.3014385309792771,1.3889225717256708,6.248306442404906,9.141573145123816,1.5287393358260402
5.618608209163476,52.78526229053107,34.323558074951116,62.81485097648955,84.19590495565018,23.54769521466025,12.09410839740997,-0.22169897371915315,0.11112366040766963,-0.25093538104333113,0.5591770634888271,1.575316693911497,5.758016045333616,9.445953037839875,1.2111444645926235
6.351253252675309,45.3303222812915,30.18894587123726,64.39666071995023,78.72096485934945,24.31073875056763,17.109675261289794,0.3739932267786521,0.695329493102504,0.5039100717006146,0.3642706297510747,1.5118234794903431,8.38093269220102,8.466610802157719,1.5142853308214912
6.945052369662847,57.77585607144894,24.292137492244038,70.31093454622399,55.76732784593506,20.404091180545823,10.800799073464628,-0.2988597942304953,-0.6080089857889,0.6038795225469038,-1.693087481742084,1.448376976912016,9.183226261477158,10.391542072234987,1.59736334668806
6.059607601845538,48.17203825766624,29.933154486685858,89.50923315344703,40.019469795647325,24.05609682915435,13.982826232808307,-0.3204112357142593,0.48196106687594154,0.5769250580451717,-1.274191222647544,1.206500404571694,8.281622921502532,8.978263329434801,1.4617560336030586
8.311244005013169,53.007672590123164,25.903701009133506,77.84564867372296,87.4021557584412,25.61930295914939,17.13477876121838,0.366018312950284,0.2589745927597842,-0.15767917858166325,-0.2505538673474399,1.3710814334592456,6.420509129049703,9.90536399518096,1.8147378795988827
6.8910983278153495,47.028490364854406,27.568513266748255,61.25126926454227,44.03031494201713,18.272178494445363,11.03635073302495,0.2199965980015125,-0.036678919765532614,-0.8582437930271176,-0.8061898707409962,1.5906508619340167,8.304846425922198,7.763430552162943,1.5752545103840425
8.228101983801164,48.084778289056,26.254503062333665,65.55090750003748,43.6664410675712,23.339188152315508,14.632298902583114,0.4102285855383484,-0.6277242705096269,-0.8270752036065754,-1.0077905481014877,1.410869103585739,10.192489121490977,8.582863525471941,1.9872039059672744
3.5894031267929547,54.044076718289126,22.473407914229014,72.83134152166078,69.08828976958458,18.38682345378383,16.992718046203134,0.3357108110388345,-0.06775907608812282,-0.85586125851418,-0.9300533758726373,1.4867891520286363,8.12240078562406,9.183570728476862,0.9089396342831254
7.068113511394359,57.365702465695634,29.598980989465677,86.46131144518512,70.8132528131489,19.919826822922165,11.548115068257456,-0.4924410804372988,-0.005283718436069673,0.0921859165693466,0.8704100106990231,1.3604223219905203,6.116876203404499,10.067360796340072,1.4730355332876495
5.824465360434074,51.33977542390364,22.339856816991492,66.10089392580751,88.30854148689201,25.785743943946827,17.606681973586063,-0.12323785600705345,0.5721833913796084,0.707037905261851,-1.7248708947538012,1.4797814980432151,9.34829705518765,9.916527302446834,1.4573540457808325
6.662737070645452,59.18223500954461,29.857135016276665,78.03158603438533,71.9160426739338,23.183415323212344,15.59771298391355,0.0911736758731948,0.7448944102669328,-0.07211851553246607,-1.0476010719050939,1.374686135567424,6.051675676408422,10.76574109628349,1.3728278467297068
8.63212258188311,48.26540317260106,31.978126383850274,86.82647104161163,64.51886004525254,23.53089451954096,11.982698773864266,-0.45861778121088936,0.5955146758755858,0.06258351962711206,1.284213568096932,1.2736031330675341,7.734067797234397,8.776412129845024,1.8580751747208257
3.5625449577555983,50.73617790145549,30.49565006348026,80.55251029988108,65.1944180483127,22.100054555978453,16.647070021495395,0.023530140620881435,-0.4165023818545571,0.14484725788169528,1.483380495404735,1.3700551659464475,5.268361274520899,9.11588078433251,0.7234024946249419
5.211466614880707,56.25977895173798,32.29410798323028,69.08869102673191,86.1578781273543,19.215172388440315,16.449351524065307,0.33080460749004414,0.3710589430564666,-0.2527052649734437,-0.03090248987231825,1.580817927590227,5.850280728655628,9.622815073765183,1.0808537375487948
5.168328292697405,51.02371138097399,30.977285945568383,79.89966862730518,67.59513828212,23.3784297985528,15.93314761877588,-0.30460777945554485,0.5387432436492741,-0.4211841195030873,-0.9524135204065909,1.3470755870041808,7.498082350830407,9.138800178374515,1.2159568850429556
5.956328083193835,48.370166742894014,27.287055786156422,86.51375337776682,55.592161009916225,24.928717916611877,15.247285632462303,-0.08576511706103385,0.08761931712714899,-0.0008658154126444106,0.7475714712661672,1.2511283321755573,4.320681722653529,9.043150210250982,1.203681463012182
5.599772960952708,58.37297017816746,28.423938909403866,76.59195917223659,74.14341331657417,24.039260281953034,14.43226627562236,-0.18025788054406922,0.15320908094190122,-0.9927833358792965,0.5132955387646505,1.3735041313490812,8.395907554269174,10.431294821027237,1.3618272118577694
8.585717206914193,56.24446648613393,23.124575082899533,66.67197702542217,69.83258539653646,22.87004751139306,13.960435993847463,0.01095846408269141,-0.39128462983946455,0.9403275652708771,-1.2783529752124907,1.4753346741902464,9.373273993509033,10.550092997262285,2.070981347281348
4.150045221570752,55.7024930122101,34.210506524151235,73.23360334456288,67.29420211331866,22.048049738962952,14.1126038617173,0.4813602874736187,0.5009814583036545,-0.288119725210882,1.4233011713210346,1.4276744482083472,7.567846623518771,9.861867322700116,0.9273722162918568
4.636013648628989,46.87075429873885,33.20524770813397,69.52895750545234,77.98839452755294,23.667962193260607,12.69296006237995,-0.16092972357602303,0.31846940146178815,-0.758210502276757,-0.6206022345864985,1.481320645487579,8.041841989429784,8.278154653817566,1.131750159433021
7.221714269423919,50.43651553557089,24.248589993555488,66.64693592646769,84.83914462896988,23.004070089690753,10.324616146914268,0.430838481200701,0.3371040887183214,-0.20201863674969267,-1.8466967464412556,1.5078510763712933,8.308455695928858,9.217326710398773,1.619352308013071
4.147245625712144,55.44477327295313,34.51531740174809,89.60707693637357,83.4181304198123,18.11399517215282,14.683849701838621,0.22462814674369125,0.23245217462811807,0.8708768891604546,1.0938347056789857,1.4075075766931715,8.587514289639488,9.64091986766751,1.007675842801803
4.910919223188724,52.40015385188434,28.86212653650968,79.8620053324993,40.198997334533885,18.398533840750286,10.339649566966647,-0.36445797702155736,-0.1499046266380749,0.5352402282332389,1.730606740328931,1.3749070033634312,7.691759980288812,9.155225607206226,1.1166074384829148
5.234531808756954,51.403872543099794,33.713613370780955,74.48899334960458,63.348925132293886,20.847017137731388,16.846791925356513,0.06311570930510446,0.6730178006170999,0.9715900751795559,-1.0484822940240315,1.4527899048743969,9.242422391068253,9.32723623811627,1.3084510118286752
7.103401564634062,55.69963822213957,26.170689544992406,78.22475173442025,59.39192751405301,18.812808893411034,17.36813920539545,0.16185345885592317,0.031687876229842815,-0.5195405881905946,1.6368778419381464,1.4260867264129822,7.586854306557158,9.492206922934134,1.5242697172447204
6.711906262117024,56.47982913545138,26.616994627586642,60.58074873609684,72.73158989766591,18.58493622689346,14.158326410118033,0.3930727471892096,-0.1913059193850427,-0.6899536012137453,-1.1707355602787017,1.634913952316785,8.803222772155996,9.563487453207935,1.5867281409349303
4.765409425127363,57.341991204803605,24.066190699309956,86.87404505479532,54.44438785801243,23.41946601124082,12.895607901990402,0.22095623607198456,0.7637745460955208,-0.5212469890610286,1.254561289341686,1.2432745785595343,7.827710373088428,10.446945424953205,1.1232661565919564
3.7150123758160154,50.84018155629215,29.415068389426025,80.87615903089788,52.004314312012745,23.516331378714217,15.835498942202292,-0.173245440529802,0.2382508663697318,-0.8372083870676257,-0.5021163172820955,1.3083529152600888,7.3390524901358285,8.988280924807626,0.9401606228456577
5.806384844654047,58.10860258920124,27.12184683346435,80.97391405774138,75.77332765878911,19.796452155483962,17.782199279616464,-0.1864032244284725,0.666243343122201,-0.11268952662917364,1.275821197679003,1.4233594190381837,6.471625878879115,10.160859928818478,1.2096720988553409
5.815924457808343,54.42995119323878,30.03867254590599,67.33916287268109,84.54916978578265,22.832715076428922,16.231139123126077,0.4574684964182363,-0.010841125869627821,-0.006145403998462973,-1.790054150403782,1.5233904862391292,6.716943391473447,9.809151840971142,1.203774886471473
5.264244292698558,48.781768639843406,26.575514467582405,88.36652093246693,40.988369219636766,23.582679262735706,17.965911471079345,-0.062378346457230005,-0.708296205160744,-0.3967322152468541,1.4191343853172178,1.2290049209977199,7.131859532161249,8.77617511714766,1.1886913876490637
8.047102687546426,50.803185770723246,34.43328537532004,80.73141127872663,47.45072562237182,25.578894387113024,16.456984860726664,0.29477780240136,0.2667657591535997,0.5949856528442088,-1.8233755264342233,1.281634148426507,9.024475761504304,9.602397330135899,1.88659798091024
4.171540089032851,48.23807149809625,26.53192155060547,76.56100979838095,56.702798449187405,21.052866177703848,15.634676158189649,-0.4613015398162835,-0.5357932140632886,-0.10064638027633055,-1.3661288123519593,1.372406946343066,6.7509027378275555,8.545387588790874,0.8993909464290839
4.474416986702799,58.58650306164434,24.984915592484953,72.68872208572216,42.17935087057594,23.742195899074574,15.012654159521142,0.012460084239337754,0.28846380455847065,0.030856103885111175,0.44996399350324934,1.3437717719318218,3.6167311296372837,10.854743369511374,0.9108323768862402
4.369613719655509,46.79128205180219,31.178918165771233,61.17636201789116,54.69997687864907,24.523367076196177,17.686129328214687,-0.42599924759973373,0.29685574454740427,-0.525021509374605,-0.41743668986531257,1.5026931701164372,7.1420984400242755,8.43982427500915,1.0203885376076183
3.150993146911258,53.15618100908529,27.538358928603685,62.88025529066299,46.93523991007361,19.90214954866967,16.07365571187228,-0.10771129409738728,-0.20113565424235602,0.43992087405772695,1.090413044933224,1.543947199474034,5.849969674621875,9.512386551429213,0.691063926102774
5.166863917697035,49.87399474115107,34.40569975103021,61.74051061594678,61.53602887319356,24.2578686878719,16.8112898108957,0.4529453302913322,-0.6862623484914574,-0.2959858265218812,1.6828326417984631,1.5085059352183958,8.329084326572213,9.020734174854399,1.21373523912424
7.313609453145935,45.159105070507074,24.11600862782674,65.23971355576762,51.79558503968658,20.135968803856915,17.03911510329142,0.3473771699042989,0.6201149241594366,-0.7615406642307775,-1.2841496868253592,1.4923458553959645,9.863868811062046,7.8146814850232245,1.7635405947321265
5.101277703899343,48.598566886552405,20.26854736201321,80.48572347078644,48.21126440978665,22.549428837454972,13.2673909501589,0.49950398234890736,-0.3940145606795533,0.5203991453273984,-0.12407162999397858,1.2801413594305528,7.186292724040323,9.12858253966193,1.1822353738155256
3.3240847207652453,45.82603338332865,33.32107200633938,69.01793956105584,67.66449626110423,19.36444005761911,11.526400843688368,-0.31802480902061603,0.2685487186539599,-0.11508351640361325,-0.18804952926281504,1.5441360225559018,4.673577257404924,7.816727463984338,0.6729531033082443
6.021472105215516,49.59441832660047,34.34626075047446,60.44377585529967,44.80342919114792,24.68190121354462,10.616037197481601,-0.3400815193635365,-0.3711460865370924,0.6676354582245625,0.8733156718488067,1.5055307240382176,8.131061065351549,9.256015127258127,1.4432576973151674
3.8455835782229455,53.847362136275684,31.779349001549676,60.17862401381671,50.97933446996956,23.35029008413875,17.54405093028256,-0.31528286753818496,0.22496067904266126,0.8615747218952812,-1.2394561628044674,1.5393800677375387,8.331299817650827,9.968152248781598,1.0197801872933323
6.462852282872866,48.19734106073927,33.774180227750904,82.87783694537075,66.30638233197695,22.001133498000232,13.785398240034468,-0.4784598393823168,0.6955580356475008,-0.25979078995580074,-0.2189075025552789,1.330442570228015,7.431942360780425,8.456436613943547,1.4332440112328535
3.674893571062827,58.31360059167908,21.752306366183944,60.62861866339596,85.4026043998527,21.229455074779082,10.959533102737076,-0.45575505115419895,0.5715953213918386,0.21549238770425583,-1.043788284285213,1.607221619593886,7.140828109939839,10.554500481080849,0.8732536160423561
6.575420977641203,47.61396330855641,29.15733839946774,69.49483247125904,49.036551169991306,24.3523957731047,15.285430706285652,0.1928896847447078,0.18559252283367156,-0.038654860376299616,0.5350552385849174,1.3909257987445154,4.900160404773673,8.7842907517387,1.372685885822246
4.209658060646576,59.72831701984632,30.79278747374816,68.21602235205677,79.81742134278574,23.830588467554087,16.562893172933887,-0.4264073904842419,0.6993479251425527,0.08462938173541357,0.2463370690633524,1.4732376419904238,6.031207994785997,10.928916801380284,0.9236727490512114
8.504334314773448,46.16703247717871,23.797759260781753,86.33255677993742,88.93512704150622,25.327583548306976,16.856189903920484,0.13862308416801128,-0.4627981818149085,0.3717247158947705,1.471245683630145,1.302976118862875,8.491504060164775,8.866753348189969,1.9558847716771675
7.356616688740747,47.988850147139495,32.24129641620834,66.29727255470101,85.21543663383639,22.283767008921483,16.045036390368974,0.3959447292113081,0.4753127356043343,0.8588904312115095,-0.6726871008593402,1.5422789922386755,10.033265035716457,8.88910698953758,1.82603834185994
7.060912800618365,59.54556553568737,28.6037163846445,67.29649349126547,83.99422033862282,19.976794432184146,15.843160323073501,0.17024719115498355,-0.6663027053236166,0.6917370705845312,-1.711600043927033,1.5694829750381303,9.590925688288223,10.573161617611017,1.6392759134820576
8.140199239086083,54.01300080037909,20.72655145287099,76.60359135305076,59.09639528259679,23.429515543371245,16.245965487835083,0.3268279989567159,0.25580872927984766,-0.08022874598981611,-0.0979760295403258,1.3354688029117177,5.371946887095387,10.0018968157157,1.6875624259895852
5.135975912224806,59.15516386465494,25.272707136653185,82.14023774676282,67.14185955573328,23.176369049304544,13.09187025756777,-0.1742259871297701,0.6247395659468193,-0.14567637141643086,1.2867038909146613,1.3048412976788506,6.340348786175633,10.795857598196918,1.1031463796539902
6.0184379520803635,50.65815492433332,21.30630824966405,73.79536980385691,43.189557716835395,18.087938866657954,11.808008692260076,-0.4061028900845502,0.2075913000442764,0.4751946082598566,1.322443684681399,1.411851239816012,7.6991391634878035,8.917161575230349,1.3173548793706855
5.8167219362611355,55.78328833286673,31.7882358178355,89.20586541749117,86.63925329929293,24.482329841423685,11.07778767064184,0.3950090945847422,0.27049235368382396,0.6783179209050523,-1.7456070448526129,1.3158798936138263,9.42317582056861,10.501016107583316,1.4553333798596984
7.51066941653458,51.867320546715206,26.793423095799312,66.2348776617603,66.64758457229789,23.4355227189794,17.24312834434155,-0.3700239849073238,0.4093310828986729,0.7183289472564001,0.8017009109168041,1.4705487468804743,9.097978724505008,9.687925924170782,1.8078935186900458
7.744980486246742,53.19579749446224,28.116951153072623,76.02776641309704,71.47697930230842,23.241995080339098,15.829736098938781,-0.2960972340717967,0.44769554948798507,0.11911969527009836,1.8331776958379695,1.3827660131858557,7.540497108605372,9.707327150743787,1.6650815895414834
7.321068280884035,50.27135537892204,20.302832084763516,83.2436716739734,82.65346893254625,23.566912243762083,17.924091269562453,-0.3010363051270462,-0.6800264443943995,-0.0021524133009805935,-0.9380304872156999,1.3252930801047886,6.789909720981532,9.339671352603435,1.58824087757203
8.640823510966927,46.268062911296454,23.24864434051893,70.0941461094213,87.66336048766526,20.996403948516917,16.016516435285816,-0.07812119866958589,-0.4360130074269603,-0.9511880915875128,1.3668652016996874,1.5124426895948595,10.539993004915791,8.040417911141514,2.0902289825814035
6.795010025693389,50.15170138345542,34.494101356915706,82.54839311258124,51.16929870514832,19.155593636586545,14.502653579635183,-0.21483977764063278,-0.06489194859510117,0.4092517488897047,-0.07276847420227228,1.3831151191572084,5.786336022409769,8.731064698361951,1.4188622645982896
3.739415352229951,58.246051747299305,28.201603346616405,80.43175312653278,66.5792260522287,21.225104447034493,15.915820137238388,-0.12953906734693882,0.4100712975805647,-0.12321843657464526,0.5874083596093937,1.376773264921951,4.824867585226333,10.305062417330795,0.7646078122007351
5.082486726670486,45.02332239340181,29.312291220884028,60.57914484069594,68.72127568381688,19.61923443628132,15.25806292586319,0.33064913865857304,-0.0810829256422988,-0.4460805551334769,-1.624909337684731,1.626479577510057,7.661011961163682,7.741525298251204,1.1754466278986782
6.901986545209818,47.36447597026185,31.678745455118822,63.82489452835483,40.90974855907209,22.563087814430283,14.516540053800185,0.20673965408921013,0.5167115802768947,-0.0361735176414375,-1.894070817351749,1.4684532572333506,6.730966630931069,8.476359000811959,1.4574682920286088
5.9121723363199905,52.61716179659207,28.300947007000943,65.36112397111766,79.63943534618627,19.754799745577454,17.76123022399741,0.3157623972639708,0.23780142693232342,0.9445959060767031,-0.8880843978242219,1.6043306902445333,9.453049924287585,9.524989533898388,1.4384478782698347
3.9867022703934554,46.629613363393645,26.778439791399745,85.92693328371118,47.34461099942306,18.192329240050007,17.28033989062284,-0.28966950772824795,0.5131315821723701,0.7283241906363322,-1.6329437557738398,1.3354480620634834,8.745495006233192,8.22828107828668,0.9589619956409025
7.840127962675641,57.12108979512013,34.71326436322076,82.3679754153802,61.858726815917855,22.020493052476198,17.002209566546718,0.3552087757281881,-0.5597777013529894,-0.04592092571161566,-1.586935626191701,1.3499592777232088,7.164363535802861,10.128478796840348,1.620336302780207
4.662609146253709,48.18367500628589,32.31745245492938,64.11243562857277,65.80407256808013,22.71320120414409,11.507824126956557,0.186184004506873,-0.5830502922402068,0.34701156841164726,1.640225587573891,1.5237332062109512,7.441357012716152,8.747920547177634,1.0355406279953152
6.998633131382716,56.03927890124274,26.80260828051595,65.77098519192853,44.34003146377584,18.419716072672934,13.033747208244659,-0.17708779658611784,0.07686281188478605,-0.6559248318970556,0.3380442843353384,1.5271666661808716,6.65182337755541,9.503678121698057,1.5122802775282809
6.4317259328463114,45.94159231916494,29.469869160363686,85.0331601272843,66.98049000530044,20.327600193448447,11.49456946657813,0.04226837402787398,0.4263642889407939,0.4607597501889049,-0.6570474970167639,1.374790317650229,6.862292138301993,8.198795678398655,1.3720169793928478
3.4887663815602923,58.00638709835201,33.54662220069905,82.76111867241025,64.22393733182813,20.59246458773137,12.022222958382425,0.3177613671209416,0.3251800375502796,-0.04501464261478294,1.3941511203402874,1.3861905093361027,5.6579541807114735,10.095618297431205,0.7036879472367595
7.979797040533756,54.958503210462425,29.538869956835015,65.45281861413983,45.23235490145866,23.75323153468615,16.13004478872218,0.232138374806105,0.6717844515763092,0.4780125598471392,0.03887969366765942,1.4307988136044365,6.770131943431475,10.220378081205334,1.7776240229644418
7.371015542346027,47.31627627247088,21.129669951781707,64.7692074457151,89.81514968131336,24.858355282619904,15.23705732610605,0.13511408259278213,0.7981919148018854,-0.8089822620167079,-0.926367949971135,1.5016062768587453,9.889188952887208,8.63912599120361,1.8246892170559517
3.9514917229575834,48.284994918088486,22.02320304949407,61.42755264379846,72.55075905291397,23.981354489659573,11.098058194893692,-0.32573510567594866,0.17584453418642831,-0.5923186346473,-0.5096659266266041,1.5262768214335793,7.140580157457214,8.813132801233971,1.0075396747423029
5.576048421186304,48.49385924667543,32.374851425624584,69.47122825624409,49.13499010629046,20.082460289443283,14.856088582434108,0.01627965836470191,-0.5059280280883501,0.1236037353023236,-1.468281207009959,1.4692432721824604,5.793214418243028,8.436577327955987,1.1259328206151864
4.9916427350865185,45.445276152251765,30.338173615244244,66.04603257328968,73.23422714210103,23.945650494103138,11.938863673868536,-0.2096402794434878,-0.1330304258334455,-0.16440746595023792,-1.651864521210249,1.4962245534735443,6.419544846831086,8.319136622197485,1.0923494127739704
4.659830046717543,47.43553356096362,24.037788746734034,70.7307891815889,87.3085308365518,25.925794677490053,15.05876034515935,-0.13469698722220996,0.10242765141118038,0.44980428110239457,-1.8984207708051437,1.4263430092638145,7.576858461830884,9.104783862056998,1.1312685697283384
5.873300561219007,52.1620290082122,24.971539390407937,74.36005203073621,79.67335403810682,22.196241128299903,14.387549076263717,-0.4484260487249679,-0.1417246844484854,-0.1498041696711484,-0.3341572861849875,1.4253073181073261,5.776826261254798,9.362428529087437,1.2551320448118417
7.9468622168130505,54.6535581721288,30.366699475040758,84.15417202068892,59.01362309446319,19.172671156498975,10.490562751351646,-0.4068029483545361,-0.7213315382571364,0.8701166618781941,0.7513805321777829,1.364930767442157,10.078787258078364,9.718404498844068,1.8987481861822695
6.489540036891497,58.08918444229858,21.393218725490932,81.73057987266316,69.6897384584702,18.18362111989091,14.016116081650697,-0.2416186442037475,-0.604738314477983,-0.7993918006155882,-1.3300960185827169,1.396838282741149,9.622853720402693,9.862858787462319,1.535127676850891
3.578462457064106,47.69775825077923,23.761586558717305,60.495780098641745,77.30517108486053,22.949163065711204,10.366772850531026,0.08740028370886022,-0.16495446083277376,-0.8811072998164261,-1.9157438243021776,1.5840240392226022,8.865145086990418,8.472464984086097,0.9434432857911164
6.360837186046763,51.018397180863,31.903877399863557,81.48761048040518,87.59551306083381,22.905118007897972,15.957314041878654,0.1585308944043754,-0.4197903929848479,0.7792950885514529,0.4333931599302061,1.386322146397592,8.30544244797289,9.393526099847929,1.5451287566585243
6.812743195470423,53.89122837643046,31.465315236836922,74.30542568416584,56.67169555059012,25.149211479313415,16.57931293388089,-0.3384989538014107,0.15216344832564987,-0.4781066590868942,-1.1542032904719939,1.3538866343126703,7.540092326191608,9.849383674912465,1.561636703723738
5.9715415741789,56.52170926092305,28.83847105642635,67.7582610021209,42.631218273483896,20.034352835285713,13.228937442052297,-0.24517885150252233,0.09014943390548658,0.6191459945321789,-0.0009481101296668903,1.4664540790151666,6.324149260190495,10.03718275611621,1.352715107779685
4.7325645659121625,53.57979195969372,32.44813999289674,68.47255200470129,60.18347184757911,20.74580965487289,12.89938928909041,0.06976984309101864,-0.0888817670191342,0.2995422567357293,-0.29185658294884287,1.5028884469559274,4.815590421642741,9.45272003851763,0.9996848702753154
4.23395562040387,59.73127705327103,29.20478028344063,85.70753834351694,60.896751690250206,23.48044198308578,16.640299578486957,-0.24297526168477496,-0.510888148616738,0.41681856507754955,1.5001082744351169,1.2882762241051504,7.34484727271423,10.999091911804976,0.9713823296106577
6.069370326145761,55.99661775576752,33.26877881165641,60.79151766771664,45.657336386652815,18.082655348598166,12.979702194716763,0.08958818557115966,0.18347342269879852,-0.6913456388836985,1.164922735977394,1.6177469398871989,7.4426757581932845,9.308159295318262,1.3488546784997224
6.885926324041783,51.00668768168938,22.569954707026067,80.355185528025,66.11130828736624,24.408836362288532,12.187638179751056,-0.24731162305306237,0.36797794330158173,0.8777968557564326,-0.8671526004844281,1.306198472469779,9.020094991712684,9.810213267232898,1.7022150269751892
3.400217785251412,56.91765273809571,30.341698650234598,72.50413360250732,86.72013147745974,24.16862911292778,13.71342030919676,0.16679572941584453,-0.20286448981364058,-0.5343734204401662,-0.07146846497408932,1.4481972142781852,6.021917344986074,10.3594355713618,0.7912974270245301
8.35644553630668,51.650555031307036,29.898468568804034,71.83800197889866,55.04201398887135,23.62415148719869,11.11091809903028,0.13709301117552675,-0.626287984546338,-0.7911743656790998,-0.7120291393362312,1.3906447234779815,9.00383493200966,9.209793462456771,1.9852718512275185
8.21397939899074,45.773751376164576,33.68153060684034,66.8427259526087,67.80590288085588,23.561501771477772,12.617673362656785,-0.21230181800426817,-0.7933247446162632,-0.728823108088291,-0.5213969827192986,1.4749149883297923,9.394456935331007,8.09071892757966,1.9212725065865455
3.125617361435278,56.985559751713474,26.362899795187378,82.66906296434672,76.94853283889493,21.706099674332116,10.316592980349993,-0.29941003676369715,-0.525356411580091,-0.8120250888004645,-0.8938150217203857,1.3705973897538763,8.585061321548196,9.987477930699956,0.8350062085771119
4.593011661515697,49.51242826229872,29.352995392682967,70.63985928006196,83.58631297223262,19.443367793533085,10.401611802655003,0.3352203954206824,0.3824107855646257,0.25624087925307815,1.9357050325948548,1.5480561588614274,7.7887138184373095,8.67927053321339,1.001142843957121
7.646716850203905,56.36769364286403,29.287669629656367,65.51476319023514,43.22608582363348,21.022770758902258,12.54738020357271,-0.11854898851527107,0.7849810394324377,-0.15621449893539885,1.0509478525171665,1.468053231292656,6.264811103474718,9.957354638726528,1.6164824391885038
8.217012045827083,47.77639927516039,29.24884811271397,73.88082224510114,78.59289408710498,18.383104778000543,14.468070793433391,-0.27128538558581594,-0.12066647428951827,-0.8455509738105268,-0.26991814063974107,1.5129514268819644,8.763312595874629,7.922353500325008,1.8539685881291883
4.382555664572209,46.13775684369223,34.55140482525283,69.50612920720283,58.88485240902094,22.248538877319028,13.623647733472456,-0.16763464554945545,-0.4988486278724785,-0.4562847644177652,0.9383277972823163,1.4558355366286428,7.106215661858639,8.076411351896073,1.045042682110533
5.056011491086961,52.57651356502451,24.790202069117115,84.20831293958787,74.78670086714281,20.982419284568877,14.045516896522905,0.191908132987196,0.03335992565254853,-0.4641990584291016,0.2943832735422909,1.3657061079750707,5.8240992360088,9.283539424298397,1.1478232142804243
4.7587369728556785,59.89495389563071,30.78549606773652,78.58960896000472,73.85751824066242,20.57736986578731,13.087384549418601,0.3193116046762676,-0.5233218507114968,0.3595222045048678,-0.9013121438731304,1.42346822968446,7.003348846672125,10.69084468194027,1.0687913782609582
8.967540210443723,52.240938461463855,30.10160398511303,72.45918414448435,53.86622963552823,25.47398315702367,12.570147419467524,-0.3930931379477508,-0.23610045549130432,-0.46624237098820687,1.301749691844654,1.351678372071413,8.516546595179562,9.576903397543452,2.0524333222554167
4.839210977667923,46.0371799224265,26.472218815834434,82.18347819206892,52.658004809958186,24.318687032234195,15.24862890911658,0.13191577535016286,0.6575331897911139,0.48301855009282946,-1.9215308549914902,1.2669730430390802,8.107468187867982,8.667864180072614,1.1416765174948047
5.492672895668974,58.56142139569975,24.72187760623997,75.83955867567246,77.77644910962192,25.757278214044305,17.211960482588147,-0.267472004806005,0.2933646667096981,-0.7394534252273872,-0.21732184030301394,1.3656214825367148,7.551185460425426,10.84709077688678,1.3672228364128853
8.619091049347587,45.27371429159521,33.857333389523916,70.06254363145587,81.23459459666778,25.348416805053855,13.598738041206975,-0.4121696118885877,-0.40235334626424685,0.11826697938159314,-1.294472491453254,1.4334674887120535,7.714393040031125,8.371620127344304,1.8993751015964986
3.274946486906104,56.744350229606965,21.138127470117087,88.04891840798453,82.41051021933885,25.99629052452594,17.65008990277573,0.3362261333036388,-0.5959098790971401,-0.17473989077828989,-0.19534739823281022,1.2497267510318277,5.54659581872264,10.80360093644247,0.7660381890579854
5.138403539049381,48.50633667074088,22.85166804430079,81.68409449823065,41.62211063571135,21.14647921497704,17.10526371911194,0.24491151278184298,-0.660939775241938,0.8538340973538843,-0.4970261181625215,1.3014199386286618,8.569037037851094,9.043042423308414,1.274506082744136
5.2407670741394226,53.87957181216569,33.83741281252656,60.969906258320776,62.87985960683129,20.393780343495585,11.382393768631548,0.3078666323915469,0.3932272392221301,0.6768891563135033,0.7052709274996021,1.6056068813916764,8.078018408872667,9.66447651634617,1.22354210837773
4.3572862152713805,45.342992716963884,21.99292303462327,77.61264174752421,84.88343401948791,23.960612677680906,12.317374522553736,-0.18701123141804055,-0.6153438770657103,0.312895889369214,0.2560581381038469,1.369878679165291,6.232393468534038,8.538610902064049,0.965828878831907
7.2985729411251015,47.119457589099056,24.096256639485162,72.66578245530988,55.49247755993471,23.614072979598046,15.480646442842879,0.3866530491928243,-0.14014472683644597,0.08752046745906328,1.4059634055116765,1.3620436911905178,6.817110712895484,8.739664271881473,1.581699468232925
8.549346322831324,48.90138478058902,30.52196141529871,83.51934081121918,84.74834984975155,24.956032482424874,13.977843095159772,-0.3105475391151268,-0.17153248485663108,-0.20883019978602468,-0.42086339261322037,1.3321990798878747,6.679055522864461,8.96962521924678,1.830124105577624
3.95451796503171,54.62230673783535,31.243612748693828,64.75363383254162,67.47462593500669,23.390641532301274,11.905375983428222,0.30311262439269226,-0.3105702008287181,0.07329532890215762,-0.0922214600796687,1.4964292064351823,4.601842361848461,9.88136132380559,0.8265740268124336
6.8031603069344975,54.34909737183892,30.149684160443094,87.86989725465159,49.87006246932266,24.109207093835156,12.71765832905205,-0.41691178486280667,-0.05591690019533835,-0.24124302349391913,-1.4162165861702305,1.2360458261559544,6.75402951153366,9.849007859572591,1.5291871319930377
7.578762172862197,47.571833365301856,23.35935969777756,65.88466551798413,67.31846787546169,19.342241228139258,13.309537529861025,0.10129603102512197,-0.0847905605315662,-0.5433109048489766,-0.5329702029236665,1.5470939199685438,6.915586110072157,8.208035195615146,1.644838818546468
4.413760652606179,47.76475701990911,32.45564258579532,84.89400026904099,82.46914105491686,24.15629859588071,10.573945698855901,-0.03397573321914776,-0.022293079290111817,-0.9477169929704665,1.9012799174722343,1.3594318843706232,9.112413909453938,8.446540888058008,1.1606364752126355
4.8274023380313915,49.264930551766916,33.92468281453378,87.25451705684257,61.49198962979025,19.653040366855816,14.342905360517463,-0.1315704232630378,0.3098531622853147,0.1994058058979351,1.103223183430111,1.3466786260770958,5.755937820661472,8.533553878865243,0.9657599652896319
3.9718400852157174,56.739352057380636,20.827902879066073,80.5678121011887,89.6874817376288,25.14284127308133,14.144790292677897,-0.4835566228191829,-0.7803119041148543,0.8448369400287608,1.0187900318343321,1.309398426926274,9.973768014962895,10.959588136813565,1.0849557782595654
8.984389761271325,55.34204345672544,23.405426049843737,66.38253096484986,54.87699398002262,22.64308051031407,10.306058699253423,-0.39590150018054976,0.5251798655124571,-0.24485505689224796,-0.18079160612176404,1.4515562494837642,6.707877775451056,9.993822375302724,1.9912209023639118
4.398326392623467,50.17067260345044,30.89100798127685,84.36732172075895,69.71467843169317,25.06310275953185,16.71947761604878,0.35977617629096625,-0.7737106346825867,-0.4766680542429469,0.6888033565850304,1.2908348832283913,7.916187467560498,9.174683649151234,1.0697849643615216
3.7492075808791556,52.84017056866189,28.692199108813615,78.16513768517805,85.19468740474241,22.520947718512588,16.293872328957526,-0.4614518946989189,0.7477315320659361,0.4705340087102783,1.1049966854870616,1.3905660583583244,8.685911509803908,9.669499092742958,0.9129744132346789
5.341143528550984,57.641476500221636,30.154433274553668,82.51533939891424,47.599949612393445,20.043557306323887,10.259515593679433,-0.30547095477536035,-0.021012354322890614,0.4476668605910752,-1.7305242922016006,1.3507907964841368,7.157580336157287,10.148019692260775,1.1974812456430113
3.5416219513051566,51.3229571703918,29.430042424787892,70.47543157823046,60.21720516549098,24.719632279368327,16.880147498818047,0.46408361917460417,-0.6336628885713773,-0.444353141499538,-0.9694138304684443,1.380269124696792,7.678522375281489,9.417351215015444,0.9015107925782462
4.058418570205042,57.18155931312196,25.061109668138894,78.29744971742763,82.77381312347643,20.655706416920744,15.700176771575876,0.4728353459026904,-0.14583596440579782,-0.9462685449235313,1.592354953655836,1.4218016111458491,9.955233172810894,9.92157079896609,1.082371830147971
8.93689853101425,47.16900863798504,30.641537325325118,85.6354193876182,81.38670917069871,25.13767864489781,16.270881505741222,0.13535507748449294,0.5585000171701309,0.2207659549501928,1.9645477174262962,1.3067060609234842,8.498004204287758,8.827727517081513,2.0460760081170597
7.065062777459249,49.186009596389525,28.281689498847506,77.58728526144361,61.6829063179116,22.116556036925868,11.716145502914317,-0.21840973316368273,0.7209088894169031,0.32819746252921767,-1.250473527185961,1.3716264942477419,7.91145968044277,8.979853371192354,1.5766888110653023
7.036449274166979,49.650233797218355,20.47408309106842,69.63308914030912,76.61493300256852,18.07127266846184,10.521429443011971,0.005096180398205918,0.7344152944771007,0.301838434185429,0.9005557336111463,1.549331209598858,6.958234890302398,8.701819374988355,1.4699926887328265
3.207228223594759,49.71941321111174,23.709985827989183,86.62075939965106,72.47423613480969,19.378291846133614,12.161365873137257,-0.4901440264026437,-0.39846496422761446,-0.16397942678422583,-0.13870290195733403,1.336820497219652,5.462012260935202,8.634432030008417,0.6805177515741166
6.054528436512404,54.55192493505807,28.292980620509255,67.56629841718487,44.322116063496495,20.68569662510882,16.766092435232967,-0.2928457284369852,0.23532349731283797,0.4725789027881402,0.014221869630028028,1.4616946375949564,6.11008728125861,9.758659624457563,1.2706033633897054
4.907923889551311,55.628885148551106,25.11104772924141,78.19974396803504,54.00753294900353,21.645464232773286,14.236245967720112,0.1426761925943234,-0.08808548806520955,-0.11437386627259605,-0.703363204945513,1.351837011764804,4.492245361031855,9.941559804328483,1.0182105542924913
4.7376181411997464,59.83043075181146,22.192246010808866,85.25106996073183,53.413174509080875,19.27730430253598,12.434893894072275,0.34494032375602923,-0.5775878200872493,0.22585895734926398,1.768192195086871,1.3155955003921003,7.199656885266854,10.654136222564539,1.0342204726507294
3.3679238754048306,59.90005341968997,21.89907859627475,62.76513815519484,64.844476271129,24.908646704452053,13.733506621754175,0.15307359138547394,0.5988286539326786,-0.6602315040458697,1.343370967133115,1.4502307275535127,7.874068494759126,11.103394314627659,0.8409553760692421
4.109406251561586,57.07037644831661,34.70401312819375,87.31469306248698,74.06676544156394,19.85658115997209,12.201324083543991,-0.20816802336423185,-0.23969743436653224,0.5699338613815998,0.051695318231395504,1.374507649602956,6.187185290241023,10.013562257067411,0.9095869983708608
7.596466162020141,47.88673832913645,23.33131758602738,71.87029149232804,43.749465052350246,25.26896269663567,12.62961086011623,0.4799431993169425,0.45768816107159904,0.7482343443921793,-1.0973365543048714,1.3067588331425009,9.560580225851142,9.259425735848403,1.914460677940765
4.22434983057919,57.73125405619674,22.52360756511615,70.1211748558723,48.430807692849804,19.035775782360105,12.23811488349888,0.4031948462876923,-0.5344641730312336,0.1274788714932733,0.6359771190348797,1.4451164294927359,5.688832464058149,10.194506779402797,0.8889665720486479
7.99642015293868,59.36614030025633,22.04278021990268,70.7104407465427,49.57224055619401,19.848215988318902,12.102125331585803,-0.38803482166327097,0.16097691270659742,-0.8105101908120098,-0.012298702062174538,1.4283002385331758,8.162597203665625,10.234952441586218,1.8199945691595243
7.0004777341466795,49.1048537014215,22.159510340773803,73.15661865545762,86.4168387323258,19.811552885088144,12.926832403907992,0.3722019017174254,-0.7829463943974898,-0.47372270391399096,1.656964411428857,1.4816339125339455,9.714550697544086,8.50768992314207,1.6420713693718103
8.25041971173831,51.80677264936871,28.841512553539353,87.1501506894548,89.61804425691889,21.170506857092946,13.386331414827758,-0.11299372623522597,0.2562069025693978,-0.2561069841567549,1.80724954609985,1.3689913352879175,7.59271383344342,9.130017654975278,1.7732983020922926
5.442496092662559,59.25738365693786,28.2168031530202,85.960089246118,41.84343648070707,22.214154527425315,11.394989663874897,0.08116066734553573,-0.013737305170722913,0.8859414312766665,-1.227337749130528,1.2788527877127218,7.7381933708625406,10.975114836315523,1.3244291450699925
4.447623291271386,52.453000853947614,23.03809767000788,88.82892440001982,60.07130799180696,24.143715514804235,14.310684404826258,0.48612112119929574,0.7274221404041565,0.5337837964381449,0.2962393200775759,1.2153327757697148,7.831015827345264,9.953409779853422,1.1474033994919106
5.128202025221788,46.27803644202619,20.0784227143996,82.0438091224477,54.5732856818259,22.05675676006507,13.987841836762563,0.03905696824467764,0.00126175718656929,-0.14148451725355682,0.5751381068479833,1.3086141126653885,4.252843183566354,8.416696828076095,1.0792663637995092
4.294135160727996,50.08129751020023,21.173664617118757,84.55692176286595,58.118018173370814,22.085041195422733,17.268310186660667,-0.1394914778346738,0.4777249135457182,0.6423773368177215,1.490580858704785,1.297335754427611,8.018640565718309,9.334933441343637,1.0570535590243646
8.743791743194139,51.92817595657381,33.70437161020375,86.90907898857051,58.44237361552614,19.531267733541817,14.550010623818217,0.35420137739510116,0.28084041937001114,-0.6801021573292387,-0.6659106419618519,1.3473738567700666,8.650565879206066,8.742672196038418,1.953666111383271
4.238098306987039,50.5751636329929,22.114337370688236,85.64340447824425,80.85920402759052,18.98189872277949,10.02333035795595,0.229117323287939,0.6009930058628161,-0.48023187314844273,1.674180658212495,1.394403723049473,8.298808054210083,8.721779240905098,0.984587230258872
8.73759210910217,51.137226022558195,25.54724113692519,78.37443027238182,87.14199082134968,22.850115562443303,13.467140712772661,0.21156193805170487,-0.2421120181303713,-0.40340794604228747,1.6003855213265652,1.4005701262168129,8.591670328748407,9.189419535990679,1.9675481482001334
4.6083132722575,51.838817828901334,29.805346197686283,65.93595389255377,64.9097195401626,18.208583603207046,16.699659583825476,-0.004620023367978787,0.20141209876711708,-0.7846355280350698,0.2337579364377924,1.5964589879473206,6.61061987128872,8.668600534324446,1.0625672601607772
5.558910034923835,56.514049647838675,24.466325399281,61.39466242224177,83.39021068968663,24.684204284010306,15.128101400683484,-0.42881060036742225,-0.6184322712490213,-0.09512236157707943,-1.1498023903985595,1.5223917953301627,6.936300299255545,10.50691970141294,1.2150074694374036
6.464556438348173,59.44527445470677,32.56158634222771,70.05767101093612,82.61677302576734,20.014990974028517,11.001876230733062,0.23292894985976087,0.20533021473229196,0.49395101706755695,-1.8855253614521874,1.5518001571481042,8.293828083587345,10.486085800215001,1.4530183296882049
7.994736829268901,45.8400573389544,27.071867882083765,80.53294472497788,74.2384231787284,25.741862849647802,10.584407180274148,0.34085659179036176,0.12434269948146925,-0.5465110707083141,1.5273099307405489,1.3181595170745461,9.171024036171838,8.428526739320391,1.9291200028356321
7.868049511719142,45.13844359483841,29.729696513047177,62.60001454337753,78.23385070167205,19.638905188091982,17.96807660352476,0.08589208490667577,0.49035927094901477,-0.9642987132456111,0.6921756339890499,1.6415807373102653,9.591661955222229,7.615940784618893,1.8728745674210665
6.990593926094586,53.0656844477049,31.568012294212387,84.72463987584031,69.54319078927281,25.779543220159486,13.762819568734928,0.26406819891965494,0.6594043506229137,0.6804091122454028,-1.0612321709300172,1.2729288871756013,9.113805135680778,10.136212995347028,1.7196098865188385
6.492867915341785,49.91511069760374,29.98280291172001,61.03581187771917,71.2611932208443,25.904689510682488,10.751291182779742,0.0070158110271458796,-0.3580027024009176,-0.0433803197266972,-1.1401826546387483,1.5229375727765184,5.3837031247316744,9.367397207915312,1.3488353173617396
8.822529239427858,51.500888201913824,30.094222297369125,73.57469035932003,52.51923513745103,23.568302083153952,14.824430451616102,0.03810515619983246,0.7932467839369415,0.4064689025924473,-1.1985119438215508,1.3630587576012543,7.9600570247206575,9.491168217130634,1.965104057260398
6.632172145329284,57.45573034659872,31.21979921891947,70.87741151342689,64.05337279048769,23.51307425660276,15.43402832450409,0.024675306730723268,-0.20379617240828407,0.4226582415676605,0.9514213390062922,1.4359791401647972,6.273134946038057,10.56964771931937,1.4388007646661989
6.044466946207968,49.60665501269698,21.653232373578543,63.774761784155345,52.953907726321745,18.493748606912106,16.865210776945524,0.41536790189160666,-0.3533803527887761,-0.3280963019218015,-1.1622863644555366,1.5377911367859511,7.519103187670075,8.57337330946329,1.3086595655252007
3.599405976543783,56.32641514885443,34.475862990277754,83.46880491527666,79.05558911883972,21.517814442999487,16.83032451308175,0.11574080755453187,0.434284358718279,0.7849895525514929,-0.6918923217813973,1.3936965861847708,7.671945667704947,10.114510213019503,0.8929642123734276
7.1083476810488015,50.94815069426112,20.483033038046354,61.26590453531224,53.91993307858261,18.72187132245762,11.248649567303564,-0.26205417013126164,0.33816193222378566,-0.491049989963118,-1.180006625101461,1.5751391359351505,7.820088376274276,8.784761668772607,1.5795433891013986
7.099272298652313,51.88514240100159,32.681843000098524,81.52606883823573,77.68581926399989,20.239937548845955,17.94633693280016,0.08347520831033117,-0.6708381995814385,-0.8054240171611714,0.12857498207081175,1.4265124987989273,8.37956620551116,8.802041154346842,1.6163987387144314
7.496553719895884,47.173095780306866,24.2635979844997,78.01186967002513,75.83479594467859,24.912881802368116,16.38822416783065,-0.0813644339464733,0.46855085477701874,-0.8857371797221044,-1.1785243861121257,1.349365058669171,9.527792035835226,8.582807383469195,1.8794055969651597
5.486349908401996,58.55427777505846,20.873816734425287,79.48658195992982,40.333469641920615,22.540831292432056,10.782424897569552,-0.31951766353513655,-0.28726543909778446,-0.3956206481734331,-0.14808105506592306,1.29177632502501,5.655084775686968,10.636060157540442,1.2085734140306446
4.7798921361638005,45.58013106642597,28.872922739278604,89.57716345176077,67.17014991594866,21.619655348079448,15.993303052052703,0.13203507372372825,-0.06665681133323209,0.042657528242672216,-0.5185994268670426,1.3042476112663366,4.430579491387022,8.165494618036426,0.9739308918791706
5.119512207525076,54.692501924854184,27.852331102285106,83.74639985092692,52.10388345349278,21.31124829811784,16.475012656756995,-0.26552653108859575,-0.22633940674280717,-0.7559276667526904,-1.512995369697335,1.3177034930194913,8.380898986415,9.565486298167938,1.250443411378147
3.3070953076176828,48.30769986971648,31.593391640360572,89.68751858299515,48.37928610154651,20.112199487690074,12.227740871259568,-0.3835580004451933,0.0561393875420686,0.6528265562905486,-0.3677509835527877,1.2942005106401226,6.726687896631674,8.54533262032107,0.7977322767958697
4.723030855451236,54.15797563607874,30.916959463358207,75.2196048262784,55.15208130041713,23.30988210405024,14.735288915896337,0.4001883874334785,0.7880809431972828,0.3345502980784729,1.4942163115506593,1.3453704520421768,8.007536651303596,9.980010249901188,1.0970644628177937
5.702525398130867,56.09066470207016,34.06263091672899,61.527213238673426,75.39953002800856,18.32098352605665,11.898657509227165,-0.47100963591421363,-0.09244928020092702,0.1586343909821879,-1.961963549649534,1.6668136647565883,7.502047551930131,9.551625447835079,1.1780032062120012
5.099602371912758,54.17289298967699,32.03844131651295,74.15161823681609,85.55731450218411,23.084432926001792,17.866333749756464,0.15093760242838283,0.13995456272201046,0.2589150528311668,0.003329735240178877,1.466159221213277,4.99856557751617,9.917522009626595,1.0886796059341286
5.470469936957937,53.66411002184878,28.745203516728083,88.53079244602476,88.65670471603549,25.859550871439904,16.59531457021359,-0.49679656413380563,-0.14262210937802144,0.6721503157351556,1.2603132577185865,1.268805494195166,9.099268258528594,10.269861727547747,1.4030906987748284
7.262443022041897,58.66199037392761,21.98783290460247,86.6816448559506,54.72873705696199,25.694717169054133,16.397769092901882,0.3990006910152377,-0.4559713028981731,-0.2550116795041374,1.3042071484095912,1.212410598593717,7.479761498112524,11.137847304193336,1.6715766763462208
3.696663072677624,48.693969608190066,25.813803229039202,69.75367529156132,71.35508816603262,23.912690253452645,15.602500820541394,-0.006875023549617609,0.08732764942811655,-0.3157808147522395,0.34435955540782004,1.4415109389758094,4.747763803391446,8.881993956396213,0.8270236229978057
8.825712640878272,53.51632840537832,32.75848462393226,69.41506911175333,65.11278613674384,23.119960967071975,10.218412225489658,0.1566167561152687,0.09698228186108993,-0.8147000123990288,-0.907207129428522,1.4741475180115975,8.438187187614238,9.41628064063362,2.0470739756292073
4.43630545993549,58.542452674335294,29.660997544217572,85.57059344087592,87.34369751402656,18.108334552250476,15.907132000217617,0.3241693909070905,-0.4411070156130418,-0.5323154180781653,-1.0380968346830985,1.425078702156748,8.086723985963292,9.832775146099985,1.0053875111207196
3.957872515023897,57.22912451412606,20.91381076697015,68.97456953606856,51.144308853163906,20.759252050598928,13.541782879585904,0.007867845466562051,-0.07527685378121363,-0.13183422147589774,-0.5658834418743439,1.4499110886588917,3.805595292409667,10.22336083277431,0.783316575886374
6.982633067271333,46.90734546525505,25.351797222934582,71.01199892457494,81.92414537183436,22.81935456153307,17.021343284690058,-0.11065885744307791,-0.027024582765674543,-0.59113865857165,1.2709022702561281,1.4859119523866973,7.920806511778024,8.322546579708034,1.5979680879494875
6.253644486868855,48.52363461868789,25.691433284499936,60.05223748508858,56.49512994458422,23.486714534239482,11.764349261835306,-0.029766475222257227,-0.6198206684777593,0.9753331312104523,-1.0114061682209543,1.5303968216473325,9.242911036442278,9.204020746559529,1.557500090913887
7.724730123022361,46.48194783298306,33.440272724897866,85.74657134101605,46.218061529088615,21.817258146598874,13.75908197705268,0.1624949150171099,-0.2107658875450441,-0.5719733839086912,-0.20862813847194994,1.2830345345210232,6.685743189024045,8.090903202155115,1.74219690494613
5.850782924045456,49.72177752214927,34.657207132121975,71.75392536291054,86.5983953904641,21.26842466984465,16.712602638680956,-0.07044541778371705,0.4910728346186186,0.8945421260157502,-1.65782264451377,1.5178525252052786,9.820820999668728,9.02504667585878,1.437434357185637
3.731773641400296,54.30842799361987,25.055614624168662,61.28481171947953,73.39478384806412,20.537547897786,14.098234083847068,0.2729971309100734,-0.5676480876753892,0.9266562095137436,-1.7183819304540955,1.5780675449754187,9.946284749683239,9.971061542670876,0.9974554752838803
3.6613955214123046,46.30480020812529,29.629328880857262,73.26237369976361,82.20238717779216,25.121008736222574,15.350624235578909,-0.41494089636908227,0.6998203546257249,-0.4901488294565268,1.3447262733288703,1.399431952277473,8.542202398929366,8.451464606252848,0.9262858805598749
7.527914177303204,57.37187920979056,28.095971070824213,71.53318504541353,77.62870109250576,25.053305474374696,12.672926553906926,0.27209401031888536,0.37382935557965147,0.9813093135998605,-1.414516731775766,1.409536591874782,10.359006062749293,11.036474009808758,1.9059227704995885
3.036849012670158,50.26314403663801,27.257829582322074,72.99185791516891,76.51932064192505,21.962035710116638,15.547026946757573,-0.08287022897429508,0.4973122735003457,0.38803102358087416,1.9785397003948182,1.4490399390704776,7.379325736000741,9.180480953864253,0.6999195435008165
7.399743975329379,56.86744044947766,22.815350227200195,74.52676453448268,57.73439450247855,23.205882937465542,10.018412348232857,0.1257985757090191,-0.09911519885746434,0.045632912678520654,1.1532247326495546,1.3882560675306925,5.237997757079157,10.47577292538144,1.5331289372318324
4.96205761949767,59.81820719431173,23.522513428879787,80.70571974892995,68.35012546857118,19.701093092417743,11.361676627537236,0.3197005341465716,-0.5943693246031457,-0.3461184271597266,-0.9803751724872081,1.379118133457214,7.209288765171484,10.475575607753804,1.0924500184553512
3.72253395470165,55.89895113429388,20.95075383990168,85.31514930859643,78.43060830535384,25.002556398244742,12.609808180975616,0.3762287723076946,0.24507564329939946,-0.31208962686224584,1.7378997530318312,1.2765763233050738,7.370427434791251,10.43133813281224,0.8875537924919226
4.9786106709710936,58.41293031942067,32.419316323227314,74.83613662925434,59.6623466152943,24.091424418137116,16.863224239623307,-0.37853714991612397,-0.14454082270041113,0.9963295311684317,1.0820901584736813,1.3699036685125896,9.117188999326853,10.967725561259066,1.3009675742483766
4.025475664715675,49.2780612363585,30.397946403694643,75.53526692566027,71.6414635630821,18.366397836670064,12.53321827835747,0.1818705293573395,0.5679198015428797,-0.40936277748365,-0.4307445214404151,1.4817419460407268,6.383267768677535,8.352270003690165,0.8690375684127257
8.79928628469941,59.7657935813412,24.417822335194305,79.53063748160193,81.35856009434904,24.00827326496633,14.807916936881952,0.47819382953742295,-0.19240247523340603,0.19825540708147016,0.9700469156176164,1.343478645105854,7.40121056731953,11.152900129814975,1.9190053676441117
3.2449114509478405,51.373459482356964,20.835602566863415,65.30127927227748,42.36174774911032,24.45695485399824,11.552609825590158,0.21049072211024566,0.5894248189608273,0.035635752166639945,1.7565687491085051,1.3961242036952357,5.774547900020245,9.690277935497953,0.7189235617948752
3.1038940944494264,59.827623666429105,33.879512173385415,68.60634504719754,84.67714738280547,23.71240914987892,12.564034645170459,-0.07315180176626623,-0.1741390857165941,-0.5318550593377742,-1.1235995316976264,1.5132735262273918,6.576846174509471,10.596957437970957,0.7267733871903587
8.234454850909588,58.331162477278504,22.9925027448129,74.80605331475581,71.41389178422241,23.163756896163587,15.591271013106606,-0.10635668571344264,0.5972250163152861,0.4507378850724906,-0.5898504110794693,1.3881782952499402,7.346702034229861,10.841253856788326,1.8509264809172012
7.532368397224353,50.09695990445701,32.08490150404035,88.44204904258079,46.08749158746156,21.296385704675952,12.114262156421256,-0.10686784889318096,0.3752795091451826,-0.632712801816071,-0.28941387467878466,1.2863353079760627,7.07291604226192,8.67570817219168,1.657876403809753
6.201929177038448,53.2646910832608,22.96498177943945,66.81652012506845,47.12297784812614,23.704041698102596,12.508394752986895,-0.14632573950813554,0.15867958597754916,0.43164866380262423,0.8125105807725688,1.4220129257278622,6.293368898973884,10.045731865654734,1.353323446403043
7.807345477728077,59.67793209525416,23.20711222307833,75.00133565585027,45.86396521829581,20.24129040819902,14.234497365575429,0.34890082541230105,-0.6442477006510098,-0.5794284588194183,0.40012111691936614,1.3613893350946638,7.953928498818024,10.465174944473159,1.7968268973749626
4.016625126619412,59.945476497367586,32.01504216096892,86.3581590934908,46.12367201988837,25.297211980155637,14.93040441015852,-0.034372304725241665,0.6328820466230527,-0.5751478135579339,0.8070425286453635,1.2308050691121142,6.559906096072416,10.973163529962278,0.9520215857746512
5.688457215300267,45.05083859282887,25.15647924610081,79.3106886276142,53.695406452500826,22.93742140089654,14.644764786541174,-0.08131577459712414,-0.20785654003682263,0.29211399926836346,-1.106840997779981,1.3236665717779394,6.07089752160016,8.269969174721865,1.2589529325481654
8.601226584526737,46.80737897785416,30.714825852740866,85.07409876403256,62.61786007380019,24.19373174964796,11.853789345421108,-0.05978189402992179,-0.5341789157192205,-0.6474819248022181,-1.5543896043838874,1.2824778501410308,9.00878703536479,8.428791557655604,2.0028360076593343
5.519008622260289,56.04703016894252,25.307159606580473,74.93404444509243,64.89627487455664,20.18992982611637,14.583047933475807,-0.013432712669361746,-0.44937663075561507,0.06478636456468068,-1.5255752515486685,1.4281508032838683,5.447304372614455,9.903241447609537,1.084460628934718
5.6509993554767775,57.27562698066322,24.70179193983056,81.27459404251837,78.62027078070903,19.958393285841712,17.197172444480948,-0.06641413758371922,-0.48914632401608615,-0.7149959790566138,-1.6493193734345126,1.413931926734421,8.664349058531954,9.876994584444017,1.3280364098845021
5.424010380741658,48.216693362561266,26.426758705319543,81.09809297514275,47.97232988744739,21.238306767856486,16.78249055999961,0.1237002102184358,0.5663231124125336,-0.199587361416096,1.0708213957707153,1.3258782270344662,6.112151447597279,8.551765167869947,1.157112244510193
6.607972289951726,52.11963646185572,23.835084451771515,61.73706188006291,50.8368814783216,23.80150549534936,15.495143336708512,0.230306261806279,-0.5153334064098147,-0.3975178833480907,0.7329363427022981,1.471093616018476,6.919210896290037,9.517968414253588,1.508667495844684
8.325847729194507,46.68701543788665,30.008117532629818,67.98846067552786,61.3466436386705,25.301373270252224,16.120217810311637,-0.16984508257353076,0.6054569804918406,0.6125048104944866,-0.20620022181923825,1.4204482324679233,8.026462768133113,8.817608363153463,1.9649243115495179
4.072369322179741,53.43759822176584,32.777506896298824,82.84420268800636,63.17346740423881,21.261589458005076,15.159754322227991,0.2916607088195837,0.0919471743207868,0.15607425781664808,-1.924388823216565,1.3560477994747062,6.316223374978423,9.495919476120031,0.8427041859210105
6.035477802662039,45.88396024889791,27.44563166085817,88.54701841673014,53.03382641309717,25.567371816320865,16.167847897556214,-0.06346077408214024,-0.6945731492787096,0.8236709013565817,-0.711559699593062,1.2173755553049666,8.521430819498343,8.810423520587168,1.4745302785090013
7.215505422475758,48.062239015466524,23.909837653477705,71.64238898282426,78.04185592317435,23.82810179164847,10.233505094329212,-0.4470692943139412,-0.25663470388088105,-0.46307209218387535,-1.3913645292873889,1.4316126162326124,8.974716218069348,8.756050222779926,1.711871963206028
3.8713017001453327,54.21948939181064,27.31567332193207,82.44794037048754,72.03559182663133,25.08124557718971,11.688847826241311,0.1456904794652698,0.35570682589648794,0.16232906583440987,-0.34460700313744796,1.30837519307625,4.789810022191479,10.157277266017429,0.8329173645293171
5.388985706165228,45.307164094484285,24.16617278210265,85.9932578958844,70.8387662026791,19.05104892303315,12.918127487741014,0.10465970369453304,0.7801365729647112,-0.6539062266611103,-0.23294284123034537,1.3545423544195256,7.64231005100713,7.726958144207053,1.189673306160312
4.822588669545694,46.4127936904184,34.03911919153278,77.25759464814345,51.403344569622554,21.066030304506626,14.910558480893203,-0.05139230136289763,0.1725230796448386,0.9661324741397515,1.794931058063626,1.3943113923561714,8.961559511664644,8.48846660515387,1.178524283723298
7.968928144943478,52.53324528897605,28.59717265271985,62.85170517890614,86.8351498306498,24.149940930650235,11.800366727218423,0.4880511019749051,0.628335285041637,0.48135492554927106,0.39872509817444657,1.5363904424377883,8.765674327533818,9.838606981609383,1.8589705218971544
3.369526851195602,52.13233998506079,29.23923424989851,75.78042515053977,40.621064879119174,20.897023953843856,15.748223356113044,-0.12610500475901204,-0.40580748319006044,0.7530053799110601,-0.7719400926377062,1.3799628472759706,7.060849469241318,9.444643942042335,0.8539626126899469
8.625017517278682,57.0061571462747,25.022814864592856,84.93926623822549,67.99789305988648,20.475610506792457,10.791846346444546,-0.27815986353270467,0.3605481793919596,-0.49908505637828326,-1.2191346523131026,1.3456002072044915,8.454368104043409,9.921505724299758,1.9095046637387976
4.92109863140664,56.189522568095526,27.891843602399092,60.802558048876534,61.66543867588122,24.49286186050664,15.979040745549343,0.48375710028732555,0.15039355836228707,-0.19517496187629846,1.3834711912270645,1.5010546387951345,6.673971503401985,10.350202510236834,1.1084796466553009
6.648713533179505,52.0402684814188,29.817864290639303,82.43116689964586,67.44551748066175,20.251268385308414,15.17520433383592,0.2868025271032192,0.3772937940165566,-0.7570386128536815,1.0166874659329914,1.3771495932064606,8.97105584663737,8.897980667718093,1.5446419656393233
3.3458080018209357,59.320967295664616,33.40199110525657,68.01881156057603,43.92143102056869,22.86789342683596,13.946827618373776,-0.444719457674756,0.538215539313234,0.14181731385373175,0.7742234642037578,1.4225173645191382,5.577671035223256,10.706816247934498,0.7327267930325431
3.463328571002137,48.56258590268452,33.34454337986218,86.60264543475975,88.21301504613888,23.244613128387797,17.400542531391963,-0.24649929641767349,0.18332688231209426,-0.36377137430477924,-0.6377884238286948,1.3633311856822434,6.275122268006323,8.571556603089823,0.8393822947263415
4.814011558972073,53.676700340070894,21.021841468969043,67.6550803725295,58.344047235223705,20.796462581400213,12.014049513824638,-0.44924297972631605,0.6022223126191049,-0.48524168956819524,-1.0400407278668076,1.4558711350487399,8.039051841598178,9.464992111116402,1.1874844797894246
8.322121759020717,51.25023537010057,31.417818179635624,81.29984527737554,87.98076727387945,24.73170647978564,13.288984749435121,0.49419175665969073,-0.6574496688348437,-0.9218733073337048,-1.1270475136698863,1.340411120438688,11.437304954558472,9.173753864187269,2.1054087906244727
3.0037991955676864,57.634614246999334,33.53077375491606,74.45006698287253,53.30529594669788,25.59039690400391,14.799954471728503,-0.10196356020068947,0.2992817637499745,-0.0750043631473366,0.18178062953213026,1.3434380037155966,3.6360966830984043,10.69080261937916,0.6258467389536893
4.042587582744019,45.14233610516505,26.03231487108699,79.3647193577423,64.34765307029971,22.347929561923735,12.705192386386688,-0.18163385237826313,0.6161496054489835,0.022212465335254672,-1.8447846697583987,1.3496471962360443,6.2208747848262975,8.13795512482343,0.891604367430897
4.549560258437902,51.05679244739835,22.89610847993802,81.35335954058621,74.97291778235235,25.523811753535888,13.155769148190801,-0.33940314698491664,0.6386780585713183,-0.8940273335955089,-0.5567433633102608,1.287233051567415,9.0597533577684,9.394880536647943,1.2020198262600583
6.617453045746251,51.76876479887302,32.54212926846093,80.32965550791904,54.41901236695468,24.79732291375447,13.11166955992357,0.0634164479139836,0.11584127961644197,-0.14439346900555639,-1.3394116084125414,1.3138661211592848,5.623131847023692,9.488934301493002,1.3977976655912279
8.839271912933707,55.21743590949853,20.73380998349843,69.3334950771478,87.82410597829107,24.97123859596784,15.221919779928996,-0.3077073110238417,0.3818142662992332,0.23934877040731872,0.4207027240330756,1.4409749639810618,7.050330007605621,10.501133128967567,1.9496487109547458
3.6346252613569785,57.97878632354509,30.75312657867798,70.69290351235865,83.33666168676879,19.180738171812276,15.324497075804555,0.17653668905891495,-0.3227385723831184,0.8470289651438643,0.8507389734377351,1.5562967619107189,8.312012671729114,10.304086408394253,0.8979778802873587
4.71057461131371,51.29347775340774,29.94034804734119,76.33991794728159,86.94291868653046,22.23345682445792,12.399856524498711,-0.178896976488365,0.21948576902703687,0.11677663344720157,-1.5914610500063784,1.4453831219340516,6.204144274852888,9.227119743969167,0.961904173217423
6.546618507099578,56.143940840874336,30.61427690276623,61.5940724448615,75.67083644662749,25.719873963086503,14.331789793972547,0.05567688537814264,-0.5521883914826953,-0.985906794687097,-0.6855565801325176,1.5166706066255708,9.066993317200088,10.229950869100554,1.6403578948847601
5.324087121701196,56.39432810035569,21.28894211308347,72.09453747185694,46.76478125317598,19.62671196046226,14.452333089159067,0.3374883217871393,-0.7358432253471311,-0.66592587080333,-0.26623350880291974,1.3995842464729689,7.864189080900609,9.788901630703496,1.2432691416049848
6.1611243539292975,57.39196844822458,27.793466394910862,85.94417621773238,43.02869216563866,20.883919714690823,17.701994680397934,-0.4440376156069736,0.29056268059232226,-0.6837257762966293,-1.7385743730244514,1.293730524656842,8.959240360230325,9.946026045213047,1.4574764931633741
8.574519262034901,48.161796744515236,32.71743430215542,74.39083480431037,81.54430891706843,22.495578544125927,17.2237107586825,-0.36582227509110543,-0.40916509932964334,0.9127184973981421,0.030094298891638616,1.4555807804328889,9.532940410858904,8.881029348433882,2.037626486955352
6.122738945013359,59.030963747587215,31.130285469164733,64.48155580027831,52.616665688481845,19.8683829355821,13.027549750157494,0.41750944532551204,-0.35847161625686913,-0.8251423187184675,-0.6677718770321273,1.5387501259366956,8.73925529153034,10.068823463565947,1.4713078646287991
8.809441272452212,57.203047790247616,23.217100722156392,88.34650071485075,45.511685699590004,22.316257392960402,11.120392497991242,0.1285449330864722,-0.5048665649838369,-0.6613488018898914,-1.0827686891357455,1.2375166215139795,8.3452684890222,10.2290529220647,2.042886432114166
6.916456396974095,49.31649095209732,33.17927696145586,75.3663530801628,53.129013095403565,21.030560942327686,14.024442948090133,0.4419159855689251,-0.7953679787221075,-0.5892401049207299,-1.6787697030675635,1.3886522735925289,10.213033061696326,8.473489261084014,1.6329470720865282
5.418276484541156,46.894145894817115,33.65310967253124,79.13789464626714,71.75796919313144,24.309200540646582,13.451773037889016,0.4523644819109469,-0.1663378139974786,-0.15361907973604794,0.17176122821866535,1.3536904509108632,5.752400626624331,8.579868922467536,1.1561534199920271
5.982235080385012,45.70879586100384,33.7202514641341,76.35670751635986,56.84797336555292,21.982692871372013,11.170169770176617,0.26553406740278296,-0.6299823195252796,-0.8627702232433359,1.3357822019122838,1.3850064612643878,9.834419379249955,7.853742046420118,1.4906965533149963
4.780258846745427,45.55768154244629,30.258560611896776,65.08082364059176,67.34256346730733,19.653957533023927,15.65848131171487,-0.03772923501296632,0.506079284357732,-0.5826406164868534,-1.4761613270660003,1.5733886600618743,7.830873512488596,7.759552893466838,1.0846257099186822
7.769786952680421,55.51434717234363,24.2793266492454,89.81647438590113,47.19206766380909,21.524690181003315,10.480594505389998,-0.1553365569830929,-0.07323125487073723,0.8518158844358856,0.2684361781597464,1.2646559967175275,7.651503598123328,10.273750095575496,1.785172806224238
5.298160893244821,58.74079843344312,33.25215948535779,68.91660798108344,55.24052319010764,24.98342376419491,15.623003030940822,-0.16580028010727732,0.43728831229475995,-0.8975205351113434,-1.8023757635480393,1.412678008978195,9.368875311023533,10.567560737514555,1.318647453843858
4.856408083958595,51.631466405730755,21.519571778166195,63.15507997270465,81.96978137822087,19.13194599069605,16.133925220809086,-0.18983026795566454,-0.5151077942396536,0.2837841329891313,0.3666645555846504,1.6147678173848818,6.056425294710957,9.164582636376297,1.056373345656671
4.286169368723128,53.01322108810416,34.80671003308128,61.7090688341104,74.54314004587937,22.043073076469273,15.333283660763614,-0.4791117335430263,0.5341428300615418,-0.47231908148259627,-0.9735410833502851,1.5767934999778632,8.013644308263194,9.246432155295029,1.0327023526020616
4.314191400826341,48.57446214820282,34.04144892339684,73.0441698857265,49.221099897534714,20.866203174394332,10.713685064385409,0.3420365095850849,-0.5925924942473887,-0.1976314041017555,-0.7348016949104088,1.4283853958051802,6.159515572697819,8.502541120443336,0.9247920098109322
7.310631288344802,47.559324271427734,28.982965828089576,89.01283209377439,62.15118827493754,23.727174828361385,15.72181531305118,0.2583497416465733,0.30286493961672134,0.09134506199698378,0.8466579091603186,1.2624312188238846,6.091532556779978,8.695350644400296,1.54394806350372
6.804666375318062,53.0907687714911,24.01850221649485,67.91958236184335,54.22376863189766,25.93811051644397,17.319015141937726,-0.06078385013736948,-0.6516207675253752,-0.8017264031609357,-0.47634783275219394,1.3948595651962437,8.116636760044225,9.81829018252625,1.6177577277031654
6.4785172485243985,53.32686054589187,26.83732780811109,78.86194873783907,70.11155464483099,21.529526511038675,14.30886427868894,0.49289174024431937,-0.4825370836100373,0.7900912228221468,-1.4514027813060801,1.3691775949337357,10.089145662663716,9.780491282549317,1.567464635817512
3.4287140413894948,55.9662461091797,27.219880913382077,84.8208450744221,52.19206569991081,21.492569705742394,16.411328425829424,-0.14854249090331995,0.7423381742499557,-0.2752406893243904,-1.5585876199169104,1.2948752222798017,6.699249151389158,9.937803673288098,0.7692841061806202
4.221046124231148,56.30768788154635,29.68980203176998,74.55556892693136,78.07740696950513,19.944466611807265,17.5570951310184,-0.002562144072179917,0.26304262553787683,-0.9285681014156497,-0.8200276398065622,1.4971383249561252,7.862989959862894,9.617569689606448,1.0474836567618782
7.773901909852421,48.00608454898336,28.12454201189025,79.20635303111317,55.82560258480424,23.070881161574942,13.143759344793825,0.37271182857373664,0.4153494696351667,-0.9622477350557785,-1.7689948423626023,1.3263498545192798,11.115897631708757,8.477074200813982,1.983708094831362
7.852091854792729,52.26710682164595,25.6363104955264,77.75034913497026,58.90767082851019,22.14525484214996,15.945438037702335,0.05215602020193166,-0.41713191796114335,-0.3656880371956269,1.3560620461797335,1.3685435610855041,7.295236543671193,9.311775471509275,1.7286697621334808
6.316969090124212,48.07659904981512,34.30894564133061,70.28304947921634,54.52894270638933,21.609451491576095,17.384338931205114,0.4633626492999706,-0.3889907797610384,0.756577946899776,1.6878467236767247,1.450836267280272,10.080758987514164,8.739163144729654,1.5228011482235624
6.41405541272319,50.533911341296466,26.501320836893175,88.27912306327727,46.92461253015556,21.33552515630927,10.805511218373951,0.24036637489940005,-0.3671784138115613,0.29022679335747803,0.6493683518803208,1.2678429085103138,6.0917506889447965,9.117244686206638,1.3658642544102582
7.520815764908818,54.03131775426638,27.039465908273012,86.96281134503616,45.67677384734176,21.02561812879637,11.836070766163603,-0.003696189243025616,0.6907641663384412,-0.8607886577830492,-1.546742430523016,1.2848302362449313,9.2702570919944,9.357909831430725,1.7967047939230103
4.546739653176789,47.01146661691209,28.629022440672895,77.50053260320979,58.715347312955586,22.915143110452433,16.25688622696007,0.3500954891768887,-0.0592000843681918,0.2741987680219409,-0.29676599090607914,1.355144279034239,5.492092723150128,8.662100684497931,0.9924244467613195
4.136520938948037,56.07242218912087,31.66756286447429,77.49211916893546,78.98313129916082,22.4109143621356,13.148764976733862,0.4753165711185523,0.010304801471719971,-0.6091578558143699,1.0858663881195412,1.419804896281601,8.006154733167174,9.89610380956445,1.0188268125325017
7.231235716831153,55.02435120595961,26.101643670390448,81.41666996765684,67.87801188341173,18.03375416937774,14.153379911024105,-0.027064742730857017,0.1916090573653062,0.5170323369718386,-0.5397130603501774,1.4281127510288214,6.452568778224864,9.657190585652875,1.5152058581297838
7.386324681859021,51.64306552237075,34.37605949345931,75.80087802110312,46.78497219435312,23.643052132871183,16.105160586006267,0.47660724129087273,0.7659613040944091,0.3409624887320628,-0.19900449559384037,1.3288064669322444,7.455484320164821,9.446557370713586,1.636856883812549
4.185656468122319,50.91755020867357,24.08095213942067,69.83090895902671,66.52368068599965,25.90223284127386,11.015787956894727,0.3460151230113293,0.020098758828593022,-0.9345722312767375,-1.3880505588514436,1.3879457836106088,8.910555400398016,9.446450037258892,1.1284582655415716
4.456851179324551,54.72484172117886,31.757519216875203,82.02110065679612,64.48946413678873,25.87541170395023,12.428518550518167,-0.3570303791289773,0.01573851359389844,0.11599746115164233,1.6599580308101172,1.2841323185255928,6.117787432820649,10.308549783945832,0.9984998338776505
8.109764938873457,59.87192104236066,23.848381809126234,83.10732577375707,45.80378106528273,24.228509463929917,11.22843846101013,0.42632472590936743,-0.4119771785472636,-0.6455987141969404,1.7934740290900653,1.2475984204762494,9.514650295535198,10.964345110576781,1.941095700788023
7.431832280203452,57.840189346736864,22.600313858783505,63.20977371445429,59.706972641328576,19.98549741039568,13.045498826862167,0.47584923924203526,0.011493921911408633,-0.2503962678471926,1.5741009184459824,1.5406550773535892,7.403118291177106,10.166501169953273,1.6222347109474433
8.313488514226858,48.293969519397095,21.31500293175319,70.85934096824218,77.54879759206767,23.79026706656989,14.170460681758339,0.35733118652548224,-0.7896733947759199,0.30482674078995653,0.9790213538673247,1.4052719390130028,8.634469200212122,9.029504831942102,1.931015070243443
7.20119303777385,51.09690392760812,25.86733863796759,77.81422470128788,60.06109662112348,25.097093163890804,11.935902768553209,-0.11572361317455676,-0.3955773358374377,-0.004618521063075143,0.7287972664220317,1.3145369041822879,5.326979527187879,9.564064992457899,1.465959166795477
3.890213436501271,59.60047520281279,29.844875175745536,88.48228861343058,50.264294741658034,18.513173567175176,17.153002437304213,-0.483319891796675,0.17792018377569419,-0.5102093174338858,1.7260679419404794,1.3228260287904203,7.8763907001899724,10.0601083928415,0.9123392193161041
4.7482966500787445,45.623454688780605,20.380449596122197,63.09954881256012,61.79074400938023,25.03646201528445,12.029075036498382,0.3902089882216222,0.12370465878593195,0.8108187338636266,1.1484760101611093,1.4491674657755425,8.784560896477373,8.87514504182314,1.253073644029638
7.40163134859547,57.961858058496816,25.227312007588036,68.43825191794758,82.74201751699896,22.078317503119102,10.143180597760109,-0.1622251550080323,-0.4417638904973818,-0.3162237384972336,-0.9408957398746767,1.514755271844783,7.023462062361378,10.402027103980842,1.6106156359461892
4.119570794651471,50.796698769803335,28.24203304741468,76.99108861015722,46.720534807728626,25.849173086081066,12.91557143897769,0.24432002200635827,-0.5085936980990093,0.6832896852551757,-1.4627743132054616,1.2867173866949,8.231774232557811,9.781277637385305,1.056183906518633
5.497159301852324,57.4211316413282,27.231059978615498,77.71151020625337,65.47054321694796,19.406681633243725,11.888919214438197,0.29259415400659605,0.3763208292503688,0.8969481295951842,-0.46517958247597657,1.4238840307671343,8.543374994686328,10.30167031829143,1.3175515179888369
3.0659336519498432,55.381893973943136,33.07441402696381,74.22162842439366,64.40583910899225,23.1999904719184,13.339519892081523,-0.41122056623323583,0.31756193372772423,0.5316267090804625,0.42775392847503824,1.3865486603158819,6.670528312614622,10.14374788135313,0.7431710809424267
5.140421231528439,52.280548179851166,21.806754247535377,61.11652417455015,43.4388758877032,19.006132624126202,11.102590513366007,-0.2561634592044071,0.2663871754720939,-0.4790191482180204,0.602289603095572,1.5455753256578901,6.492239557612662,9.011136614817438,1.1179921876426104
6.8396069740992385,53.39449972882754,28.43900386475394,77.20130046232012,88.66907497776299,18.429314960051702,16.254553184761985,0.09863121654708173,-0.6457216460893213,0.8316046944853055,-1.5510057817405336,1.4987162049296459,9.885827707956006,9.413547496795777,1.5957187841028582
4.175473471176417,54.35891696557516,22.367463841275164,64.96141458015738,50.49834776991645,22.4369381475641,12.270391040871274,0.3857930583556083,0.34231857190261916,-0.8668690407391312,0.7341383652561575,1.4469612705975985,8.37977533819154,9.687930956182626,1.087536554750261
7.9423865810958265,56.43150840862549,26.393477735001646,66.83752801053926,47.71269884025631,22.613522176728825,12.262465162008823,-0.18122813556567346,0.246594682647574,-0.14365341891010375,1.1186820019453618,1.4367618553612356,6.005416310833191,10.228558947457874,1.7266214904242274
7.205074643037436,53.55019709877642,21.78650724587422,76.80756610812986,63.54473233459918,19.37325922244289,14.852376583515133,0.24135613804367506,-0.473268599513579,-0.7176475284666364,0.16733239077689888,1.4125293515585033,7.9804926599539785,9.201420081076074,1.6331239018628312
4.432919165474798,45.75508963392872,21.40444699285925,68.54816783126596,84.35377821238997,20.490825825097644,11.145160136274654,0.1989008929869409,-0.5688259887300036,0.6427514967147356,1.639501856109928,1.5189271852367088,8.897739086706277,8.439495583173459,1.0843590810592099
4.945190068543343,58.82437329433387,32.070283341118014,83.60776034235693,84.40708195906015,20.427156005556995,16.761854295262157,0.40805997828469265,-0.009723197875249112,0.9866182237588585,0.04886145093561467,1.405923217416631,8.448777901178792,10.619752165628562,1.260554203482932
8.305141833105214,45.52222588336227,21.387076420280067,72.35032907926379,63.49086283058989,23.266684167130755,16.51976343406195,-0.4201454105565574,0.4890981042079001,-0.5395895366172001,-0.6183851427624649,1.3846295604156227,8.787313162670506,8.27992181181113,1.9670058701655366
5.6702401941419245,49.8288149300627,33.00446823488205,81.13745830291579,86.1918845777543,19.224836062336617,12.748142450490793,0.0032608693247511145,-0.2757080763837,-0.047678438125066,-0.4101003131240135,1.4683007283063412,4.676742970962829,8.508280296815787,1.0605326162402848
3.1857082518288777,53.98231971690123,26.097727220274837,80.51856739297511,59.69972834649412,18.73774430071195,13.130486106359207,-0.0750556465836903,-0.12899120010428622,0.8268232408657268,-0.062480005277014916,1.398748592379489,6.203677123137408,9.6117444848038,0.7835368356055384
7.48358800700226,54.73037697135077,31.730902716436226,72.55169582767871,59.108480410457325,24.32756329726648,16.726520433976248,-0.26600906002441305,0.42798699031424303,-0.39956573694742736,1.3320495608671408,1.3892192768261376,7.8906717953118415,9.924214919933513,1.6736289288165926
3.2940381053769054,48.757341007200715,34.50362966338861,85.19412016984985,54.85460653824074,23.634923005819488,15.680741511943353,-0.28442528522017374,-0.026062103535990366,0.3164551880306725,-0.6461157101238777,1.2809977750526373,5.351275814425138,8.935244575762935,0.7431621116429293
6.791363936202247,58.28402716923162,27.13474005241757,77.88756710196228,63.39287959386769,25.854361759054925,10.856859557869274,-0.1305923229358958,-0.7287459826429136,0.20511509140728457,0.48342632453743617,1.3105569090163516,6.086011266213336,11.093090337605904,1.4493554039323922
4.787226028432834,55.01563797960243,29.739550590518498,68.59275416962429,55.34241808245507,24.921982428969937,16.8704794995206,0.04316639790045873,0.5279399780363982,0.4230102152069173,0.38680890024985626,1.406001442950325,5.661621012936169,10.370441671497238,1.052550347280213
8.181500054478146,48.7346691148186,25.08567239801407,78.34139375555118,89.72088097282933,19.67668545306337,10.504418756565387,0.4431440093177422,0.6605647277860596,0.8430372149101373,-0.4899095722046629,1.449136779738678,10.275305841316456,8.863897678347291,1.996604218327503
7.783588913656167,55.125871773162736,32.73467972944566,66.27800743695633,77.48871057144032,22.329438323539,11.272695052405686,-0.47652431334396056,-0.34882516369067135,0.3434306867771093,1.352144032744567,1.529807116109677,8.35919405663247,9.947016794264059,1.7231241624072546
8.019310070229682,52.19792884786779,20.416077647684325,65.98836034342408,73.41427812411378,22.132532818619886,16.82147265140909,0.20613335499071306,-0.04444869896745263,0.562531142351546,-1.7926185252685163,1.5044444941227724,8.586774058173296,9.706460260966907,1.8531005961322107
7.539852983578696,52.201099375620245,21.526259461426093,68.31004575013242,54.267974068629684,22.826334883246144,16.664075284424435,0.2857368344464345,0.6851995002509284,0.06785237968500413,0.6226637354611859,1.4049369744459723,6.176341985041016,9.640992796462474,1.61139369379094
8.930632669537506,59.46600823084586,30.01986805646618,89.27955132936529,62.37936890056424,25.698934617576473,10.54543881899099,-0.354076785068937,-0.2581479972583164,0.08120568629041758,1.7885234541461874,1.231989713620614,7.2572452520681034,11.106794297335787,1.9777274790589718
3.1134345266051207,55.221682860685725,26.226095829157344,62.007113199296,48.1177462555818,19.096442077282976,10.421500629501871,-0.3332342947040258,0.04420165559237854,0.09630326234809261,1.1704251883707926,1.575349953811221,5.00411747646944,9.68881118193441,0.6630254892802747
8.727433207431057,55.41092201654461,20.273145334085804,67.08642916514512,53.99009325039694,18.72726097824348,17.51294426797841,0.1697110196234426,0.6653260196332078,0.5576424513922835,-0.7511569109116203,1.5061148386001393,8.047770752022892,9.90923191365434,1.9563330363041025
4.586549746240099,52.89378805123691,22.183470885880833,72.57511487122164,60.622940332372835,21.71240935082531,14.10209925265632,0.024036986858988363,-0.7364290852446295,0.6595914034663932,-1.3205466094085714,1.4092156121732584,8.003954526765758,9.755560635887967,1.1429560872502358
6.817095930105395,46.751433671615935,25.59695234236813,79.45386959471195,89.4520590134581,22.30590416691008,14.279015290252223,-0.32674516814243126,-0.5307211377763891,-0.9937663424562053,-1.6390827709576752,1.391364746025762,11.479819058309932,8.155746710935789,1.7694885256499144
6.506264156405901,53.17842068518437,33.91388250984332,61.76065841039981,42.7468215189421,24.38949689042101,12.735600042758977,-0.16632794756524255,0.0788291026014647,0.12078823577957665,0.9986692003212405,1.4792851451922129,5.07878975466966,9.751181021858317,1.3606936777504297
4.199314831820375,57.29485054386737,23.442742042974253,61.21573383766498,43.0540114963774,22.464795546497534,16.465870566343263,-0.10270577794396513,-0.0854100502335211,0.24452663415619313,1.2434173487781277,1.5021273047113635,5.1164443196984095,10.50219946811048,0.9281703258156857
5.867654592402831,58.76860216695028,21.873240259478308,79.29219957322377,61.40666247894737,24.274569340275146,12.780126391144877,0.08007471801777444,0.7189291616064197,-0.19632793470688537,1.5720733871547883,1.306251044547768,6.71020807110981,10.939392663836175,1.3036263784721938
5.276138055816389,50.4027178731858,26.86187885455331,72.65938102568067,50.067082563906126,19.949093057158944,12.04459267718974,0.37124116952865704,-0.7103547704222994,-0.8042629692843034,1.9965914123151522,1.4186566971269599,10.332008731908235,8.608307025598405,1.3181953482241962
6.095965327022368,58.866957868363166,30.68459031273501,67.72991051516917,47.8745691789886,22.97620923988667,10.906577754526142,-0.4333429300415811,0.6106445066384851,0.2774924210382048,-1.3580948246401772,1.4329298008632014,7.552373750830948,10.671066685979689,1.3173818409971692
8.608195606395153,52.771659975091275,21.21544824918644,70.15695786476007,61.72016613532589,25.788298813627737,10.43506572739226,-0.035254779621257004,0.22818158647462794,0.28559626594365684,1.7143385150947368,1.37983939753905,7.111604803344356,10.156322131331086,1.9292395311909094
5.739842008069259,54.92438171016357,26.93570718612818,63.60628315140176,61.74387482008372,18.78808389804727,14.639824681019597,-0.04117606279892416,0.07097084414162436,0.4772450651572342,-0.7763746080856542,1.5815097194163121,5.9748295006870435,9.653927921004135,1.2383113675007535
3.4582774110810965,46.32286728230707,24.22855554385447,85.51476905467996,84.20377227647235,19.145789921065568,14.787994770891457,-0.2934627447249046,-0.4868375031105777,-0.11677920030417366,0.41525009860591044,1.379549513632696,5.4356142970729975,8.075509935106298,0.7501835802253927
7.866371311463029,56.57032069984955,29.441153024479036,68.08472509900156,47.65475923548782,18.439156126926694,12.218423526393373,-0.20186248887618852,0.4176154448570193,-0.5416439592566273,0.6035018565950372,1.5014856982041196,7.247031912211414,9.560558094071306,1.7276238328675317
3.8346617014751603,54.29619868663683,21.180536962159824,75.25525383161025,87.54286588149226,25.707053493286725,11.428381125078973,0.40123176985593323,-0.11271691483237489,0.8301624607152516,1.447184038665232,1.3655836071387024,9.260909357650531,10.592039631632664,1.0533413645976868
7.300812967560322,57.7861168252209,23.697280364161468,80.31468285149825,59.48940011650387,18.374530183981324,12.016215787775886,-0.020408195427512654,-0.4994251648995919,-0.028084048780024018,1.9401144043450804,1.4085231016411979,6.07834347447947,10.010895693545034,1.4558926769508018
4.3181619630208825,56.37480150630027,28.52745596830858,67.36686798906123,76.23278844551535,24.176051558001955,10.93805674389227,0.40473123472628114,-0.2828583653091227,0.7992084842984666,1.2192973217553322,1.4701263288718138,9.00740290087406,10.63121443033687,1.1070994155316296
8.346776600671465,49.45355935074113,26.74611975315572,72.91976089764198,40.07526667114205,20.92339187594268,13.681705925016242,-0.24576103345738293,-0.3998912543604325,0.9066438863075927,-1.135349752573936,1.3735669369964907,9.790751289409137,9.095674304117306,1.9882255707649115
6.400638766307866,47.341481776194996,23.59402345936956,60.432605480049105,49.79764112206369,19.77715306899954,10.462628748240533,0.2767797821170159,0.46545080168290665,0.47441597013972747,-1.878804037789348,1.5619697016139646,8.519289230596202,8.54592364148324,1.4521422747255748
3.9227661640379785,58.79254882285227,34.949524200141255,83.27077901410584,83.94180371356775,20.208085405532962,16.206787601186555,0.19352612621932164,-0.3434540387449687,0.37505054942592664,0.9530077664734096,1.424071176396647,6.539572693504141,10.365514233893736,0.8735105998763831
6.441345578314996,54.599256533006965,25.437590082571017,79.09664993831964,44.971220391951945,22.068614850055834,13.225241820305385,-0.18453081357557727,-0.36544791055862497,-0.21229100015041902,-1.5150980344250498,1.311009918992177,6.381362056994769,9.779778548333454,1.363897247952335
8.24344076377196,48.02493576592691,34.424289074827804,63.64169229453478,65.34064772102744,24.893346286989342,17.059863135458492,0.4519250182839082,-0.6157810076681057,-0.9017553195861577,-1.016806179867341,1.4919923954036576,10.770844762086764,8.559102282220922,2.051089404059332
3.3350899838246995,54.75609922436955,29.060360576610414,78.88626693829073,57.432906059628976,22.474567547058175,16.94320181348347,-0.3891622590586358,0.3953108259692224,0.08810023355361407,-0.10020739103464682,1.348538972478171,4.502826727508509,9.891625319191371,0.6633891091717556
5.529900334056722,58.60728241265207,23.063762755683268,77.04510165201448,61.8900783309058,24.749323122119463,12.249271016663306,-0.19175722794297595,0.3092497659694722,-0.7031071498053677,-1.1598918958203668,1.3203338587450604,7.972768215393049,10.780266282821126,1.3813775006909348
5.941074543163123,59.88306884295602,31.478479954584802,71.11814778038818,49.95176594808824,18.12323009593281,13.357395156252359,-0.21576870512309876,0.371973221826575,0.2099534513512351,-0.047018949570448054,1.4802508197084259,5.084817567869379,10.263958685468085,1.1668520688110795
4.890616928351761,51.15731052387932,20.31097939621997,65.58251598517047,42.1252916080055,19.57706514145432,10.876019129289789,0.30976037796959277,0.13271862691260772,0.3614372063109852,0.2138066982157456,1.4800317122423032,5.618452071220189,9.206299463695743,1.0490241990244535
5.156763600297129,56.908541466975166,26.812339644223442,81.5606138932387,69.90858860908926,23.58873775797656,13.839127584184554,-0.42212283859270117,-0.6854681003119729,-0.8652794573555204,-0.9901359130146199,1.3173927738066225,9.657635430453524,10.148230345588154,1.2866968806466317
3.8564274245737487,56.965285185128224,34.09919269756684,80.2716407551657,76.25313496492794,25.598387342501738,16.404252739365106,0.049188103625073754,0.14513121415712238,-0.5772575657004679,1.8722667578634815,1.3514880068020998,7.464400044453988,10.36850818319503,0.943683081652333
7.145886959074129,48.98343857017033,34.48998086870505,73.18606914490076,60.707390559146305,21.292632177714452,17.534430211452737,0.3616659463918609,0.2976178625275929,-0.5006110967502069,0.7111785515427211,1.4393609395297786,7.7240343993410425,8.45859803256665,1.6154257461839767
3.3379838112037903,52.592262921851365,25.03290016479491,85.7922159491994,88.24727652548435,19.828274391281784,12.05410339785435,0.048378458577461925,0.749309781219482,0.2521528052794888,1.5913855984021175,1.3915267448312358,6.758547059166695,9.353676869667447,0.7388142343302053
5.776799634992008,47.50694214198298,29.69324742181233,82.32393933611185,61.50764551326348,25.843302835403428,11.435575230879806,0.24643822742668875,-0.2065756560590647,0.8209449830239224,1.1661706252998036,1.2944434094518742,8.759816454852022,9.181362428826791,1.4489984476980686
5.452788037131558,53.20724346494113,29.117560984955603,88.1976720458222,85.03782108133555,25.751481792667782,17.507009727945732,-0.40443516020426934,-0.7185921143190371,0.19460155625820952,0.30799854376467906,1.2683806698599913,6.814539316973537,10.036720577202448,1.2305686741418034
7.566802163301646,52.43159263568307,30.431376552432475,83.95151533781326,66.45271443918142,25.358773407349855,17.67258364026469,0.06736200461364239,0.23257822828734764,0.16287755251065938,-1.2924464377678389,1.3016752650445211,6.256930023040774,9.800274880322602,1.6462310875813067
7.580512899966073,54.37233913954437,22.246197130338075,75.72755218332063,59.31999186347787,18.235346009378397,17.420757020933294,-0.04815044842385252,0.5642547850134445,0.07790711945071593,-1.9954457293865813,1.4447916739759148,6.735715575906299,9.490073800441184,1.5317242792110244
5.853083008462773,58.46543875990129,31.45169303980913,70.94098201463191,76.4575284987478,25.236525844798837,12.808012451304162,0.329978322915378,0.37847217103044595,0.5532333242455743,-1.5455808215665565,1.413929925083488,8.696192224932325,11.038799445667134,1.3921035824416341
7.350231245472387,45.11058302702707,24.869042287088423,78.42285985743575,51.39242524006724,20.754354335098785,14.25176490338839,-0.46966450200486537,-0.3812331639264386,-0.050148905005405475,-0.1253433526653953,1.34640957283468,5.9025851080168525,7.994947833927938,1.5304695897722709
6.482651565135157,47.66508811339455,27.54077708451705,60.88611437101007,81.20073805486757,25.415373758905755,15.501621620948399,0.06838948127332045,-0.08295847532502154,-0.7655781642962609,1.9480485602357378,1.5387499378878076,9.114960432252465,8.732253125777959,1.5724844260681317
6.8939149635676,55.64524163270301,33.1220338360538,78.32607014173814,76.12359231952031,21.27468093784658,16.723692130925194,0.17789184900305177,-0.03285107798520126,0.6881887867669794,0.8763247365286841,1.4356030193240037,7.717137462226905,10.012785805582311,1.56998484058324
4.013227326793548,50.42421798182348,20.56981737178407,74.27308686917414,51.011528431433014,22.39812950317023,10.771271132782868,-0.48493866383967127,0.04104134636914425,0.7165050642407833,-1.7141610021832734,1.3619234984460193,8.78732842688695,9.451232988419697,1.0320970044511264
6.030647472671783,52.38177641911642,28.371002873224853,73.98807923036802,51.637462356025345,21.55652440547683,11.256716906136555,0.2841521738729871,0.15414919422705964,0.48708755316900776,0.6145151710719396,1.4033581762921767,6.682501561792879,9.519436957819595,1.353170726737176
4.964385180716956,51.585281826340776,29.546001161721453,64.65471562226702,73.01174457134556,21.902314552648775,11.664352353833593,-0.20890017298562003,-0.3504812560465368,0.15399004786386916,1.7738909905809517,1.549212308842356,6.716184928321249,9.266317694968336,1.0501273177044808
5.2161547837503015,54.0051423280572,28.331059435357353,75.90723676478827,62.23723995877912,19.895450030344772,14.621619515005925,-0.4772671607456819,-0.2736720340428449,0.040571269746412675,1.7823728097265303,1.4197710187586678,6.783993770948224,9.454462166770426,1.1322885615157736
8.895758537536729,55.33262130371352,22.79130726617609,83.23508810748586,86.25832643260266,24.77046715087068,15.318349896239859,-4.263980629026776e-06,-0.6488269429898644,0.6380003963715102,-1.3455069709020029,1.3253292343193945,9.008518313385048,10.622242467512786,2.10889799438759
8.265412805795227,55.28164823308854,22.755099114922952,84.9460073626552,74.229980302425,20.58852862140551,17.97634992236049,0.01884826781301141,0.06656020200573232,0.6328581938265876,1.5868922069547224,1.3703618004129217,8.124177734198277,10.058667896708934,1.8474428442627275
6.9713951532084195,55.63199294647054,31.815271169697724,81.54767014438264,44.95455990174951,20.33241608814617,15.534020614633693,-0.26490431687751254,-0.048028804312955975,-0.34034563379849114,0.8859580311706132,1.3389005689759377,6.168005091144612,9.61803778192903,1.5021947033312077
5.698326401955042,51.23305321605137,33.49139600359982,68.67504374438334,62.343064327410374,25.614007454849123,12.65688370071592,0.2571394759933987,0.6791029191792748,-0.9096596961132302,-1.4965899922814159,1.4093413762963873,10.24169096625089,9.22949292629005,1.494518539511358
7.504458350253769,56.48267342366423,22.42746230730349,70.19686819034459,42.15123901079982,25.070838272644195,16.957924030622713,-0.29472473871498506,-0.38691888179234635,0.4482487131837545,1.247491626558713,1.3354675211567502,7.551482352539555,10.81909318171398,1.7564918897019188
4.134550504067863,55.088997861828595,22.688304438873754,72.30734448812666,70.38179435429825,19.287656770594577,15.110460801615876,-0.09926103388490332,-0.15870936838044325,0.46338527674675567,1.1583265642682061,1.4822504114179853,6.323208394601966,9.796874699779615,0.9093937994570935
4.5625054449511655,57.143973619406374,27.742529939983342,70.52241939316356,80.21422562861021,22.758144267592826,17.933457393068103,-0.4515552200189694,0.38701561147870045,0.7623917964286899,-0.1572918637938021,1.4739556553918003,8.201414539050157,10.599784788409858,1.1511733038417946
5.488473495072766,57.41122332245348,27.208690614366315,72.01514880477755,71.7044697036229,19.707478604832296,16.524366039911524,-0.3912058423721355,0.03815780889857068,0.21151429542176303,0.9930371740684434,1.5102691784083095,6.0904514735766515,10.055615274943657,1.1488843566208529
5.386896231186482,56.59270537799109,30.059309217736775,83.49270198343885,86.60657603274251,21.92118453850415,10.431772023223218,0.3528581050265419,0.7708409103823441,-0.7197484267820299,1.9429876001772786,1.3811754519550257,10.471225403003427,9.914598314410087,1.3441276395406263
7.966357014392868,52.10490731151199,29.97360359803507,73.02536165418536,72.88090873935064,20.691532368507985,12.323843138657388,0.14192805388487262,0.018180695161204574,0.7265551918399025,-0.5600786579838544,1.4840349742743169,7.599066839660727,9.397436034617181,1.7878911207933328
8.800954323156242,56.924217811325754,22.88239490514547,87.89677176444818,73.94685834116586,19.69210594639103,12.411029461049267,0.34672739463612456,-0.7591514417848372,0.7786589677053768,-1.9992863810085588,1.329496671469643,11.174330293216594,10.365022325480263,2.110240210870043
3.8608186515540766,48.83138339558135,24.917448614654894,68.74384582908615,89.40717537948998,20.275495941304385,14.324869497841215,0.26390020727239594,-0.6915508818637505,-0.9588821023540248,-0.3577935330921933,1.5264416402247982,9.302726028001167,8.334059733785192,1.016589743677999
7.9000245167950105,52.01821250066498,32.09364121067211,68.3838385640938,83.07150922468836,23.921674675841967,15.0378576492425,0.13372879846913577,-0.18377148880999594,0.5467609129365989,-0.7918350852921561,1.4862612287074135,7.668808702992367,9.689655466482659,1.8003669818976054
7.559644848676703,51.22583494939907,34.17230940075462,68.03237609672682,63.74550910118319,22.66849922366229,12.554367723942786,-0.40540193506095196,0.6273463876522059,-0.3316035406091644,1.1856533364227557,1.4746251887122437,8.194560032911907,9.06722413620236,1.6498990176998518
4.84908222485933,55.24607403080739,28.359640582688705,72.92584844089968,86.55457258137234,19.062121735134326,12.141344190428747,-0.47188313317942726,0.20194526861140893,0.8027513746920121,0.831201496689459,1.518867486285039,9.02926889749053,9.749092216825614,1.182329468903167
8.41030974160326,54.13575291730196,22.1247247940343,77.41703045989902,57.79469999710469,21.156502322621982,17.116383187956743,-0.0777410125354937,0.27169375257398554,0.5072230495125503,0.23874367148581888,1.3837387713050042,6.48127167529799,9.894895086143439,1.851401421636316
4.299366026389853,58.73754242366846,28.195487180010492,63.89147019191498,44.58534610609084,23.683991311038064,12.49436564500536,-0.06304687954546051,0.6585608667775549,0.5960131991518323,1.281863287372865,1.445879615124317,7.291408852135146,10.961305259017678,1.0358500518279137
6.486826317841795,46.566366080523096,22.22826567679685,70.3780120912489,56.57020815517755,18.42416094805494,13.076511034147437,-0.039706263516629925,-0.29591998508227035,0.36440832734841955,0.35250453847198493,1.4896841686342261,5.9166338562111305,8.188279227614569,1.3337111177234813
6.964602935484948,49.0044812241375,23.056774399428416,77.97477812785081,61.92395756511647,24.127098080439964,14.881722322112347,0.03202801046734227,0.0363724560608405,-0.75066820720611,1.1935355389752864,1.3400752053279041,7.880329664745611,8.91386596881625,1.651364244435542
4.745575987779555,50.364495509616845,21.72163481606877,84.02430118067613,67.60983338648461,20.891312886872313,15.920915661953956,0.42803826993227434,0.396500897241697,0.0533656974558272,1.536674074358427,1.321483507749387,6.781434409353629,9.06629632963768,1.0078867927761737
3.1972327225968096,46.38246713119549,29.120903942644183,65.82162169730614,81.42130693292391,22.547277690552182,11.414068330497855,-0.4633639706061641,0.6832121842215035,-0.0640631571451531,-1.3191197905174339,1.523757778413387,6.81734006012279,8.321465868696148,0.6829678745730315
3.4271328049643115,47.846765406792,29.420676049098482,63.5734967297344,80.01588222495128,18.34625751878752,13.560846656826778,0.20813293056583504,-0.3163687656493463,0.36591627642131086,-1.873487905313965,1.6417423957216801,7.499499975616638,8.344014738397192,0.7647518004950666
3.1735334511019664,50.762525854623924,28.970979425909,82.9516667945577,69.87154757410143,24.837502063202646,16.048483560047814,0.45663713678313267,0.09130657549927312,0.7576828074252975,1.7225501296053736,1.2934651963029369,8.905854280986963,9.715817601463485,0.8432995773332862
8.163466188511013,46.84668619057055,21.63482463418661,82.52849481927736,56.27357171406005,22.60437143486855,14.079832018531423,0.477780848400414,0.18721976129931195,-0.9130626451706922,-1.0621924356992825,1.283495991730199,10.267612644298783,8.341752467775832,2.019170685797003
8.424221621854546,59.10650854498033,28.16535847458129,69.7972646186925,76.04315420767625,18.567033356540776,13.323106165826577,0.0730129420779807,0.3402255742059106,-0.21921741326879962,-0.1383407060079378,1.5485393715152607,5.524721077364416,10.130355862030523,1.7016737678851455
6.454497609527159,45.077841445474334,34.64314051453799,77.35587392948503,84.32547946969285,23.13765966880253,11.480469239717095,-0.12399877511721558,-0.6943905915880055,-0.4133179669682969,-1.78110612900613,1.428565950465511,8.543629013491898,8.00477400666567,1.4521223227950941
6.4328604162247895,49.689344254416575,28.578402411410647,67.44835385621428,68.67308859451468,23.19265187038464,10.823526351736588,0.0440215608911485,-0.6259971159900446,0.32255031273193735,-1.989459832550895,1.4840972651002524,7.749686908491234,9.152403661803882,1.4389272759177016
7.555424353623823,46.93086273306116,29.616357365545376,82.40492194477827,66.19539976257462,18.352435293892054,15.85825557880275,0.2042605249283238,-0.6831308294721066,-0.8888868170055224,1.249904646315935,1.4027962761884332,10.374300940760435,7.730522304394472,1.7752575576115248
7.3627818037665085,57.71505017268411,34.91094366108463,86.25365543750762,56.11839866305303,18.674339554225494,15.062184463300897,-0.10055832163277673,-0.37726794141681136,-0.4832419717683414,-1.4727863576682079,1.363584739294417,7.6625834566579,9.684586858498454,1.5711770772328186
5.888261519395829,51.52666175033659,27.510271637217755,69.5653694350825,43.79462807573223,20.205896497260543,13.16013999807065,-0.4628273735577698,0.5731083062246687,-0.6690247521558085,1.4122071523334672,1.4231951149423123,9.161895386347583,8.841494036859736,1.3920236141478066
8.754597135668742,51.34445222167427,27.975655587741837,74.89187746148464,53.50945264673721,23.365658773300787,10.931212137136033,-0.08255345078068066,0.40577254144425323,-0.2799185569763766,-1.8918317879828974,1.368104825071032,7.54833969042133,9.31918494092008,1.9249352848196142
5.733223046836054,47.838800601377024,28.776586251736816,71.7823019524621,57.11162629090374,22.139240192207637,10.373562774678014,0.45070837079764725,-0.6325885655230609,-0.7166236966997698,1.9259068240515194,1.424829863189444,10.34475779916181,8.417421980660885,1.44478092714761
5.992037771684069,58.93867010315897,28.64016319849278,62.47210162431413,51.72345117061907,21.105239844162544,14.401326839640134,0.49873781105354675,-0.14340279474303397,0.5855340830790643,-1.0313236305515465,1.5137637201359218,7.8451186476688,10.656857462217987,1.3953620498117218
7.466089856280904,51.49816385384053,21.266965208653026,79.92763776533019,47.832810523873235,20.379201100830656,15.778283043569058,0.08511326884273918,-0.7144885824044869,0.3353747827670044,1.0439733973179184,1.3241850739318077,6.952558407302903,9.329329031570621,1.6330403781976288
4.864474862427136,45.79029318665276,28.63941418644782,80.25277010540981,62.642367830449416,24.067450469381818,15.639653727301832,0.38527359492116675,-0.4970060388532228,0.17323222517175152,0.6740011110887969,1.3103495096269904,6.27796888550219,8.492673941846961,1.0820192413486711
3.215253405849933,58.43134023059412,32.28487824937711,74.1334634869448,67.90058128919378,23.66023916333932,17.707361925525074,0.3384360179924891,0.025573174573903734,0.14752351932225283,1.318912515970926,1.4178881689572251,5.710012240555391,10.663197361252076,0.7182101288222986
6.676818704148554,48.656007229215334,26.00311921932091,85.23749269401404,51.898822495153304,24.189242699729444,12.082940591145462,0.012874859815924622,0.08932061313185025,0.8612337995519874,0.04003959312910199,1.2668193935933691,7.0025709594596295,9.27486032693968,1.608022361059641
3.8391232001493347,56.235762157449685,29.920054905263193,64.22537601560306,48.28921862429512,18.682440406945975,13.485329010665595,-0.05217597654621925,0.7611376202034958,0.7742503900328235,1.6688199538761017,1.5525797689753673,8.529077020629774,9.965814194504592,0.959502440945835
3.243147251603996,47.076107420009826,25.191866217878225,68.27783498592304,87.26535662897584,23.253824515367892,16.685620062904388,-0.4306564116820705,-0.5897315326483858,-0.05315751171313288,1.7732740873170822,1.4854109722753974,7.2240655336881865,8.633093877313291,0.6963548571529508
4.993929475035674,53.22449741680131,34.11789458628984,71.9914621376279,61.936311918232505,21.760318093107934,12.982084051832665,0.4324611487948503,0.7116749106139975,0.6875557898414009,-0.24093852981013453,1.4289092097960503,8.386449077369543,9.649201337825229,1.1885726918482906
7.972676657645378,54.99756417137149,22.71399559687879,79.43495608456372,82.89013430614662,18.56289900225901,10.270743675126747,-0.07692582894759259,0.18865924209219176,-0.6172291629833871,1.7055014412214407,1.4671060156241122,8.557620685895335,9.383951053201217,1.7529283811596454
7.844803811028024,55.72559470954881,21.945735380541883,62.637997235496684,48.33076619537489,23.747240472941705,13.295222438617191,0.22031003988113484,0.11703497542158081,0.7120094093234888,1.9246983137379252,1.453285897564605,8.92584921891588,10.646214644859024,1.8759973629736404
5.4582663158077835,51.26039487695846,28.02017364892491,86.94183256452257,43.505133737991855,20.146421771388066,11.73893688470954,-0.28061127626971055,0.20337444882510836,-0.9043409329466933,0.33867013858706363,1.2949203264500062,7.994943195499369,8.720470834718345,1.3456061689958236
8.829050400842657,47.954901411156676,29.18289747936327,86.53166385965613,79.01272339694583,20.555487822706187,11.61843688154436,-0.42347749449022276,0.388624973143586,0.9078509591299131,1.2956355957778607,1.3526368003691736,11.03129228429662,8.667380247023306,2.1137802420675875
6.6085764287636355,58.94334937372774,27.05599277145545,67.12441939327326,42.421218283763494,24.341701038427104,10.465314350115046,-0.018485555738021353,-0.2537548972802285,0.9721286950389947,-1.7646221718318498,1.4148788762871622,9.12574740952203,11.243481204690593,1.6562397161346514
3.72522020300985,55.16140985866261,26.751118065413465,87.9909841706426,57.95896999815632,25.96558916959576,13.604997242814733,0.38337843439186037,-0.6636755439011395,-0.09688078131840105,-0.8844713483116837,1.2077158861878814,6.123711796222883,10.389129424559203,0.8135550614933086
4.306728758671039,53.75550812602624,20.761682460358305,66.88429709334632,59.97561623991214,20.60244420378166,17.498941301246937,0.39123941172279075,-0.21353074930645988,0.02341832649096598,0.8141188913008617,1.488134936008769,5.043595534537662,9.69364105539834,0.8834224551287578
5.615923166510612,47.622846338914194,29.47323365778463,79.540373257738,42.02901456501063,21.47024031583021,10.757964817784783,-0.24236390177045475,0.45243685669380773,0.35448052882874137,0.2634757025976713,1.3438204973761507,6.082910581709843,8.626014584420538,1.2286123895089307
3.2966340224991537,45.8114489771024,27.784378309460283,84.70619183605902,66.48571200126483,23.382061585914553,16.389966656138554,-0.2776102901592066,-0.3969449779595398,0.39353136387267873,1.1300235900386237,1.3073797526659394,6.7416681704442185,8.488812885000053,0.7843543483654498
4.367798194195765,56.85062066821559,27.801755201982438,62.570891867809245,66.87867476750371,23.27791783579753,12.066483743447145,0.4611105573222173,0.29306892907664084,-0.4144833995743892,1.1068527844576952,1.5117801850094634,7.38814765436559,10.237015215956525,1.0121115849294617
3.4807735946967986,56.935123347671194,32.397259871276596,68.69779382080428,41.832116318800004,23.0514081542286,13.493025591933321,0.21706567508293817,-0.10925454168668802,0.9474759328852103,1.5529889581747134,1.4162832388568976,8.53131647448394,10.579548021977986,0.9220551362527901
3.5346213208762762,54.53615077655465,26.65516171800477,78.1459569988219,55.848703698604666,22.17101487247321,10.24209857678796,0.06227280084293363,0.45416668162658125,0.4240155021654861,-1.9128943991125875,1.3724222729401059,7.067554509940091,9.988670217699742,0.7943065973234243
7.674786274639496,57.70977032629331,29.02509317608208,70.45947474529397,57.02445064844929,25.639585563817427,13.914559981071127,-0.42788534425551283,0.1082551804507551,0.5434717399290854,-0.2793160866465956,1.376007724671265,7.448795310610679,10.953790185001607,1.7940657773597044
6.4085214332864116,50.28508122701937,34.78449559099936,79.2214666284592,82.07371113014696,24.144291653083897,10.219692366686731,-0.1374408821014017,0.39215787671652724,0.07564830896277064,0.31102466383226135,1.4124341593298178,5.247288288786529,9.185862030717123,1.3466868059104817
6.218139186476727,48.811435451862565,34.14916136895221,88.2430250316072,81.8794683347356,24.367673631732316,10.450690669479883,0.1559575760190729,-0.34789761371495925,-0.06540763438338382,-1.740514564577482,1.308680478676775,6.625568507962227,8.881839326665771,1.334624774909347
6.2257849057770045,56.81365568940994,32.215376794078225,68.25738278570446,75.18753414495636,22.185061913009946,14.827570607828143,-0.08051364585147008,-0.05021183958155451,0.31936922232706255,1.6985261424724754,1.5219721260621415,6.72112784146902,10.223463243134114,1.3286976031492075
6.555610625368921,55.00838760180477,28.76847746474865,77.3690664238317,57.358450548186156,21.075984684448894,14.26077874311807,0.36348065030127075,-0.16778617493375125,-0.23674026822135097,0.5666792304429045,1.3830884412291995,6.134618178732015,9.705958417944785,1.3931715147812969
8.472246914212029,58.51367660010237,32.17635984585389,70.57785607493327,40.14408671476556,24.518551142360366,17.835114428277617,0.13053026193990935,-0.4033346160805159,-0.6034195730968778,0.9350582286982152,1.3784363237422248,7.605514187360118,10.570659489188364,1.9174851357213076
6.931204584201389,58.80684620352554,29.379822086059697,71.66247147967928,83.2450615474679,23.807050735959933,14.55942113738934,0.3743739401528492,-0.05778998971297944,-0.032463537438120915,-0.7602752124695684,1.4486505198661623,5.6722343116681335,10.783785837021455,1.4625577915016374
4.45024088390017,58.9862046917827,25.47340661102117,89.82192389195376,67.04564276359989,23.09305845720779,13.855099358889612,-0.24857077662169347,0.2997865943124707,-0.5964779892146324,-0.15375352295430145,1.2730026267263714,6.498096582985925,10.617432571053946,1.0363252976160928
6.468790459690872,58.624210733988775,25.560312882729804,80.23151228154094,47.25007089746935,21.04902101304022,11.964384232744617,0.11909331452473637,-0.07031929229736644,0.4650447286054853,-0.3921460184218908,1.333471525156863,5.52833843521522,10.629724888804496,1.3952988451088673
8.491489204261208,49.74266170856038,21.49464508682158,60.98471982937989,63.969371998769006,19.383958332203296,13.94487945984032,0.20491542012725006,0.4199594661060515,0.6944797117094064,0.3259681522935818,1.5898084625561157,8.234953761615483,9.018984316287616,1.9226073902861083
8.708824502754304,52.361383898735404,33.95315394319674,84.86793011120156,79.36603467735117,20.547835581892574,17.69269171812837,0.017600046043885986,-0.2520147588334025,0.44337858992422396,-0.5457282139421877,1.4164890513120847,6.724586764576936,9.294571143162432,1.8078937642252637
4.615199169367586,56.753703700731876,22.773265119635063,75.39803085340807,80.77105586639146,24.420131234787803,14.132869656044038,0.21928160288982768,-0.0604079110389345,-0.5604970038472783,0.8687385563821923,1.37292213109992,6.956720029794437,10.455203253006701,1.1388172897057125
5.105855928335057,55.17193094926789,32.82816301308226,71.62244649791546,84.06427961290382,25.15850154715095,14.650726059479883,0.051603562805710324,0.25157025194950977,-0.2937457540585652,0.5773379496037876,1.4360863522147918,5.541357859866179,10.11508360579875,1.1093984010014313
7.15135660982633,50.203687718209075,25.730269180608538,61.8666650944401,48.59178008374603,23.031962920979637,16.841101267975688,-0.0834499551343374,0.20023080004457916,0.37753904004673045,-0.4458354263165347,1.5003760885278323,5.86640173363683,9.314997438494306,1.5378580420209904
8.289202038627863,46.49946587158772,34.99144045057672,60.64153757627251,66.0987727219628,22.34235100389938,16.038961988588454,-0.3691541274149024,-0.10087415675554579,-0.3369984591866595,1.9539600239495258,1.585264586545403,8.675656976123705,8.14570209397199,1.8624411643514944
5.684431818327499,59.57786308194943,34.31410245714638,70.17412422088823,43.83190690814501,21.821579292649865,12.865071295908317,0.36002987917874896,0.042084346985314935,0.4987406854170586,1.916983619722454,1.4236378171563733,7.870190771776455,10.771808701404854,1.2841052970913096
8.279911582466209,45.43719115395769,31.431889439877068,69.15402293402659,83.82679832999963,24.340217523001478,10.667715391020584,0.33676575552661214,-0.37519711794471855,-0.19200957024816834,0.2714904661507882,1.4787315243197983,6.987906874738141,8.293891257189067,1.7809120411027393
5.801447253982369,47.292119890630225,34.57337037125999,81.5983105903519,75.02985346140528,20.435101121829927,17.29789321311811,-0.41456257550156933,-0.695518996830721,-0.4540379712478534,0.7220499539224701,1.4017528466473714,8.265124205070203,8.06291871061101,1.3017166431465712
8.380169363791918,54.10767629095972,26.854915918057863,72.02347484105383,54.19552939631864,18.906803666666928,15.898962957801837,0.16467123142750917,0.7581823324701327,0.926821547482032,-0.1785123511451896,1.45327134463747,9.045505068929629,9.710096636870597,1.937842108228265
3.341301420319568,46.39910231114729,29.960474970903853,80.80276111596359,40.83867578235005,21.19120915018778,16.460047471556553,-0.38460524423256814,-0.1505756107031575,-0.9176578298389537,0.702159487035205,1.3135635221317545,8.111150725469342,7.925182300652359,0.8950656835988423
5.189582305965688,47.325264563844854,22.97759872675251,66.75417275492374,78.52000080826238,21.770466952000028,16.514426881828747,0.4867468589363375,0.19207291174806207,0.33133464843007565,1.0916069852378856,1.511079563533194,7.699196481609006,8.703298983142531,1.2177775406914468
7.736684978718109,46.05143811229151,31.607671499983468,88.23911287504596,56.9024380774516,18.154827365794446,14.755261504438504,0.2885495816432144,0.6623117355902464,0.5443309094904027,0.35899074340026127,1.3478860735218234,8.025266751773819,8.029459287417398,1.6868610093309826
7.491754587452449,57.51980369329804,32.61448798979064,86.58149964178723,50.735433005490904,19.75247144680143,12.381299246987052,-0.04461715292079621,0.21566529613574237,0.5632076388844323,1.1333037345587664,1.3329192878268035,7.14407054959429,10.159889700153308,1.6186671723532373
5.36964776624953,48.80654993515552,32.123988734420806,82.59174552630843,54.93580112007906,18.616815300661933,11.329761672079032,0.19415211001856536,-0.2246763783098895,-0.6008444115325752,-1.397354028371995,1.3929695280474805,7.781424419864337,8.17136496713664,1.2349467778363472
7.492767607874844,46.251395267449624,29.053302394727393,69.37288117976732,68.04484861218275,25.451603182411638,15.453217181319285,-0.3708531029738595,-0.3732795809937633,-0.7945290610790088,1.9861037431398878,1.4011959067059632,10.683229436264243,8.350853363031709,1.896769466651147
8.22693132508909,54.60447778513057,20.22931096837602,75.59445937008518,54.812296310606,18.122639708877216,13.801491396842655,-0.4429259566065931,0.1566862054674465,-0.5256985955902627,0.7561646199099012,1.4205290394660857,8.032948636723447,9.236099043882556,1.8208078081181085
6.58138989400417,59.63576694512378,32.35136487697628,76.13791872720823,83.3024914508427,21.094930008016426,12.642239414441615,0.16098782386726185,0.521879793610726,0.4363698244506786,-0.1511977677022487,1.4563728212658384,6.676989750372691,10.680552909950414,1.4138070816312083
8.773133475056294,45.31034676917111,33.09922869794822,75.46722724221715,53.098163840362886,25.813859530523747,16.33632961628949,-0.3315290557471987,0.7153983942864832,-0.6123820523928681,0.2874731616858339,1.331183837781279,8.748068654877063,8.221828700961156,2.0526665758419567
8.285420689582379,45.850653098812465,29.672206354477424,75.49066773573736,58.765843616617104,24.8251842089232,11.358337030685574,-0.3502448412047142,-0.5548355042222128,-0.5812058035986276,-1.734578642403419,1.3427891533824652,9.746042833487211,8.278345917755672,1.9981509210385906
8.762310421924628,54.58175881328719,22.65253946824487,77.95997654872272,85.49557111582236,19.615240339713697,15.044177977194803,0.2927472276945383,-0.32934513561543133,0.5660042000584757,0.9205334710514785,1.4399318716186251,8.691283261652654,9.869418059209675,1.944325611519631
3.800889902377132,50.073318164291436,25.62183349654125,72.2394366491262,46.893462723942015,23.29568563481019,16.425142029070365,-0.49497318817987657,-0.49368880816283167,0.4976875745859115,1.1914534824063798,1.3545643456940066,7.966602608616273,9.39762487640954,0.9227940802497019
8.198080183819958,54.540891644228026,32.63494978409726,78.53910217741962,50.29656901410969,18.929800756249783,12.39048630789203,-0.030919897733505397,0.2754918165335527,0.10437384145102646,-0.12005350761029576,1.4231593096315205,4.557104341858435,9.340648832787547,1.5796054533148027
3.3556647548482994,56.99569935170957,20.335386755406585,64.00379649267954,68.5290794623717,20.198571601855726,17.551393575778484,-0.02263934228396358,-0.13456815843807324,0.6075147345098197,1.8182506961048874,1.565632893756393,7.154819934765349,10.324461633019075,0.8278089343468767
3.8253874278651434,46.85642071599184,25.800705593213554,73.42023662251869,79.90966933630321,23.362229987485076,16.15827301223146,-0.21356027825169022,0.0026367049863038616,0.23249070124138038,0.9582809443093239,1.4300795808706592,5.588465217472073,8.589045134420912,0.8302640341506158
3.1713280775485404,59.65642369357032,27.905178743523123,87.71365589961654,46.26609217144998,25.245920783634066,11.044236843902192,-0.11347836435857533,-0.2929782133135084,0.48014199116007683,-1.3559710401423626,1.2291638579093078,6.270793541755806,11.321694629355171,0.7832863422177274
3.0818310266742346,56.71587721478461,30.086989111752374,77.47763172920558,72.5792190607568,24.362313741889203,14.10886629385196,-0.27973095722867436,-0.40727548504727645,-0.4073929813467547,1.0100132963827337,1.3589960383405362,6.825506789137274,10.268598926721198,0.7182687868219513
6.357521493341772,52.31781976921124,26.27251333264928,61.04536609343332,80.27080891658963,23.078358258209025,11.455015380090405,-0.22322618234785885,0.6196414964179067,0.24095974929960962,-1.799295710079099,1.569285483613107,7.787043393851454,9.608143350412568,1.447471325619545
3.253768728168295,54.41161920182062,24.388155931057447,81.07805224261676,41.683405462709516,20.448529416663128,11.075911297338255,0.38403265982164625,-0.3191404897714725,0.1310275611383509,0.007158641317283276,1.3162461821474767,4.555801057217145,9.736084639819971,0.6873497127633655
6.085298629999145,46.37620737060416,31.391851204150708,80.65309025216672,46.41826457879403,20.077308923686303,13.305469353352157,-0.3831436082885694,-0.4798892563998205,-0.1369154262750374,-1.4413262608336086,1.3353281199754503,7.003360282395945,8.008551404240063,1.279759830437003
4.542463097886856,59.51694675684149,33.37539225918216,84.98179373164167,45.41969798766965,22.85970161477671,15.909678107545744,-0.49430700643423214,0.3940065778902193,-0.7720552671791748,0.5426852729628671,1.2779877962611226,8.290322293287696,10.456025178187739,1.1559444200146303
4.590791075268297,54.88392562991673,34.08072364545729,77.76412823076086,50.34536006227746,19.101589914904796,15.170706206310586,-0.3948113411447739,-0.45280532282503144,-0.9257913657953944,-1.5832418809412023,1.4029213630667097,9.82057718840927,9.089547624641552,1.2007599927329202
8.158941362510724,49.08021189836749,29.22389745300827,74.50088976383128,58.95100053919661,22.58328755170838,15.263860707552247,-0.4375097125932049,-0.6246673055286249,0.2425402792811926,0.5993004103774648,1.3702706266902085,7.528768194835649,8.95117745362725,1.7872164891530504
3.8158760328032137,59.99957512288876,20.70794147161707,63.27307891371087,81.29872478855573,23.131463417174572,10.186578260732446,0.2664100379249872,0.37314439949939193,-0.9435333782524096,-0.3710200721712138,1.5324695800161312,8.421543868413941,10.828778134317322,1.0242915428475208
3.865861183587283,57.09371794397453,21.59158707194951,86.03449573478873,67.55879288509918,18.066317814719326,14.914461709612581,0.13641400166019924,0.526375580612725,-0.7251669852834582,-1.155880059648211,1.3641539947115087,7.928402731178344,9.69167595290962,0.9316017369666076
3.900835085321286,52.80039999603349,22.45479647294177,77.13567940591493,67.86344370234092,18.043969742596758,13.388482127218264,-0.11792419116336117,-0.06302667240464266,-0.5045543333787523,0.6948353766585993,1.4544008340193932,6.028331377641779,9.031897630813162,0.8957266382680636
7.198244301801999,52.81818853484745,21.095530570654123,88.7610299015155,44.09099101933827,21.89223167603086,16.97167662146125,-0.253336018286058,0.6456672748525916,0.24845975784700336,-0.3379845180072816,1.2318126403405072,6.185095465363589,9.661018761443025,1.5275428573908383
5.271280824463284,51.873296466969684,22.38501152444684,68.9351353178717,72.78721232079613,18.52263131097972,11.707272432626654,-0.34250087513964833,0.050151334182204854,0.7534980002181888,1.6243411531557101,1.5299066111446098,8.892893132231743,9.20833825039172,1.270724644800546
4.67538646724513,59.24086635211725,30.923293561539957,70.91189267295132,67.68733070634448,22.041851521323796,16.755839163133583,0.4492849414661576,0.013756461357377403,0.024476466588400303,-0.919799686196952,1.4596257052480637,5.056248577830585,10.632369700870667,0.9355038180334911
6.777307947065672,50.857957053369525,23.942300972641505,87.63826838428106,72.81037197241648,21.328061809442353,15.336568512217905,-0.24754773393667978,-0.16325956557847554,-0.506595642286713,-1.542004935780513,1.3102561344294152,8.173932299722349,8.942521502923698,1.5587379098898662
3.9277427373611973,48.122191735540106,33.58778464950404,74.87115542341539,80.74236521085092,21.2527283550401,11.155971132205714,-0.4683747494369957,0.2945937567711925,0.8012244249608853,0.06851451333128278,1.474833791394311,8.229202706523916,8.704274732965965,1.005128290730549
5.290623859876455,53.83916143039551,32.66577084571821,61.960946099486314,85.36604564649404,20.468745529500968,16.08846066869504,0.4733538927732295,-0.21787357358492143,-0.9802686666595222,-0.04498699777346915,1.6394645197887878,8.989587023820045,9.138624076553919,1.347289684722232
3.685437531282676,57.28774724472284,21.36718060243581,89.15091887241621,88.78898548372409,19.437091598970785,10.658306524787761,-0.05399846668828279,0.621269455869643,-0.64841302881534,1.5027775402359573,1.3693731627426913,8.151245184209412,9.937120426069841,0.8923929460963459
7.563960573942741,52.635620498440325,30.869025907347197,86.07637601830014,48.445238626972895,20.776643050345825,11.588312122858909,-0.297855519466303,0.7314052059028178,-0.7409396193884402,-1.664358155399662,1.2976039565420823,9.945137581497384,9.054832081455055,1.7892701549210512
8.591193144005512,47.10287910961692,30.628738640186917,63.042435674817966,88.28218410017713,19.46694361574685,16.001016378408288,0.23418786659453816,-0.25031959591131103,0.20288147949897506,0.15475402361074142,1.6470090342688168,6.530550863458376,8.282943479186754,1.77222628121318
6.877899851840029,58.170231616804564,24.935221546071077,60.359338396758,52.87017966251311,21.685388831398008,11.860184976427364,-0.08876561969648578,0.5413228530373586,0.42663750685325375,0.10099277129668716,1.5390036193540209,6.0096214710932845,10.572254642577537,1.460233789228233
7.373704400888659,46.649725561709126,29.27639650526488,72.48754813195413,85.50438817295183,21.719269253501956,14.783546754957229,0.2813753414602629,0.10652006529627389,0.5123737945498263,-1.4485252060084974,1.4854337080470628,8.5705116368131,8.47787039746323,1.6731545502003524
3.8409930075110945,58.22255049243435,23.55331380125388,75.40380132217548,87.39122181533503,25.33333148358805,13.620777274747832,-0.351272961691,0.5857034905222087,-0.11067744598020368,1.8218742865598423,1.3739478638162776,7.217219993296078,10.905547507192429,0.8994765220238036
5.0355298935871655,52.65742481236631,24.450395801283214,80.9019186359416,44.227459655587175,21.303061538625183,16.28800115186914,0.21369709575981743,-0.10717511479532216,-0.6355802355853966,0.5283624911110429,1.3147261880146948,6.447593264368203,9.234386901084461,1.1729501110432923
8.51894184170881,58.27844815751921,24.74388123932974,84.39343331549081,68.45652479119282,24.00301503987477,16.47157416587194,0.3398163663802317,-0.418639847793244,-0.9356603873927394,0.9157126028839477,1.280884937753175,10.114457359639717,10.532996517768776,2.0996873498802495
3.538352135204533,59.9613496861212,26.290639697395783,61.98925066205686,44.40883260217358,25.311780175032855,15.895748761187852,0.07570593425356187,0.1789703512620353,-0.11749415059882828,1.4981160093975294,1.4494606469724471,4.8438416051340845,11.236299312325754,0.7947652482865732
7.020713699611492,52.79148842887395,22.843620023550088,85.58468625887745,59.19778337288439,18.80437346137573,12.638923064285368,-0.34346120064087127,-0.04222832956125766,0.3395337333619082,-0.2837304590596439,1.3451736078656966,6.243100230182002,9.319492165297902,1.4851039630283123
8.201002873058213,49.161047376242706,20.186651081215267,83.93587244942236,70.93865423389302,19.40142830395716,16.43395271183362,0.3921730455369413,-0.17990025419113054,-0.7857773285085401,-1.10172918089716,1.3574443901813673,9.690668114770173,8.49478969141295,1.9478570251967386
7.714886326927143,49.25102428873522,28.66133985334013,61.83289441406889,59.3507117980462,24.249842615901265,17.085881730080978,0.35188396472416006,0.3628863910803839,-0.3239012261182471,-1.978735208290816,1.4939345705604226,8.53179110263189,8.991026206031536,1.7946781363038677
7.4587939160630174,56.1602722695102,21.670115743940357,87.54288558877639,84.06784178042729,24.859651732801197,14.84516921371034,0.0060930562334443605,-0.029742246244252035,-0.44316602274760586,-0.2763985592278402,1.2863316268767115,5.714373011536617,10.437756312364428,1.663124903967388
6.320339682622825,51.543377939858985,32.60559223404384,61.347515037558274,45.24965785995474,21.666530760028614,15.761444109739635,-0.09357341805781766,0.022672652554626138,0.45584733416819323,1.9294310144570104,1.5432509430356818,7.246696491866314,9.316409831115118,1.414485939128393
5.149160674920511,47.48011968532052,31.38265742756591,81.44486250137075,57.51814512980074,23.873091592183908,17.055355033606904,-0.03170593512195752,-0.7868873562037785,0.7937721965923581,-0.002848721046402769,1.3178982307837435,7.52731492903635,8.956817269602773,1.2483572893701562
5.379968848124495,47.045518390127754,24.056847548370406,74.77045115227989,66.92927745060382,20.16123516600777,10.471376187633592,0.37162622182734306,0.5043635609399169,-0.32565861793638606,-1.6116689580578731,1.4352696994391099,8.107486280040204,8.26753841916114,1.2050334149181263
6.841138253113429,53.30764002671425,20.21908349833136,64.72037409087548,88.19572563650037,25.532834055764045,12.097536763609153,0.05904516219678979,0.7104828460365116,0.6459180413159293,0.2933052016868567,1.476909808323398,7.842467287984593,10.332053488428274,1.642086481096565
8.470290158694933,49.8849607261029,20.062860548253184,73.65747639117627,74.37624178082834,25.973033545560874,17.480756677768547,-0.1854664622213646,-0.5378836631992714,-0.09206354966344255,-0.4830927589923788,1.3512163042752572,6.259768517983296,9.571249161508247,1.8718913210072117
4.725502373223359,54.76601238182268,23.090110860032866,89.58625142307348,60.02218426451685,21.284847236257676,13.634534621940816,-0.0966839279382648,-0.4435005803435143,0.48605164813257207,0.06511184029443884,1.272442727173276,5.831206002097904,10.009028563434239,1.0114076422696472
7.4232012881255525,57.81885175939153,33.11230500099387,71.91655078980872,66.37042753331238,22.89815642253837,13.536816526080766,0.05418082224118892,-0.6009272923418951,-0.7882450301204933,0.7185240919831699,1.4320431514396565,8.479240044112208,10.095202975099665,1.7411690910943056
5.176212880712372,53.374614619231885,24.612850837371315,81.99294320522853,81.30288853391224,18.314471210535007,10.060414895200982,0.026274958458657904,0.17460748763494305,-0.96872470205736,-0.5861962523728128,1.4575463187461146,7.978411258300659,8.957730291840548,1.2163189990735244
5.161985207110465,55.47212735278936,27.700146372543056,78.45288005770172,84.37993066748817,19.260283568921274,15.179836418454318,-0.04587344381729169,-0.7391388126510287,0.4109206614239951,-1.114490010467991,1.4566407914403774,7.196091704667688,9.752519080341546,1.121766894664598
5.9393172809253105,52.002461516966314,20.840557140955386,63.51381996692466,80.52260944573459,18.82044774396487,15.620734487000885,-0.2904168989435454,-0.10526536909238715,-0.8170792046572215,-1.9538776901490744,1.5962920277361556,9.769081195509914,8.90852441877017,1.4416593251760015
7.1347661048537905,55.58821101972643,22.301211344562475,72.74432414052602,48.63444573178952,22.684231814352906,17.445942459991002,-0.24372438808166952,0.13637126451050618,-0.18781589420492928,-1.3805192065513079,1.3693361958502561,6.250764832983459,10.10665192135775,1.5022897681281997
3.94273936520205,59.05597183972185,27.35765636138038,61.519861307985124,64.23511918369273,24.021882646208972,14.204421631858239,0.12709491277688145,-0.37979308058148337,0.029814577888263027,1.0616956018508925,1.5181736656586018,4.674845646740553,10.901525589331902,0.8255436263661523
8.364513574107022,52.9649000659881,24.449628928298743,62.21687310347938,74.73943919452059,21.598527213752945,10.910596230288808,-0.03720441738983199,0.44294830182262857,0.9153331445559616,1.4588811174444065,1.5784116172224352,9.69017243307994,9.85625471284109,2.0156920222540977
5.773691967830381,48.32943170969821,31.324409937314257,65.21074110776146,57.80835718932431,19.909752445713295,16.63497488993069,0.4666397166663555,0.06469008788098962,-0.28057008389056926,-1.4122266531561185,1.5443746570509664,7.390386312399696,8.318942050277107,1.2461673820609922
5.793375307750004,55.49459148097766,27.347512149322903,70.4918326707272,68.94098543685752,19.925754568041864,12.9314451076416,0.11396673836398186,-0.5287375723085854,0.8572192443465834,-1.4247877238728806,1.4982392700202893,9.223837237558007,9.972904821170058,1.4006053943066272
3.414788464946872,47.53017187160664,34.0006681320248,71.27697492109353,64.02720562508796,23.53819738803769,13.472433312290852,0.42729226431558165,-0.6208210985813111,0.21973711724884581,0.19908515250763426,1.409278628050226,6.008810947179589,8.690105233422525,0.7567046622969503
5.29584627166676,47.13682178430995,24.520859083878303,73.61167099825062,51.04681493277066,19.665849139331712,14.749300733482984,-0.12795565630256306,-0.29412547706172176,-0.9414955871149673,1.8299042931148257,1.4191528343190416,9.347938011146658,8.033066385107755,1.2952675334249022
8.080993016854183,59.33579603455172,23.515060616234532,85.38855639064917,42.44481256263461,24.47561675719635,11.786362194832966,-0.47425395932155096,0.07969364619265717,-0.6500016304705968,1.9090580626717646,1.2146496882297,9.23845705479204,10.816019664159725,1.9680132544913058
3.3816769430449503,53.955224642703485,32.23857038486149,64.44916723074377,58.22302356266174,20.672021281901117,12.576624347735782,0.14029906286650273,-0.039526391305134245,0.5712373715134458,0.19426036451809292,1.5493577574752762,5.410988365004119,9.622208272661716,0.8209627076554752
4.477897589496326,56.78456428202896,30.74174472164036,70.02035229861944,79.13782150920102,19.329452567201894,17.12111501961248,0.4584252304559938,0.1625351072191078,0.7136572998867072,-1.654497783318454,1.5496114920962123,9.235206412295845,10.024227012027106,1.0698313103738677
5.328947807094832,50.19783405665913,34.369670645737195,87.0732692104818,89.53607790119923,23.642286676055765,12.8260068330505,-0.37979333933329046,-0.3039246756021401,0.42056447526452123,1.1130694116043451,1.3470194828506217,8.072493773658458,9.175583730725519,1.2232613183640424
3.2281017907507796,57.03828263416233,21.013201977853164,62.37151913964386,72.33143871325676,23.47353342467295,13.727084129126421,0.2512938788636323,0.7765374894494392,0.7229166612932953,-1.482779581069647,1.4930683650664893,8.99231928241785,10.81736263022276,0.8749546329858798
4.1902050436848395,53.114748818625806,26.122794805507034,67.24453782960248,68.55413846868032,19.229425877109666,14.673395494005534,0.4573018669460137,0.1512572433673709,0.45438424576787617,1.4379189393272935,1.5433406315876752,7.8379817438387995,9.420002718583124,0.9555043676255598
4.107371725915207,55.73650987026349,31.70701301110704,84.67150353637477,76.17692994993597,18.758431538983444,12.449595849902249,0.23839896936898886,0.7059651599514878,-0.29247874035345744,1.1247514521895168,1.402241124001957,7.03270121806311,9.434231860720036,0.8672721231516606
5.304220196990413,50.95165449195695,34.27844153538733,85.37138783297749,60.380055418881085,19.078555648935765,12.296247145846213,0.11419972927195654,-0.3783576526291995,-0.7835399138778018,-0.9208225267303674,1.3746890497474722,8.004234295827649,8.50688682742581,1.21716360659352
8.33710822944067,48.05113786000902,21.25883953936498,62.393195588789034,49.39874569501855,24.440028195939366,16.371780163345313,-0.1839081604638469,0.07443421767401526,-0.7525204194121589,0.12675705815654137,1.4460179295278743,7.277393378785581,8.828711736316576,1.9966414690739338
7.414128564540191,56.05219624943323,24.141205141307452,81.11236179733532,74.12694057834614,23.321780770103572,10.090204069983802,0.0738123845533879,0.6392907664951903,0.20034781145552305,1.613972830215832,1.3572690881236407,7.176753206737922,10.346260302187963,1.592216453284064
8.907513627074891,46.832098162565,32.9348634319705,65.69236634890905,41.93119485898465,19.84502631346523,10.444010822848051,0.06923109747504541,0.5441666268310603,0.0006215125481572326,1.3617563348664348,1.5188675512222969,6.201001831010455,8.130013544287745,1.8034344904727604
5.323892572901275,59.58672552309551,26.8720131895887,87.81605030471619,78.81449334733512,18.057339998612903,13.518211380931705,0.16550846205785863,-0.2511769770132405,-0.06707896696421178,-1.7881328790404272,1.3863403335085722,6.085458308983984,10.234444390733094,0.9853961684174654
7.269548852585531,48.60340871214975,24.029961604751072,70.66405844441252,75.87036165435973,21.896293049494524,12.359770142878897,-0.20799503238331823,0.7620471151170891,0.9835385172409776,-0.7886303363421729,1.443702011291159,10.420579813159847,9.09401192536039,1.8022677955093367
3.2382764537864643,57.67799314485013,20.895722847978412,63.94322662190856,86.36253872448896,19.714332532925333,11.260653703325092,-0.17764228473656773,0.02070053380757597,0.6610785745234871,0.7375439762555542,1.6080125325676151,6.768824733651231,10.435152189001874,0.7860362650468501
7.484551389995065,54.91919089292962,22.26569742113118,89.7330739541089,54.991209267897574,25.250952659794436,13.506579834872237,0.4073799238896303,-0.5024318586255581,0.5908850620488477,-0.848951247899796,1.1925055725134464,8.401094098040074,10.571077710010771,1.811581603175894
5.929259307233781,50.025087799121884,24.95094663589134,68.8099329046289,51.22113942554211,24.25557738901951,17.940940489349188,-0.3586884870934892,0.542996439177331,0.4155765168219465,-0.8577650942068062,1.3983790353442065,7.489977268919154,9.399384820369466,1.3522630079444324
6.042745987691733,52.862274799904796,33.88378917296177,79.82591038172583,89.13862165322954,24.20674833450709,12.476245258082347,-0.1143567283467139,0.7413324884050145,-0.7868468623145266,0.5694968301154821,1.3880055978265058,8.821448011594725,9.421716473677993,1.4774166702747744
8.667780987153426,47.899217888715796,30.559222683362805,64.84645707184879,79.76643518985595,21.884590096555467,16.991984234521478,-0.023688413566357425,-0.7411214158898882,-0.20730767075570888,1.6333326138049213,1.5640025803236757,7.699691967044328,8.521251711869516,1.8273346385781575
8.165862661364567,49.673340501220856,29.64825104710316,75.11139429188854,51.90554340258636,18.71360024138054,13.659781507196007,0.225636147292808,-0.6975397881579212,0.010487899799985989,0.3480412080003541,1.4157025740267306,5.952214599434573,8.626991977100333,1.6309533589996879
5.3007463996837645,47.33167807516463,34.93474095053383,88.39596568404914,47.37910038691666,21.237001416884556,12.739751515810084,0.28941992763717883,-0.249046830906144,0.7652193088505981,-0.3422343986715968,1.2842858418875063,7.607100065784551,8.575624966724938,1.2313110963085605
5.74946341416403,45.864116627706764,28.58535012573743,78.47688680521328,49.45431728769799,18.290017860919313,17.012380809895554,-0.24086191481270863,0.2921967150433573,-0.29911148399588094,-1.138077598265267,1.4123844689621414,6.575635744922028,7.789966378703541,1.183108612447264
6.097814635507838,58.63792602441137,25.9245571707095,82.35234139553053,41.934419979486876,18.957865997593156,17.88463840058872,0.43460730591803864,-0.4954485954381759,0.913932279872447,-1.9723382407516288,1.3356111955469454,10.488003857495256,10.428718097454071,1.5116382847580105
3.9734608091402865,45.72227563077672,27.047816815960193,67.40145082085748,73.31745270238459,21.950039309862,16.736088107793474,0.12790813622363817,-0.5543320429060492,-0.003440757599303401,0.4741152288795991,1.4982331304989716,4.809451164705798,8.272355718860961,0.8264369352621409
5.709835821374363,52.55053828052106,23.02148986278204,78.75710829749613,79.26066992398391,20.540208796482652,10.076279189587472,0.09719136610911117,-0.36195775761171567,0.22959587220468713,-1.2132415544852524,1.4361284098689835,6.3201970896693105,9.445827859592244,1.208103675017637
3.6529957813303398,53.239861917267376,33.82771314089668,80.8537306675019,58.84399090558301,24.264101908275347,13.863954329110591,0.1395610061953222,-0.21980969544791984,-0.8434574113535612,-1.9667974404502266,1.3313812294671399,8.623385100706777,9.486475373269812,0.9584033287984882
8.593162934485179,52.885004428836766,26.565174057977373,80.03545187600511,51.09046863072415,18.632225040598104,15.070059147526862,0.2628269824761893,-0.703688628554058,0.18469150544577473,-0.3058449363329694,1.3683578448322777,6.504613100846699,9.213166500371592,1.7798298008857518
6.381055563033144,57.171415683430176,26.45837359433715,89.52479671203264,41.08082292609221,23.260148079365244,11.462389151582732,0.07031402789095753,0.49946750069401924,-0.8535739057663365,1.1742270980375031,1.232380213224628,8.475797914573473,10.205412134932562,1.5569503371261786
7.893296362939013,59.08890424288114,26.06230197318282,75.22316358079009,77.27906334924408,21.247943072264313,11.604756924188653,0.05987489833235937,0.6570664524728158,-0.35151832317743836,0.4540912712090286,1.4461141064923988,6.567840319113984,10.442164598391676,1.726589630098095
5.0201240311243165,50.90625865870868,25.202911440249494,82.79236777617112,45.618414848133824,18.640394057414436,11.770299558473573,-0.4662740014755413,-0.18090938848307803,0.5817373752135502,-1.2689635186720145,1.3414935664617156,8.094019192140696,9.051177696826894,1.1559640022774622
8.175099917906802,57.249995381358296,22.699549294977604,87.73901923912945,57.05827496437561,23.650926484469004,12.460622573961949,0.4088922973514909,0.052694580339364805,0.5379282198142685,1.1792138745576293,1.2378773031777317,8.149325941704454,10.786513255606435,1.89219227573575
7.623574537490417,58.658383631800696,29.90925775429557,66.34146842252298,88.8287038202896,24.66806693314996,17.462021228539736,0.20267228139461968,0.23465544733683763,-0.7588385971602502,-1.406173413245682,1.5290891607028785,9.164054115689177,10.619992936844344,1.8380023857995047
7.164163118039095,53.02538470629544,22.50768106561693,65.67392601512996,85.77418504194526,24.34949011007033,13.821695521115817,0.27120450183220524,0.32088462591517497,-0.8793943670780109,1.313524716140292,1.483159382238873,9.729781002996212,9.64089146513791,1.773869518739601
4.4857430187357075,54.27841941980634,32.784811123646755,73.40506922856389,77.41203638546105,24.059458221336804,14.29231792036882,0.37701811792150886,-0.3843270424062257,0.40023228785920684,0.32509656488549243,1.4049816317624249,6.649371407068544,10.075126589080153,1.063806892455799
5.284903872811829,50.18247718722659,29.458821131718494,81.95839777191964,80.95294607580347,21.699528912803366,13.120518109727682,-0.4091971200815656,0.5619449672069479,0.5361118073877902,1.3517370568455398,1.373446680043994,8.892350306453514,9.063169407345008,1.2891077452044781
6.724545533444039,55.57710339124809,33.89873836156094,63.939262692028,70.69786771719315,25.870192335023482,15.739530728976664,0.09493789149729315,0.1214704169964097,-0.27217217822382733,1.5795101861568641,1.4946301811732083,6.562580673053256,10.312624265810099,1.4799476049027909
3.910266996063907,49.78202913690359,29.329427906556592,83.43067242901402,49.65510519099165,22.211930459302014,12.326012393651459,0.043754787239505655,-0.22145828378428767,0.9702444329008986,-0.46146318771169503,1.3069626458862833,7.39144875365356,9.235020399385961,0.9788882561677222
7.808379028310945,45.23907693091728,31.16454247998277,89.49484223853031,85.81972848272068,19.48690900376462,14.523285678131172,0.31069744615141837,-0.5185038317165015,0.8355778804713248,-0.7415934992050681,1.3525934880479804,10.041617479748064,8.112125873443093,1.8559416259448105
4.518179641346781,49.36737148656268,32.27332204786551,68.72790690128963,57.90218464443373,21.623105251284404,14.595384521554283,0.21827266290476688,-0.13815878556472427,0.5196951810271366,0.8420019015599269,1.47349032957359,6.631867363693817,8.937054191158287,1.0254481711144687
7.080656603909878,58.385620016310554,29.799513223864526,78.13134444119129,55.631868517570965,18.00512860103733,12.23441796580138,0.40360735836217665,0.6932633200698719,-0.6334798008075053,1.075381865314046,1.4168986325975808,9.15818506654236,9.800573546237436,1.5783702031421192
6.011079642989526,45.41644529764745,20.612179385895175,69.64578652390442,50.68071587686548,24.395106588913702,11.928749232578832,0.05042323431295215,-0.7114170742029382,0.8390010110585047,0.3851428818170346,1.3752021955270053,8.283617726008794,8.791985215510321,1.4427393725494342
3.3037098728077416,51.75368927973526,32.344442712371226,80.62121454441927,45.96611620920775,22.65603450252749,17.809071097342688,-0.14916813406758261,0.21305162205573636,0.6564331036298643,-1.6051756289629515,1.3275743622831744,7.2714405661861194,9.508972339418927,0.8147887267906114
6.394168008687103,56.31026305818033,21.961474605053276,86.93942988445284,48.68354870490153,25.94849590187128,10.99024322537213,0.2972003051875145,0.40300632819979554,-0.32239793171260844,1.4735957845989738,1.1936266901211599,7.319926102020158,10.651489736919647,1.4540477884699323
8.765775506174425,52.62368315452334,30.736823461340773,83.1874260324064,50.37077811239193,22.689184488866104,15.614486412243886,-0.21318586041399207,0.779005543003888,-0.17419165992742514,-1.0696476050437185,1.29104313905381,7.102583322568307,9.49353208687939,1.8533986891123044
5.086759470071929,45.985227866333425,27.84204980159515,84.68027190647484,61.25051916425092,20.980891711642155,13.106476981482999,-0.48754279185729144,0.319302214053953,-0.583498169700237,0.5042665527616634,1.3226663169480688,7.862117789909121,7.935501173583233,1.1914756295594504
6.206671829058688,51.71502396192629,21.042104805585424,83.78357780378441,44.29428292692236,22.99592048634596,17.523434221797473,-0.42509494572146234,0.6495825463450913,0.9650962190250703,1.9333278276305625,1.2443402935091892,11.151815282312885,9.78972293512022,1.6354523793697688
5.089141778119171,57.403860006253296,29.13166935342096,79.24135412559832,42.21054136840611,25.546006861334213,12.653013239408317,-0.26001067289502283,-0.572835955311456,-0.8684727671930853,-1.4533753256817064,1.2686485125436842,9.170981996245567,10.421053199672155,1.319583231209428
4.2837416858740704,51.690977960178316,29.717066183407056,81.30864920471377,42.79509786761887,25.34328103404944,13.671793290843418,-0.11637261167656249,-0.6842814577124565,-0.20525377633288966,-0.8776347628182783,1.2576589460551202,5.692836528645801,9.574833920496243,0.9115896342944726
7.915724861325786,55.05341968857324,34.10494772645197,79.65694435428169,41.71783884277485,20.301492924557323,16.36223305631431,-0.14955988171628526,-0.09648542803379423,-0.6975590899126918,1.2181651430461176,1.368293707304349,7.849511045145054,9.392178328836431,1.7764899054944823
4.340587151524415,45.28765625828271,24.509303549890227,61.14965904069547,44.10003050165194,18.170871806685046,10.098760486542856,0.3057550931501778,-0.31300645486010786,0.7456915264090918,-1.4339214031911784,1.5883795017400664,8.488669829912892,8.057416013714343,1.0025631562443842
3.5191431543731317,59.98558008791264,24.568371904101824,62.33658588537872,47.04945698138502,23.836302728874163,17.718927601963994,0.3781267309274917,0.5196190062292898,0.19483640223329157,0.03651443129472787,1.4611120793388566,4.971848991589842,11.134941026517042,0.7628915102732516
5.071723742833483,50.215250331835925,26.695398118034607,84.30470935660227,82.58673148030138,21.536205294092998,14.12179631518577,0.07150779495500936,0.040406114750461186,0.31588500916551365,1.3383538533444885,1.370596695754503,6.159825452993801,9.078577862654418,1.0722312585172746
4.2599107197312325,55.53658330463316,32.06595357308025,69.55557488026903,83.67662190562376,21.72270034221563,15.808741392246183,-0.40187571402990235,0.3622856731901485,0.41352079016304444,0.9635526315189473,1.517836693418242,7.557460261909132,9.944515807260794,0.9677352708633291
7.602380335372983,55.25418744529229,31.528050090447497,66.69833505562868,80.97998660990086,18.488021096408627,11.946972009220735,0.21507580623084788,-0.6768373431406534,0.013893926133080603,0.6270913410920382,1.6047776200345436,6.147187412821017,9.480587870857159,1.486011197637851
8.146439111431384,57.889277408296145,27.453845780189447,71.41053472518612,74.90750526465321,23.763040546310563,13.803521841678313,0.18367116752761192,0.4808676423418752,0.1428247604044537,0.9714372487197616,1.430801165722957,6.488483860721849,10.719462929966722,1.7371039779448978
5.945430677212155,51.03170214563679,21.06413946583951,66.51314594157095,67.2473437577608,19.921469809130755,17.23282047756189,0.25604449514876104,0.5154336664023764,0.8182734767518696,-0.12958987887756668,1.5154983996219162,8.321002013320047,9.30604048185742,1.4213534478389438
8.246536325537399,57.66745500750863,20.10867926030125,89.66343744187051,76.41737117216415,19.283536998184896,11.376223903604743,0.34043500503480484,-0.4134450539290445,0.04503035694087387,-1.6693072131234283,1.3311844718840287,7.241833998907362,10.222626278721725,1.7211251897447242
7.334250460287854,53.58579424652675,26.26109876888102,69.18368978209787,44.924552747908365,24.105720467705275,15.877358955009356,-0.3573548314830165,0.04825299391393778,-0.10284782315795138,-1.5781666063537783,1.3841043445062644,6.383439778411841,9.857531347354037,1.5640033633244044
4.844638538968521,47.67355267987819,28.259484450509152,60.864437692222026,64.13401244433048,21.45369865495184,14.059464274748908,-0.1402402484468589,-0.3639749256717253,-0.13750216752956657,1.5316787917937478,1.5674045983384508,6.115597074492608,8.463622364842966,1.0476540927739482
4.956284843727529,46.21995901905758,31.83265548346086,62.484959504170256,70.47669624934937,23.146101748886835,17.680536554183227,0.09768108163417133,0.04693698598996188,0.9432889495614658,-1.6866720250590144,1.5715740101626359,9.044876405128322,8.627608345141745,1.2640643028253276
8.525538911285324,53.494271769852524,30.85072085301229,80.40683205011149,52.534778824950635,18.40349729521165,17.56851717253152,0.19054004706151817,-0.08404743943961113,0.3771813887246638,-1.8802029740277488,1.4183535184692455,7.768419281377509,9.31497493138352,1.8010859332643205
5.843938001396117,54.20250533232602,23.828774715927565,71.09902287983073,85.58974392975328,20.019573038469428,10.27794701477488,-0.3122399243954779,-0.046552743012892916,-0.8770277484805713,-0.3164941383345712,1.5269777995397746,8.204803039819451,9.352075659399306,1.4234816502464094
8.396066551246928,46.5045115192481,25.984226388010303,65.56826747662181,83.77525613797309,18.75147782518567,15.381876103377955,-0.22266200523078356,-0.17817175621290937,0.10067747132211835,0.5649641149341593,1.6077618060942305,6.153106917388802,8.036707972047589,1.7128508575021595
6.379179587759747,59.173728892330054,30.447111482468983,69.11611148609165,83.55018192778158,18.302502548489382,17.799436962639646,-0.2263342951846236,0.5141382034034825,-0.7452314854885043,1.6310002205669036,1.5918589231638907,9.394737748523617,9.947487524195155,1.487800603697084
8.302886369040916,51.42159810738362,23.530459980732445,76.51964774431168,46.54159377269335,23.696522722796733,10.69002548831317,-0.36245151042371054,0.065678577068492,-0.27783997972180274,0.4530859421024096,1.3191405374701826,6.321753230143577,9.412401879816843,1.861845580394849
3.5152399418883697,55.527945540170535,26.21376218454597,74.02310043521254,76.58967084167787,21.581172728425713,16.279330084937875,0.1895396857491498,-0.6910489673871223,-0.22026566252004853,-1.9005012454506884,1.4383979146258214,7.253250637699028,9.906526139181876,0.7615264040204269
8.204949740817788,49.13469701237274,31.224863406765945,69.61607945511409,51.57381380575622,19.01684946459002,11.469362386504203,-0.4284149858194307,-0.580847990601453,0.4132786724482358,0.2777545449321135,1.4881863639078252,7.6877136771195715,8.623781351313138,1.7872040009976748
7.832679950358888,46.285003263812634,33.93119378961157,81.8022426535988,63.2138193777253,18.97370152971108,15.163507383682669,0.05350990938940969,0.5122708396036157,-0.21427426371525538,-1.2054923909905697,1.413058019342732,6.9355311794781676,7.885723337679996,1.6261510756216575
4.3391320664652575,47.46041930107499,20.28240456170925,79.41276964100763,75.23768491060763,18.23412961428811,15.295416818064542,-0.23612544960487064,-0.4019055182720692,-0.05114636872390865,1.9113413606863645,1.430076339532326,6.60836053762106,8.228811200012204,0.8917143015387093
4.581209207971921,49.4187874493701,28.992439245370747,71.51826326619393,69.62557086051032,18.925884829992835,13.411299624939568,0.018140538325696953,0.19443840713383853,-0.6852315805536318,-0.5538677052591274,1.514406531526618,6.66869708695713,8.38976343791172,1.031221023625833
6.027005612139503,56.88769174766395,24.996341661490572,80.29096826466773,41.65890631504408,20.51701903433795,16.634064267781397,0.2523793961103108,0.5018517950751338,0.28419756620111336,0.8339731355295652,1.321442557097861,6.277445142781163,10.212423896500272,1.2853028946362457
7.2878351066129925,58.32101383026867,25.741808376689193,89.98963010242676,62.16870600659627,20.059105902302512,10.607125269665094,0.015460226042192105,-0.2909752662245876,-0.8008142202661228,1.099207795718295,1.3142269473513886,8.10866389724169,10.037134370857233,1.6672383579374548
5.422825798662048,54.268903147608626,26.077073987573918,68.82661078827633,75.73934949925967,23.411885734564244,10.852116863678038,0.25942182982114337,0.5793163194449862,-0.8833289141722945,0.553974174735107,1.4630291612019675,9.069950188508033,9.641952733100563,1.3808950331249583
5.949177711195554,50.66168039040277,33.45975927137773,66.40936574505672,77.11093876176923,22.290582152956127,15.67080839873883,0.26005558692521835,0.473247188957181,-0.6182321730749245,0.9612295977388334,1.5264922794212303,8.333129278347135,8.822642229458028,1.3846995697279718
4.455996019140478,58.68769495219514,22.87458836088133,66.14026257944707,53.45120020715355,18.82726758428481,15.928451586352098,-0.1419314756793803,0.00456907332644596,0.4407126116693396,1.617097338937298,1.5228010747996379,6.474895472477321,10.426558567314874,0.9711530201136943
3.894574492634376,59.276709440826686,26.735081935476366,88.42003366500323,81.6442271155501,22.975563598687284,12.93900473937388,-0.012050855523255966,-0.20161298925411753,-0.9980349971616639,-0.8721157552770815,1.3207051815332707,8.069875811370116,10.525887693441724,1.0208521984284984
3.5524623092345786,49.50082664820256,33.139327755557126,88.33382504860661,82.13798053716252,23.854497593397507,17.454498042368662,0.3116790822965241,-0.12482938319872161,-0.3541829690856466,0.6777988095835252,1.318365531472135,6.160410074423883,8.906508331057523,0.8376008044898686
3.8788116711560914,59.21289359608669,34.29543896268277,83.9009507006333,73.61786567959315,19.114927723422237,15.799709324053303,0.4936080808549823,0.25349146279690626,0.6014505257666853,-1.5644213731226464,1.3975651867592431,8.626970310403193,10.390826081829328,0.9019530535039195
5.258571931497604,55.031417955447054,34.632048713155726,82.46526276160859,61.0527415238988,22.1216257323153,13.31768913543292,-0.16029940196203024,0.005830909945633289,-0.8480792027538685,1.8824046988842729,1.3557536214338575,8.721528276842955,9.57071523308215,1.263620772529182
6.515251675110671,50.23124386123866,21.747440235501017,70.80758700057207,86.10359675640291,22.205238653599352,14.896613320489084,0.17697808118078429,-0.6373128637799188,-0.9068725938159006,1.612790167852053,1.4628924620587713,10.50704945345263,8.888832862221294,1.6654595763684772
8.835573809285641,51.28224723829874,22.430662110719616,78.98327675729735,74.4309210266635,23.32673601595507,14.425414676444902,-0.3534563839382762,-0.6737776343670812,-0.3173785643813608,-1.5309832754753723,1.3344809654551557,8.952672536685393,9.35098588745228,2.023935004516845
3.1478528876910157,58.13863097048139,20.125855112369937,81.78832254894193,78.1876040433339,22.124050346437713,10.036650960156042,0.48405538130227344,0.03268196210921348,-0.7428510217071944,-0.9111444266160249,1.3607448627074552,8.001897593753274,10.445249529961734,0.8394983886871948
7.19053648804074,46.577866185884204,33.949155249935636,88.98036187448425,80.3404885618379,19.76729777284787,10.53003711074697,0.4481136565057674,-0.3564872767599928,0.39870144908076544,-1.4865492305019776,1.3701441359554989,8.969888843111063,8.275102547719229,1.5818626984824802
5.600204957584923,45.22062713272055,31.019949869510064,83.37741058564762,71.96523775218449,24.75761101475347,13.434641461874289,-0.23984577202008028,-0.15342406425345323,-0.6598936815311903,1.2274016993980004,1.3058546946145266,8.2364688085906,8.177787087380006,1.3594311317874577
5.227594881599375,49.493756518558946,29.76006591478248,89.2249518477886,56.212949606408536,18.948649040247698,11.450606815218613,-0.18897775253947652,0.6448007509279312,0.5928390682878628,-1.689088365883331,1.3193287884896088,8.568539761426322,8.719914759624507,1.1985816873096171
3.0975177122044535,54.70073941115082,21.347764201546866,62.03258269792232,76.69555969758164,19.15197813554226,12.059201633214194,-0.384884051983285,-0.3615467981090749,0.5463225201416437,1.4321541323015063,1.599851040687856,8.150332943422134,9.741201218868081,0.7589051827478043
8.804440130529247,58.849089431854864,33.90469185006082,72.59140419586069,75.93043731318619,18.75272824973857,14.03997007298966,-0.37395260287526977,-0.3071057437171789,0.4892407969091148,-1.4465598249682503,1.5211799301166584,8.74002969475066,10.167871602134886,1.9258890966957911
8.10059910356261,55.18582443102806,27.247790387364848,64.52871706060088,82.51917161734829,18.40699813706802,16.02685608927334,0.17930010101276983,0.6376936201394992,-0.8749997442760361,0.0019345281278373427,1.6248321418709801,8.810258584930471,9.235571069338496,1.8756661129769072
3.1222311765847692,59.403513770834465,32.791976931632334,76.3842096638743,85.71143795270005,21.788309167299158,14.457398044634107,0.44782333223578885,0.552090219254161,-0.30286286472326884,-1.7858865680362979,1.4388904238049778,7.892913270819584,10.518589114345298,0.724587440049023
7.16009225690366,56.95340369846981,21.60196690870676,67.83705391652072,73.16998573803468,19.34954429154484,17.724214749068516,-0.4668724688926562,-0.6322764577667712,-0.34373843407080384,0.7425766378195258,1.5217318896341356,8.006015519732374,9.889021009938805,1.5675056071599154
6.526086567607268,47.08528837860459,33.46683504166998,63.67913582485555,81.67011719990407,21.984844323000537,11.345498526693973,-0.059076603912049386,0.4791613396005394,-0.088924358212921,-0.7074286907859804,1.5901080796878393,5.792219309321955,8.358916612853259,1.3356256892555594
8.415977802338833,58.96044570882746,29.822663347240695,87.56277924056434,54.7475521874561,21.964498265447784,13.555499209139743,0.3648734225094349,0.7400880236470577,-0.5299031680771776,0.5032553597901668,1.2782095979242918,8.242876022739196,10.41503728105431,1.8888972005516602
6.76489995505394,59.708570279638195,22.13335916822339,78.65722835828748,78.45893635528171,20.106269685677518,15.773445127748369,-0.1763279348979322,-0.6097440292309951,-0.9746607192779766,-1.618599377106011,1.4085478625673864,10.48842647135774,10.25927317183609,1.670999896614838
4.571200950125963,50.78541620197633,25.7655066308871,66.33420899904053,74.53333306026056,18.609284461795916,10.06542383161124,-0.30282226052014943,0.4300027979906198,0.025930316566551648,1.4084477715116028,1.5823093612442414,6.204906819930412,8.74842096097431,0.9204087846931207
7.4417240535664195,52.71594063446561,34.38082228590651,78.67598932474206,40.76650195845068,24.94151826917909,16.898307792936833,-0.41185007921652667,-0.6777629627355277,0.7497463556041322,-1.400226929258547,1.2804109436255737,9.871308563021936,9.925071599071503,1.8211493421449287
4.538069750212833,59.97314687997007,22.238413330928886,84.11049947191621,60.41349466948444,21.833767836947075,17.33621849101592,0.1251829562731298,-0.5405370063807349,-0.27399374696689516,0.24911611725795746,1.312509185566341,5.315119248540486,10.837039782753509,0.9716917193730221
6.530925639093765,52.51652889723119,25.822387700863874,65.73551470320993,61.99483454313622,25.030980281518225,11.595328469513918,-0.3326529808749533,-0.521373584579566,-0.14014917872832267,1.3161457235293614,1.4292455432204823,6.991344529705032,9.728475764986207,1.4532962251218033
8.451272841772177,58.9203440540366,32.6928365217278,73.09319710823787,72.68408514403886,22.357844772276998,15.007767907723935,-0.4887800601866073,0.43577976434525745,-0.8452921494576253,1.825168915343156,1.4340195424493238,10.928302501740184,10.261186444650672,2.0461473040994584
3.521103627397168,49.73928815463075,26.194144068254662,77.44655995258793,80.57622469409655,25.09010894923872,11.209237482144582,0.18124977490277228,0.5751397234670717,0.8750509602117615,0.6673149293044176,1.363865644658715,8.51131173302241,9.581359921270455,0.9415146439722892
3.2864222727835397,52.99544224834023,26.914166437841097,75.92450067921806,65.30053893593134,21.456103928347577,11.958069120647297,-0.3597909665350634,-0.4717545144732955,-0.4183505229948936,-1.959756257282744,1.3983146065109209,8.026096616691449,9.363824685930728,0.8151908290880794
7.959152787493263,56.35794539610497,26.379367664093607,61.94943065822565,74.57065865237607,20.91035890739026,12.862130687618198,-0.34138159282657643,-0.2888794439996196,-0.9781940524803127,0.33101826374295884,1.5708107779195495,9.315841402717536,9.724198951920409,1.8956281270600386
5.272755389581099,45.25765257759608,27.751024288470326,62.11232938624452,42.89657848231567,23.01070810639451,14.666733794348977,-0.34469309616738686,-0.6715343868914183,-0.8722288893314123,-1.9492969543534018,1.4545758695078488,10.40033819387383,7.920019354907004,1.3556810732852491
7.331851871147057,55.48032938528782,26.134526369123655,85.0554946019183,75.6543268838302,25.464150961606947,14.89193791546004,-0.009829124769575537,0.11474463003789381,-0.26097972418812676,1.5845122457179048,1.2859976720251833,6.281735449231872,10.355678619584744,1.6088799054974503
4.441019129831861,49.42752812030418,25.793774326768332,72.41773440117208,67.74898072773675,21.99958986548659,12.335091778545857,-0.2748342622184209,-0.5269507049015778,-0.7964783871067104,-0.886579213368637,1.4249782692613575,8.82828629300385,8.679561625141703,1.1187689451743221
4.329144478600722,54.66100210213988,32.14739540888915,72.80911057830141,82.93957757098181,20.229130956341347,14.35120342471056,-0.036324661982598705,0.5473363722022542,0.12409738060119468,-0.5687201342932888,1.5139362400727898,5.073303761654118,9.56891106938347,0.8609269418096097
6.538513448639385,55.79572123713604,33.626168723904335,68.0564716037581,41.04000843899625,21.878875324427497,11.989220710986332,-0.26873867453775446,-0.5761940805080141,-0.3941694866318014,1.3484841626090298,1.4400188021432136,7.544424123451488,9.843417515384555,1.4344929674092202
4.164285957576141,56.21275949088691,30.57664823138155,89.79414481189012,89.03384868437927,20.625290030607598,11.054449794832511,0.41096645808615295,-0.5801628816866903,-0.2348909007409038,-1.850971144475051,1.354010447858313,8.155943879899642,9.885849394642866,0.9485086245068972
8.848423759138056,50.487052172976846,20.928689565354606,69.99743043417757,70.00347610642828,20.69487347493431,12.153882833461504,-0.021572644899977067,0.7356684599996086,0.6347697062826749,-1.7159998033999515,1.4664766194252865,9.527948627010762,9.219247804338933,2.0278703905832365
6.703172071691879,49.028522048115185,29.390201702417055,66.48688893634153,40.319262306081015,23.7798970233226,13.743495442637014,0.4917377542101157,-0.053842648453741426,-0.5546658101900481,-0.0886626922863234,1.4034754126835614,7.054977756956255,8.814054360867132,1.5215213881056664
8.758210148813383,54.513779279619314,29.090688824408986,77.28585570273034,65.9991505067911,22.455037740559582,14.866832910763595,0.37933240195952367,0.5075724345728954,0.17067043247548508,1.7979708932714749,1.3679851889456225,8.281356573495984,9.90263677454694,1.9404267070093428
3.693262518521447,52.708889734889084,34.2646894231727,83.20779959827355,62.49270759880784,24.616893522284222,10.359779387003805,0.014913631324911525,-0.6925169242665554,-0.8660005754056151,-0.16259919559005942,1.3162254014011374,7.395854892858157,9.378488676289143,0.9499277597519667
3.6805223621904357,57.16111506202065,27.19459046071969,77.19501671950577,50.43414797042406,21.576317879601657,13.380175487460015,0.45052040784384495,-0.7991185996347525,0.6797969111555424,1.0067191115512668,1.335369517714591,8.752033161775392,10.436555877395344,0.941345009106386
7.306488696448561,57.68884497042419,31.489694856894292,86.99390866544164,49.83088180088447,24.835724906719207,17.204043651235118,0.12327974220505555,-0.797669952232234,0.5534044735824024,0.37598784540268726,1.2379168923977806,7.362270361579341,10.828259065470144,1.6364436948707772
6.124378570043367,46.091106226784625,30.63232057383394,82.83055667254969,66.55081707641537,19.519738723544194,13.094105898027799,-0.40283114606240206,-0.23686925682264726,-0.6406894742351928,-1.5177635236673361,1.3910575471635198,9.090846474746835,7.748678657791282,1.4009399286178759
3.484881822377018,53.33143796596936,23.99854446676768,76.54340590211055,57.25509790201539,19.723978336142185,12.521781492966488,-0.12676875317827763,-0.2404947005390986,0.9174859529706625,0.8622660625689589,1.4003192396489677,7.724599732787881,9.676680995230342,0.8978548656251503
8.00544939147036,58.23662863880352,34.22391282059064,75.2940780737917,46.271012016017195,22.259942791284537,16.66884495719428,0.4557173429826047,0.2488612524034166,0.1691262022945672,0.25136259137845984,1.3819095762452671,5.967756456061111,10.442056280240973,1.6977220952720613
5.5015048597251806,47.1436893675646,30.044765396911256,71.55585925466886,87.78373265879313,20.413642663078182,17.09878398151344,-0.09061054088494597,0.752512519085889,-0.01876963611174154,-1.8269780489818075,1.5277000148017954,6.8784777416032155,8.225809489032219,1.1314871590783677
3.139297703431991,48.648407559368714,20.987030738491022,68.40630625255474,83.64799361139302,24.38787728276167,11.165534313114751,-0.08952471317706912,0.28205363581675513,-0.6114453199535264,-1.6087623299761526,1.4680377050459452,7.839764221690882,8.911192865703828,0.817090189975137
5.44947274665396,58.699093342423474,32.62964445909985,81.67466443465494,41.00804391683493,20.027240806120208,12.90662600981987,0.4790842812820476,0.12581875850319213,0.2665478365639731,-0.7000409678588719,1.3307640414563078,6.017372901258534,10.348235937774543,1.1480857718184923
8.650341652809512,54.07191285762223,34.254108559296846,76.01050798242724,64.65372025909187,22.071983068727093,12.663206378329734,0.18922169117613374,-0.2817609582367332,0.38446231016778953,1.8461245232597028,1.4192657994807543,8.253587305362228,9.792184064070161,1.9116069833142935
3.276442945827165,50.67893891000976,30.464063302683698,82.97877208501083,72.36793530743392,21.872587005477406,15.407654559813642,-0.17374624670271294,-0.19007139715833488,0.2574010809447409,1.6273616519925684,1.3619388499603418,6.19735400636489,9.080941338841566,0.7636905028135802
8.294113463702795,49.19240253344061,27.262323688477395,64.67269373191138,89.5319261831765,22.535280971299198,10.495750109695466,0.1535622688378726,0.3688910219668933,0.07939185828164219,-0.7471606405102529,1.5758639930876002,6.254037995923793,8.958208592711557,1.718122573965347
3.5469115819749035,50.614750053679046,23.179386776453043,77.65234761596228,55.94741246771115,18.063947657211237,15.442624608539017,-0.24935145331339081,-0.3174348022048776,-0.24846280399484344,0.7948172402661768,1.4150581119717547,5.5396242737304355,8.718979305885542,0.7546402587061036
5.965496466359569,57.58159551897248,28.03740904821405,79.61462563424863,81.73678467909954,21.501384278312628,16.73284481324769,0.148807575344026,-0.19781507055461212,0.3445810156793081,1.9052485394087273,1.411158875351875,7.4127353882465385,10.397382666539148,1.3113331602060476
6.92072712720625,53.65369739941154,31.652315032131455,72.2042309585377,56.55932571567591,18.73136283366682,14.681202589660234,0.009147675903293795,-0.4607877325984623,-0.5385814626530065,-1.4277738786420096,1.4863095920517782,7.375291925294661,9.032316305174048,1.4966695519486108
8.656906448530187,46.99104518431895,24.25717669168426,64.20088451453054,67.7758785319463,20.803691955589038,10.951059597017354,0.31213197609766086,-0.7057387259231555,-0.0613210597065349,-1.7667861897528656,1.5461271160595975,8.015523476521608,8.41306696158445,1.8569594959592313
5.050371107244495,51.982888211222,23.274735400201386,85.8917972540133,43.96481795826319,18.656465659143464,13.970639760584893,0.08854093478371972,-0.09936712828410199,0.2685790018069103,-0.7255618560725918,1.3225071772504269,4.893078235783589,9.157265004480289,1.0711853634172517
7.604026921255939,54.240658005968065,32.55724231673176,73.90702705798864,74.71968646441708,25.895833033455773,17.590128344807738,0.4355567077612983,-0.20994417353199157,0.556028502483344,-1.34184235229968,1.3851119727982497,8.935688250334927,10.312285727403063,1.814744708421811
6.958179396052467,46.717568323456156,23.668411012606157,76.7198745694908,50.57759021429101,19.42970227600261,12.010446461736596,0.15149915248836043,-0.7583133790027834,0.6388517354507925,-0.9623736877444975,1.3892328627542117,8.630128281999617,8.417381608380477,1.5676908438805786
5.281946935467383,45.24475383853913,25.65560813455976,61.371823985315196,73.45302477905867,21.058883926306073,11.063243489402382,0.2679133603540198,-0.5135124594989545,0.034637408517214086,0.7978019836107766,1.5878898795698835,5.890715951144631,8.127063076412181,1.0835811881174708
3.816250357575977,50.828439774955406,32.64684790865458,69.972613389094,72.93211832466487,20.4541364732802,13.178834244755773,-0.38604641580887555,-0.07141541999954903,0.7055934920365414,-0.9314560237898786,1.5155850337177459,7.913526856496941,9.041582521137089,0.9294377398473882
8.179323403389278,57.726459232256445,21.481256917988766,84.13797211057091,56.05340810835141,23.10011325663163,13.245016737441908,0.10678870586812539,0.7437596418615235,0.8951634106373709,-1.4921494464694176,1.2733666084367845,10.071596847332385,10.933171953834604,2.0106881749658467
6.680986175534643,55.42622649257996,25.97499598840063,83.28057813030858,62.433405977157136,20.314570931535595,16.962183457585855,0.03413547515963611,-0.25716527792754995,0.6496820021808272,0.6761526011982122,1.3673637925059636,7.067539612797577,9.991706476844735,1.476571363640792
5.787570511160935,54.52114644568141,32.4315917212229,73.28414235588298,41.24547295011795,22.363104918243376,13.193899512037149,0.02189778400378184,-0.4157943850179186,0.15876569738797475,0.4631513279557331,1.3840874836094204,4.643517381820029,9.834577382568252,1.1708837651136044
7.355696290279757,50.99665431363447,21.42603740342005,89.06259517107154,77.51448084759897,22.99746531801832,17.927721915338296,0.42515787932022553,-0.4330106225380505,-0.9958082661874943,0.12338046081754861,1.2829912567097173,9.751636549340075,9.054970842203188,1.8565628201660587
5.546185849002387,48.227218245743856,29.527915169386038,87.75694207077393,84.73165534893876,18.68628452164615,10.708215751615807,-0.27594427969653673,-0.5698314129529511,0.19331273779534608,-0.42579692472993913,1.4063758500341328,6.49649258773144,8.319831004101054,1.1586755005435807
8.192172562921385,54.192670289836954,26.848463763926553,66.13353869270937,84.28004615245757,21.038096376511334,16.416216428634332,-0.2725520602145987,-0.24700137812104261,-0.4274150573330632,-1.256010138428267,1.55862687628111,8.179487113732653,9.526328288913817,1.8120725823384527
5.250453243498791,46.98796954043527,27.599126365058396,78.38688153268988,67.5099572929355,18.152546038616595,10.840745230266151,-0.45946859708705023,-0.7771371515659593,0.8062695170775958,0.6532292002099478,1.4376813544408094,9.727038130231902,8.348972845021219,1.3139334932631892
6.761991226886045,55.61440512710231,28.233943513408402,68.52069056345938,43.42837466805789,20.066447006172695,16.570514426735045,0.17956540780547547,-0.4615390938419186,-0.6586031450330212,0.34153002599171867,1.4664618537896974,7.239878410476358,9.599904671299429,1.516482338666282
6.0776939147731275,50.540928201184755,27.832780758668903,65.01891635527154,70.79487196494802,18.201771243901934,10.133541390028348,0.07975096637868906,-0.4295583063093605,-0.7610436189637662,1.7655764642908731,1.6252470021287488,9.20808653394298,8.416171762174347,1.402687489371663
8.981520364941215,46.697133450604234,24.887143817207,64.3340307375887,80.38676113741968,23.677272671344404,12.442470837650317,-0.24923076756635382,-0.7842709170306006,0.05946592477366064,-0.8913108380184112,1.4978643310677295,7.393145827364471,8.643415671358646,1.965352332234887
4.666393144138938,49.37817548992802,33.356445679656076,86.22200823152005,48.0873881639338,22.136766065112766,16.916896751111434,-0.05833228765141196,0.5995082945749286,-0.9388714296365426,1.1619432967196923,1.2934971251202994,8.766327249606274,8.561667329342686,1.147324916507494
5.644090271801141,59.52102013912459,22.31664614396456,84.7611497914084,87.76177894984596,21.804357519907644,13.480326580361758,-0.4896265292436401,-0.497309485730053,-0.1552533707637993,-0.9563189395493494,1.3380751881605635,7.2044852525808505,10.742639708489474,1.2492527771890896
4.775357362414596,51.44672774841719,20.641371538817967,85.15981912738127,56.783251799019126,25.208778945887325,13.729887853563413,-0.09953374290225286,-0.4220109714880369,-0.39122480943776783,0.8945916004213785,1.2373731099079013,6.341367352863555,9.598726652084295,1.1071304587073691
6.100118366682186,58.2968421903384,30.845647553342058,60.95794842218014,87.72360094295374,19.805567480758643,13.919901732214896,0.1985577306068631,-0.551392044406051,-0.41127286764338944,0.31947590952529703,1.663963383101825,6.82625924353175,10.013941090248434,1.322611090934714
3.6909164063630646,46.20218108583396,23.985374294866254,88.95202514940058,76.7339129221323,22.504282852882593,14.600025546904241,0.06586786923740895,0.47454164046818526,0.4582977155425194,-1.6419755357728587,1.2926464761306944,7.240058825767435,8.537916175682275,0.8438067437441868
7.156622724522933,56.65466148420242,29.383068842370538,65.53621483821877,80.7114659310064,21.090191948101946,15.409584929846357,-0.4933485673962567,-0.6173201430862894,-0.6999965619468951,0.25976652754555873,1.55048189495955,9.154536491247136,9.7890136746166,1.6895006089818578
4.628662606896835,47.03111926078897,20.858872442921747,75.1267883247514,42.91352973849809,25.446758102991932,15.203543244108898,0.28735910370724693,-0.3718291971344795,0.999392438365025,-0.755042131262532,1.2735915112174008,9.0740305125875,9.228784771572599,1.2128708890002278
8.962949892771261,51.7451028934432,25.502328498478736,80.09124366115603,79.78574949730638,19.688824509144823,11.338951040153312,-0.49842011821750576,-0.7126800163722853,0.9733441187431093,-1.9764802156734587,1.413457442199262,12.741645727438126,9.386509262702655,2.2465249252357204
5.401522320437453,56.19861997182986,31.85595251003997,71.81914669350212,84.57189407960524,19.090600276515293,13.500218515735382,0.11658309007170375,-0.724199482527637,-0.8921511121875904,-1.1848690543728275,1.5417192546126972,9.40481866046122,9.39392244882042,1.2857266772564788
7.478969426855453,50.899415066030286,30.236251601178033,67.93879224237159,55.10411924349738,25.409941848458537,16.876305072597187,-0.45409735808820545,0.34946070979217647,0.7808454317656051,-1.0360609297996968,1.3957077536576747,9.385023816600624,9.688298156814435,1.8472748099006406
5.954775398608452,58.50551670070112,25.856898741270065,71.49604200046502,44.55502046448095,19.02822423388518,11.194826472962614,-0.43690312556594324,-0.18230265016088498,-0.6309454686690097,0.4951765853867909,1.4409403715485685,7.41930113647022,9.945689174714378,1.3722514604123413
6.943255317212527,59.9147116247845,23.585327504266655,87.17391468372819,82.44990098108167,21.38130037735851,10.410571203703828,-0.1256261229083181,-0.12243593342076664,0.8135808936125699,-0.8655834303161847,1.3527087829937223,8.152494750333672,10.986071424645024,1.6225500940275916
6.963536178928326,57.69769815101323,30.54314494732176,88.47805722702067,59.05092276485759,19.044020022912097,17.19437709639807,-0.12908691955843332,-0.6616294131513405,0.7017818488460841,-0.5339119865299611,1.3374238623435382,7.983829633743922,10.168780265118485,1.54207834387595
5.8771010482439925,52.070746123007524,24.438337418808057,89.76931792111242,82.28965171910639,19.982156028313597,10.75465703498775,0.3966229119662713,-0.20012926511393025,-0.7073741342639047,1.2790624474075347,1.3436099182697523,9.065294178803772,9.02575859962022,1.424319461554274
4.880501073877818,55.976285743124954,27.430740365611715,60.30745814602862,57.65566055788382,21.69581879274591,14.245223073760542,0.24728297915399433,0.3293470281788602,-0.3782185263283645,0.611840141197916,1.5553125757667075,6.311228459431001,9.932331850433206,1.0535837789447609
5.783439717652058,46.86995841748671,27.5718238202117,83.57668509373964,81.06749230751123,22.32034319078822,14.777216486065448,-0.44147938469569,0.4242693175538128,0.32989184660515125,-1.1911820079562978,1.3477700215086428,7.947861464847473,8.511217355154061,1.2944072404451294
4.877814108793453,53.400876000232934,24.73447953852085,77.52287649144162,63.89966100928948,21.743439247088393,16.357314856243505,-0.1517883418906929,-0.09281048200774511,0.6282751134212494,-1.771351223247313,1.383914620801675,7.81232356501499,9.805987859528395,1.154486641315032
4.508812877799151,46.18845319291317,21.37452331703389,69.13869484352085,49.46674511096337,18.746148972239872,17.879149887395474,-0.34615225557983187,0.5292118292432091,-0.3499806280804997,0.13270993074405846,1.4727344818288814,6.120320611505665,7.934222392999781,0.9692923019357927
3.8851258517901592,55.55155581755507,27.47853938917826,65.96772534964967,85.95097864881498,22.66542361713263,15.852574214018162,-0.2207066496780476,-0.129575574794914,-0.9997053347669147,0.9036642357477565,1.5356488279004696,8.677630395288643,9.795836687996074,1.0511101284718691
7.183611330546408,46.103668966243156,30.934771827402592,69.20053407426792,75.81074713418549,22.497214523322242,15.758313335378904,0.19589315022222487,-0.18748076870897845,0.03268974384056711,-1.3013923028794183,1.4885193660957776,6.197683520279975,8.327614544999168,1.472479696544656
4.0833091870758835,51.47915592152148,31.579635816230315,79.67293710875214,70.05647145782486,23.858468951004543,13.450350750064068,-0.3671339209396518,-0.16984288939491132,-0.9480162987749865,1.022549314925925,1.354654341664764,9.001072638588562,9.124288329374265,1.0547113545571478
5.246281642193438,45.466845483386706,28.051622590128005,89.85318658959471,67.07228122648208,25.50003596301503,12.384023382575098,-0.2683508042488163,-0.08650738462600427,-0.5412774745569486,1.0042303388967806,1.2412222293030155,7.511034705444923,8.398069150418694,1.276488202624634
8.20834535016975,54.797281184510375,34.52563507266407,60.67695999715179,52.42458535135306,24.8102267948424,15.340259907774325,0.016982935065897986,0.23139725672740807,0.9340503510963407,1.3810743916218358,1.5170969946610873,8.8817555412203,10.359731638285853,1.9467904790207342
3.897590209002729,57.745030126113484,31.82599123588872,75.06158100534937,63.63773509319488,19.20591533382632,16.769507313655637,-0.24409244174130368,-0.7436923140089841,0.4044694372746054,1.8594827117017183,1.4519652690699938,8.034592901756538,10.047805493950316,0.8938152002816735
4.384264486941765,47.9087565624441,27.29304524218181,82.01897184148592,72.13275780445596,21.341585384792456,11.535696011509172,0.21617666110380307,-0.31430072036587586,-0.5679992666174642,0.9263562423144753,1.3726886547748185,7.42820780054748,8.384408465191433,0.9827891866503505
3.6282631447159712,54.93596078709966,34.962433148953224,74.41427800947613,68.79464078487626,25.4863849663654,15.889905172099017,-0.1569533597988218,0.26031343941165375,0.1407906443608753,1.2672623806103624,1.3860565690546258,5.48190022680859,10.212440385292474,0.7775110223128741
7.936523289534353,56.495858255135,22.010640837353343,71.17890822533097,64.66998559503315,25.13503593824849,15.791589810976891,-0.09226504728359042,0.39893293336116753,-0.015471775478522298,1.3090264939069183,1.3850483120351553,5.757801986657515,10.663458702342082,1.7201455510624826
7.17326883561849,46.6140837474621,26.464431979656247,70.65750231562053,60.4630832118477,18.89108709023577,12.283178561558149,-0.41889274900753454,-0.3210270894472993,0.2617079742273527,-0.7402721084880541,1.479790951068498,7.0990195931928,8.128383230785952,1.5051145698153074
4.788784955102028,59.798305579220546,33.21480292870059,73.72831648804211,80.25518364016878,21.43233677919916,15.42655099192574,0.17812281628032067,0.13919104242949987,-0.3619082235790262,-0.2238075554612864,1.4742191150712634,5.610110583257012,10.496832915313098,1.0389044083609806
6.8257613808948925,53.1381649097161,25.77945771525505,76.49053910398538,69.02733853278332,23.20219199854136,17.67773416128261,0.3777011555323164,-0.16133652516991392,0.8464278422155318,1.2663114663937245,1.384477837428628,9.590601404712936,10.007981099587496,1.6840830373384017
8.628191780234655,53.21225097458007,25.32982602337215,71.32273225939149,65.40621663701569,20.921986465927883,13.0357193126126,-0.27270637388715435,0.5749333181233798,-0.6419591946516295,-1.614022237188874,1.4500490416825087,9.509544427204006,9.311403017817407,1.9842543334881073
6.472260591596721,46.51559268048478,23.712167535817724,65.78550829619095,70.6391874401352,18.075380179735497,11.792394315256422,-0.3236762086532753,-0.4687539310547895,0.8083116916836812,-1.270256392988864,1.5666135972771584,9.683536102622078,8.27757149365713,1.596721455808177
5.445079361066405,58.61020684863911,27.184196214302343,78.2189190830765,87.62659893399493,25.65319224733019,13.587430652921647,0.1963786619960175,-0.5390360372039623,0.2717217082777261,-0.6541014557680789,1.3499465688673793,6.442572399194959,11.120487106050602,1.2207396291539627
8.465798862326016,53.14760354353493,33.144820646763705,66.97071737510588,47.91771229195326,22.40047729642589,15.571001987177985,-0.19245179524580797,-0.6359891714405893,0.9956502427992044,0.11382297214065007,1.4556491018114148,9.189849503018033,9.791181780516373,2.027607280588772
3.178753732017966,45.167357790667346,27.305210748381484,79.7912197271365,51.12920766936472,19.834692239677455,17.140123093900357,-0.2642554538948511,0.5213815729583153,-0.30694273026285235,-1.5235943723621292,1.363673934167405,6.948481283287875,7.825828664464805,0.7270566561955166
6.654485135615646,49.14960444415089,22.35235372776808,64.98543033356401,65.53758964529234,24.881188426267506,11.420803116547447,-0.33416616761164925,0.46222178224180466,-0.6794426639720149,-0.8288139001578831,1.4348450123934864,8.752748011774173,9.050691363877991,1.6392858045054302
6.299073435580077,59.647453018737224,24.814587312570737,83.65366962239919,84.44711386484725,18.57633671722074,10.734541894073987,-0.4020989834740648,0.14908297147465155,0.8669788944759687,0.49226822106012014,1.4223732202050399,8.78765472284091,10.580764027977454,1.4812617083731991
7.1791740975065315,54.71645596862141,20.0256465225164,84.97936792616585,46.1589199062512,25.57384710912588,11.32285129307566,0.237725114659318,0.7087504344192321,-0.058411163625728735,-0.7383306878719729,1.197364228749704,5.833963520254924,10.388249098692224,1.5467966572673961
6.250812613967554,48.94804010368291,22.613245186516984,67.05785346659096,75.42292816032268,21.473829608218885,13.233883621252408,-0.1673291547550657,0.12718642743684094,-0.3040276647544212,1.9807259226453637,1.5145867461258922,7.514632415351906,8.748090916817047,1.3603103620399208
5.355174859739892,51.20575551707502,25.00999663853242,79.58907492113194,46.034845744741894,18.833615517127868,14.068325723582788,0.40451683110999637,1.4346974036683058e-05,-0.7337007279272505,-0.5930066603111022,1.3607793025052468,7.516069874841722,8.731562687451575,1.224488588910198
5.752902997796847,49.302036986680264,21.190855931460977,76.88736345742447,68.92787915361507,20.483784870334162,15.027184511399458,-0.4987770125166841,0.1978532647029706,0.7111903245073192,1.9183128671045724,1.3921917101430075,9.848473237275249,9.007397210955524,1.4017393222019636
5.238212059812017,53.86234361508303,21.71609898088569,71.19872694610005,85.66596293144454,19.113454165241073,15.267181598307008,0.10593820022522327,0.636171583080918,-0.9541761708199623,0.9125194850870333,1.5194630340366444,9.275498637106434,9.163647431081523,1.2751900774409997
3.7957542383244007,49.320365566377404,34.077348387353005,76.46913784321441,43.26185670218666,21.483732033995228,16.350161001668564,-0.46506381420706017,-0.47633428739210104,-0.6076239716991771,1.6027970349387965,1.3653000765488041,8.699365731641828,8.496907068631058,0.9151144884536496
8.463220235566698,52.50154462036595,32.90479252176087,83.97210571689246,83.12873663188155,19.20511438516589,11.184005829050605,-0.0554697851572723,-0.17796221547716895,0.3510237599452988,-0.6636267075261919,1.4443464695398636,6.558899645772119,9.137758085678739,1.74915188008128
5.767467404466354,46.55722495637686,29.702451674998144,73.06872331697168,49.615159368146166,24.335644030280136,10.074176182927872,0.07087644535645288,0.08055476701119901,-0.5124024996255023,-0.2866346299446074,1.3937672322883008,5.834380981185907,8.369823683455673,1.265617883536698
7.923284015505166,59.282084973612264,25.881590867231452,62.09378888784045,71.2778187611092,25.22273598328514,10.011659728393898,-0.026021711638697043,-0.11978274973730041,0.7514862472853914,-1.98257220423087,1.5251427858976445,8.9641164640681,11.331242083413798,1.9273914568368713
7.889704337026094,53.634213375584835,28.51063809107504,78.6047756927381,47.30414961640564,18.855793239981484,17.04800981387684,-0.355708829931978,0.5049194672124198,0.23537131988027515,0.7247156023868571,1.3896618644850154,6.878390562732934,9.269062841822324,1.6299513153189467
5.97654170015005,51.61768186303022,33.75747420217667,73.86158216700295,48.05085570793044,22.99178345735912,17.187381011491127,0.3833077871907705,-0.18819886961564936,0.4959328979869999,0.6589536842391301,1.3922466571355627,7.105868615477724,9.534083353460272,1.3562369954280096
3.086544393768334,53.08494788541117,30.774888366184495,86.81861371278424,40.46793648551036,20.667869195734397,17.228960862663243,0.22272976698527647,0.7737535031414484,0.7675446870056182,-0.35500990389877307,1.2783035257709108,7.466656151840798,9.599186467126515,0.8094627665043271
5.906703046712438,46.04012095330156,30.533688665979412,67.51560945304584,48.02396962190844,24.612274980334995,15.751679605076768,0.029921688342717134,-0.1767033765764412,0.07615285230304436,-0.9578712226127617,1.4267500438560703,4.909122451925537,8.500562040614454,1.213015958296478
5.673070142993763,46.0089372728913,30.597596564503956,85.12795306527478,85.92750494159738,22.79835153837712,13.711793810190692,-0.32271946946087915,0.44391844570304095,0.05019524866382574,-1.5365379352688429,1.3398016398878692,7.031331739397622,8.346386990033471,1.2254275822111462
7.787985170351475,46.43196223386045,20.368350645085822,72.97307815733889,52.35166288617477,20.718050220144757,14.299914780995778,-0.0059701521480847175,0.16143488885949642,0.02701930142871478,-1.5030521454367356,1.4099286076041062,5.596428411117935,8.377511836551458,1.5617465606103784
4.828768587740457,52.67397088233167,26.720213779903077,76.42391753716853,78.5479235192702,23.767389642690006,15.515377474922206,-0.49116341793722534,0.7888086601888122,0.7683040647180202,-1.3347036254999243,1.3664152653692931,10.343634483779715,9.89602722523646,1.2560400401937077
7.886567572146697,46.089356503112775,24.40351688475713,85.8249726022656,46.64034442641058,20.283615970431235,10.555117525082887,0.3426739454065064,0.3444663938046406,-0.1332552920773763,1.0338215274792897,1.2954124349828529,6.903915742945834,8.150355738883047,1.6296862648935682
8.79253935694349,51.36698235162159,25.42316848232183,81.85180010598685,73.0688487961246,25.370298206537758,16.887660819174194,0.3211489608926933,-0.2384995292421469,0.16482444356904558,-0.2588842394213726,1.303009436329058,6.181910837538881,9.761841706722102,1.9116504174744693
6.738183414379002,47.71766231799643,32.466887585010696,60.060443347739046,71.15093224729634,21.16554390162494,10.7962255577132,-0.47366648816624085,0.22248249755192484,0.7223957942509558,-0.39002716544991145,1.6268504219109021,8.62393876904693,8.58845773657885,1.5823232831985041
3.623583043353198,58.87005306076263,32.3696305842426,87.00566805605855,63.710347769359366,20.862846436281043,14.924066453388406,0.4822397536127141,-0.45872013593502176,0.7835096287555876,-0.4719019231481909,1.3139943602850408,8.38012247595537,10.60546987823598,0.9275212885557561
6.577002094151194,48.96578458597174,20.65693213010056,61.31783345404156,70.08500225129993,22.92425932560443,15.847802402622237,0.4950392225586808,-0.4378743796917744,-0.31400883557264647,-0.5001742724725675,1.5193512335500166,7.479253616471471,8.965045386161648,1.5113055637368464
7.7281835547171385,49.22971769892236,28.713425033838377,74.84175989990585,70.86830866432638,21.779044449374236,10.717627688822311,0.4164502571064065,-0.47020239182394563,-0.09125695708089476,1.469300455721767,1.4273096018637745,7.541898003543592,8.829729078616747,1.675646610246796
3.5857963588232624,47.68831058810454,22.903948052201393,70.96268952487424,83.28492575471745,25.007827410641283,14.996367324815676,-0.1935375755011987,0.1728349587858261,-0.7479121151644501,-1.2353741708302193,1.4179208272662678,8.190174890320238,8.76079827598922,0.9651734676723628
5.571480862801634,55.865061843593345,33.29962148681296,72.33797665643624,55.29079482809829,20.1726550919443,14.725719732525667,0.13784029792468566,-0.28566844816643455,-0.6639037424077809,0.09097457728942393,1.4553650582129651,6.390030403520678,9.532206168576987,1.2714031575085272
7.050438644584282,57.44907724300725,24.34524593404094,65.06118634374658,53.4899365738907,18.50499877448331,10.59129374303614,0.4628961452386062,-0.6023553362765082,0.3683647919374049,0.3513108409635617,1.5461474550189516,7.221007513875084,10.096560634285327,1.5364475723613857
8.715706734825085,57.76513401489149,26.40931708724886,72.73081200955413,68.19054043783548,18.28670643287223,13.23793972704967,0.46509091439226935,0.034972030819261035,0.43449540220965166,-0.10677147336508375,1.4889450048123707,7.0595964536905,10.091020026005816,1.867642699398129
4.252057471358661,50.295115486186,23.74561338877699,60.03598010696698,50.79993055786725,19.161009674274684,17.127398659771465,-0.31347672158646667,0.09352561893762634,0.18248718637583772,-1.9341353791959837,1.5935484048188908,6.441606286834993,8.858141854600134,0.9358166520074923
4.687175270128248,46.91488073283399,25.89827665512793,71.46110490273539,53.03026703193032,21.84492803108976,15.017365620863924,-0.04906416783297429,0.6675611376642088,0.2914555644611714,-1.760257514830144,1.404603118198992,7.036652781577829,8.550832298663565,1.0243048974183862
8.271995088936443,59.06854850074224,25.603487561233695,77.14094982097342,53.70852094988734,20.91540934880693,11.133614802550811,0.02747272195715389,-0.31036754892465307,-0.6239797992329474,0.14890209408058386,1.390988998292626,6.694764579587522,10.33872307347278,1.8157816362353376
6.3435810436109366,45.20385152054149,32.762746251101895,81.01912176565514,71.19679579438834,25.633504374259765,12.935054767174831,-0.09650329303600097,-0.7266375607283979,0.629972069050776,0.4420408967568177,1.316598077983869,8.059057999351758,8.589521050007498,1.4505540090792368
3.049711781727206,50.3115683472165,24.35619567372848,85.53767811596589,78.1606514416565,20.966107039230092,13.373870768989201,-0.17048230121410157,0.6760617640314717,0.8655074578545385,0.9313182205537491,1.3409012796111905,8.753952709003483,9.238810158014038,0.8113632936649661
6.994030959502112,52.25121937908026,26.766595526171628,77.30903902514888,57.38435120289214,25.62736157368187,15.21879683155517,-0.3474343468652634,0.4676091945925094,-0.9401975191995745,1.523613215371448,1.290983655179402,10.423984399863242,9.502431731709907,1.794030449898753
7.611762431770973,59.04896712608156,25.180207428337166,81.3897178672421,75.29963899756937,18.994773639710214,10.515100218519915,0.18049578621511686,-0.747580052995854,0.7358207045861946,-1.8703932772732492,1.4150052284650603,10.082325173505913,10.570284885541236,1.7859521239604945
6.236107874008663,50.50664864716084,31.279164800387065,88.02574229374173,65.52686803612846,25.201332650794278,12.760031623341458,-0.3064557144970922,-0.35239882261957967,0.8215254418174036,-1.3366185320952806,1.2524554329389057,9.525766565143952,9.554924937084568,1.5219671085446904
7.819889381419378,54.50858344827472,26.94586435121314,64.61740520129297,65.43699032363753,20.52064452688599,14.545621194006614,-0.04138377796580328,0.7516439648212532,-0.3080961259473214,1.507907818822169,1.5242088354859495,7.573295835050282,9.548407087111599,1.6708713713342098
6.628291123361706,50.01075735736149,23.18012690721402,72.47390416515661,60.989247640503024,20.935190692237647,16.43003291593034,0.18484226819140392,0.04320372803697836,0.742870886884881,0.860895151020129,1.4295378896216802,8.019120655940759,9.199351412790671,1.5428934618553445
4.564870973841343,56.46384685487897,21.11877948909107,76.3737791429979,55.751783239858256,25.046099759651526,15.467168491115775,-0.2626737582974586,0.10990514028853227,0.007618625759931774,-1.058194790230734,1.3136168182656611,4.825148326861779,10.673823120209551,0.9583417104331801
5.430366485793846,52.23545872701537,25.107131164635906,68.32488667173787,40.42989816756977,20.18498599040035,17.910260026910084,0.4960992044023502,0.22334663747814565,-0.7080661461839133,1.9503568301814629,1.4487807583513346,9.207408559327776,9.064834189156294,1.3209275118872135
3.56735060577702,46.63234060945503,22.008412203257137,86.54821706400311,53.1916906841662,20.99117891673778,17.947834031754773,0.3525643377616633,-0.2348158419817915,0.005391260280429577,-1.2019927445280194,1.298698332917142,5.213687147466909,8.40663942843263,0.7073291725196728
8.106641296349627,49.97939912141749,20.34873078833602,88.16528381962411,54.93204677509095,18.914881823429056,15.023476597726997,0.19132257465100688,-0.14697310201689162,0.18723452630546333,1.1401035049605857,1.30566353674378,6.543840835752858,8.800908043148418,1.6658999472961564
3.251034333499416,55.11387505746546,24.968775143098245,77.57920230195242,78.89721375873722,21.44425652768047,10.050389890238666,0.2527338934324619,-0.639146722698934,-0.688080931039246,-0.7824502246873151,1.417896285668049,8.048435035131337,9.725990587991792,0.8483326311898438
4.49441321404257,51.14312307213228,23.54941590505063,61.122538135762596,84.23774252936906,22.481243053438003,13.695504121528971,0.32593203102962065,-0.09547773930763459,-0.348912243560886,-1.143062491946515,1.5789195615676048,7.012249042140545,9.16466644541599,1.028847675606746
4.353060366969254,56.77493727004493,21.739249388378248,88.81160158621962,73.59378502934811,19.45997444286513,16.075054196817497,0.37515119077315495,-0.5412946834747596,0.36046251170757215,-1.4207739642148858,1.3270294198335324,7.7207677828059795,10.1405272187271,1.0208534347973965
8.042938545301935,53.38757954482594,28.077870209081993,71.15357631067492,46.31279972724463,19.98989571532897,15.400054382962136,-0.03821421625126631,-0.3441949646796003,0.24338575079377422,-0.7169244713941005,1.4395011996638754,5.738820814327639,9.464277214736018,1.6694260663078742
3.0457860704657422,58.345224676395844,29.213179477832657,74.46065189976365,64.17225387599504,22.009805339976943,17.48944328940278,-0.43454974472673563,0.20854471851874345,-0.23140221140187245,1.2377512898220169,1.4226589287566533,6.199144134174221,10.406528765043479,0.6881960684188524
6.329402296458391,49.552207264672376,31.559162103206987,65.60235431162245,79.51122932266631,20.831955239831036,11.867219879441446,0.08209543624942395,-0.1134779167710468,-0.3300059964738211,-1.434874913215725,1.5777898682390705,6.946003381919589,8.657858066318878,1.3660361301783164
4.062691561608991,46.31611681979441,25.314735398469203,87.11520066123663,59.939008779816625,22.44329220689076,16.803729651031148,-0.2735175755322477,0.7246256897560746,-0.5158897793528968,1.461947670050321,1.2743775944261575,8.305959349660125,8.283898017635558,0.9549036327365789
7.0916706248597325,52.0662109012608,25.667780263867908,71.06100116399364,55.92520417557978,24.990202815779078,17.803417334374444,0.008451601441220369,-0.40024891534417356,-0.5084865988707212,0.09821478819693308,1.3896788793437787,6.100520870530266,9.666780950749427,1.592464095351685
6.695124156673771,45.596547317585376,33.86026085862514,74.65344118908355,62.5144068456887,23.81863088849672,14.521970895951792,-0.39799975656920933,0.6696299600739342,0.2795753528736993,-0.5247600497654523,1.3762403921587258,7.419652008322481,8.353027721741118,1.5157822343477723
8.668971946269519,55.3062203280109,24.575086257517505,80.61992505348796,84.50738378041603,25.571385477262524,13.990182676017348,-0.48713704832692717,0.6037493370017581,0.8094311538404775,-1.1674617843461133,1.3126006646840969,10.85750718622199,10.656126384433861,2.1779630190563477
3.0326251413526872,45.640594594376246,20.039167079837743,87.26160034370699,86.37385073551874,23.93325906945131,13.901360412286978,-0.2984373140880917,0.016525252953295877,-0.009719019667944417,0.9779476013306394,1.2979320944021973,4.985283886534207,8.479344233282658,0.629411609415054
7.551203579670094,56.296634898308625,24.596024439154583,71.89440616648898,55.30969121379922,23.095483139290288,14.645563221555626,0.15232572334952976,-0.7342051811890058,0.2978683205489332,-0.9631032177311987,1.3810233192310262,6.975393915988833,10.448021413637433,1.6555532495406842
7.665162166918259,57.85912039298154,27.988971063053192,69.34718196012679,49.5632252993963,22.437347045496526,13.067378491071972,0.19952501815127666,0.7670450786794301,0.3970571828464582,-1.2166909530996972,1.4088610632032095,7.706112751882417,10.592822746733066,1.7078577517294484
3.1912292268114126,54.431765110475936,21.915023531062452,72.63349885571391,44.46171095986446,18.02241318869166,16.543848993311236,0.44357038498648926,0.06812707724604472,0.2948428337219271,0.8963421017195068,1.4422991964550285,5.693620743080237,9.579759279899767,0.740310894300178
5.586957014254216,52.29322199981494,29.174383069696766,84.81962271465645,69.4434188712412,22.421822652227004,12.589082117110047,0.0447904232352726,0.1014572146486904,0.32012867220706864,1.8882066128584447,1.3374460778135486,6.707650776809043,9.496649717049959,1.2221546325672439
7.115893381759251,57.069822029131714,21.203019184332675,80.88323917330322,50.02619309314188,19.907548040642588,16.626881473254105,-0.0013395162791156046,0.3913703731279645,-0.7680042515710637,-1.2765117519019173,1.347507128457434,8.127845448398306,9.905490301578942,1.6375198493088903
3.753963452664194,50.30802257744178,33.56209699266239,83.72033038712681,41.22922380077583,25.197359069554057,16.406631187330305,0.45425560957219036,0.5928331758400238,0.1037800414735468,0.7465151767016098,1.237368292615525,5.7761829252653065,9.340375452815916,0.8293098672434517
4.270797165264473,56.64018510148684,20.803976098940044,75.84509997527479,70.6237147872306,21.46185960250958,13.270375423519347,-0.020735271638777697,0.35638339142436104,0.7857932754025547,0.7159037923990481,1.4019347089883425,7.288044314885989,10.499341261030281,1.0230103671809443
6.823867594543026,48.357949073155226,25.535918740482575,60.82232748689569,68.57184371888478,25.4078417855338,12.886071461250516,0.28211289159710184,-0.7695845372723403,-0.5974740366648668,0.5317381240296681,1.4807054799470813,8.568193520182167,8.94023009692449,1.6701411332581366
7.758399375166979,45.87470510740007,29.29335049027126,73.37601931240752,61.59636069378237,25.830508055028037,13.022940320519085,-0.13445296834506226,0.5813502159003332,-0.7064741641258587,1.3412944421442163,1.354813034946959,9.293587746531122,8.38706387325416,1.8785098968708052
7.34344991047483,47.19942455629227,26.410472865140612,80.06909064650534,69.5919902784143,18.700827588833288,13.776102267923987,0.36787414857411915,-0.5435064948411035,0.2509834197909464,-0.21402815855019863,1.4113202850590822,6.977373721101125,8.293423504845649,1.516653965296173
4.521048184831749,47.9795114892367,26.4961075841177,86.79595604403943,75.5020654075912,19.499818804698265,17.956404871936545,0.10045825770518846,-0.244282886035331,0.8188421289791006,-1.0265366622255827,1.3856612370852335,8.085878322180896,8.63062485923596,1.1007958816605832
8.34909638715074,56.842018596028254,33.81591412654029,74.58537171861875,79.17705598618039,25.260018681441373,13.679002016396801,-0.4810985847948712,0.5600384321894025,0.29337240010383914,-0.9512052659566268,1.386877996311517,8.107291008458477,10.541025793255494,1.8842152826675962
6.89905806914829,58.40896854491851,30.804238070852534,85.44949531673765,72.85772691198227,22.508471733877727,10.393010169134147,0.20138567271492502,-0.11697058183599462,0.16035076665375292,-1.8389095715045671,1.3463017670570439,6.507265634713988,10.556577014824514,1.4788245705921972
6.1966879001286275,57.984590706427994,26.924536733586393,73.01517325773841,40.2904217297869,23.57804369554058,16.215136034736652,0.3134220506453981,0.06394927197194122,-0.00733334495347604,0.4121956697589071,1.3501313850428442,4.294402249244003,10.674088988110038,1.282093464115922
8.915563130423308,49.248726482586804,22.673098500640535,70.76492484986062,73.21697481933916,23.39596883280681,14.577867656349893,0.4203326347621166,-0.5723747633476008,0.2181321984713267,-1.841719288317697,1.4179430963887263,9.009779572568092,9.158114748192917,2.0457907635429717
6.3734770682974045,58.02778961000871,30.60571120421779,88.91595407256884,69.83963110347096,20.700004020833028,12.354353027105708,-0.22769143413828785,-0.4807516175635567,-0.565675472755484,1.540575599913939,1.317383155927285,8.363930845472646,10.043074511764612,1.4671142471795957
7.882900587248545,56.87809163848515,23.756700875216765,74.69148093001354,69.64609096361255,22.26172995276828,11.212668029909452,-0.19407304946969167,-0.7026353704844637,0.6641108060659726,0.20145224392328753,1.3913249078559133,8.098453911697192,10.54107107139276,1.8200244056545394
8.933040142786513,55.76710401099126,20.080712650416825,60.26010753996509,40.12597853859946,20.292543187366185,12.523578236700857,-0.25013161276862794,0.05723332238815715,0.04273733754825648,-1.0228568742061297,1.5275623276223032,5.59780746626022,9.967347417465227,1.8026963526356816
3.7653085540921634,48.99112929331499,28.269348171732823,66.36707488699311,76.03330612164405,23.07282050112623,15.734258418902638,-0.3019802634615851,-0.4574723035231733,0.611955043229184,1.5212496520320347,1.4975132372567774,8.508642687958416,9.082643361370161,0.9920376861106508
6.596539655496985,56.44050545339726,32.95977063429829,88.61065102415945,54.0383397396474,25.672121178964293,15.630097283504346,0.29102958115183963,-0.03734313447902715,-0.7131442133966488,-0.45739702481781275,1.2318109745486183,7.360910672755498,10.310411666128026,1.5461023825051432
4.704320963125975,46.59209734237979,20.69709208978598,89.88844120832742,89.2944024003941,22.6375870760689,14.05777685056406,-0.206797449350911,-0.20515853432017916,-0.3008355755242389,0.4645260883121769,1.2992493983418871,6.060359764768277,8.447648131841918,1.0371035020757695
5.063553600890318,56.72837391805754,31.036649964162457,85.61185117590387,58.4159224513775,24.89974461306187,17.376009746256695,0.39435454871957165,-0.5300326645106306,0.18031401769944244,-0.05885107218393393,1.2532304606745521,5.549402366149354,10.524832112276538,1.0927015777646396
6.6273417472565335,52.69571079250445,22.448683832168065,72.25071264427832,44.709944389338624,20.71366590619211,12.771553845091484,0.12873481397667308,-0.22754706999689567,-0.9722773386763883,1.6096415596519353,1.3977846370271676,9.280434006035044,9.10027518740417,1.5927072849847321
8.614981246308725,54.9066048400221,33.19802460579429,88.2127580880862,63.23795948127963,19.246045501304195,13.61298434882923,0.1022123652181095,-0.041418100447136785,-0.2813867328624928,1.0138461197269542,1.354851327501232,6.282986194427954,9.41688139179982,1.7501364389122305
8.47842905813685,50.34196743209585,20.454514882602787,70.43977526138889,75.34039938986092,21.54632816777899,14.87282652254055,-0.1832675554522824,-0.24786230343004412,0.7360407216662113,1.1786089281179573,1.4622766887044614,9.051968557469783,9.311720872213703,2.005095860007518
8.695141722114283,58.48469046534025,31.795484199706088,65.13184777040229,40.96463295881327,24.30194847768272,13.25073281827741,-0.2367946689954306,-0.21307751910018236,0.150799811495556,1.7442939783756057,1.439245631858309,6.731711235340136,10.761729866245888,1.85193629661399
7.873768690018636,57.02570631937237,31.34381340819786,84.43198895287898,49.11986327162607,25.828660061555137,11.292414742243661,0.07715583995469533,0.008086024674160752,-0.16585744150108717,0.04533934494008163,1.2614515417474996,4.3198345478835645,10.644552366927135,1.6171780460860918
8.52003497446038,56.586318651814985,25.138065011724866,72.95112534703854,87.49641188352012,20.158948840835848,10.893689920072383,-0.3678633963749794,0.31380794068270923,-0.22972083257511133,-0.3794978541409797,1.5120996541676286,6.920811389063582,9.863057995630856,1.7925942718831087
4.0772086672609475,48.34378592432135,34.95249545231636,63.38457145475025,80.55012312779033,22.29419774839004,17.46770004471817,0.05819572879957102,-0.26868800804547244,0.5881059447720935,-0.4442797283977773,1.6066625372039913,6.540509406449887,8.767007905183473,0.9322613237483448
5.666210928753018,57.86748417207988,31.073815867882704,84.85952113016415,49.24563465969814,18.536878201913197,10.815828016200149,-0.3489179535084068,-0.5859288216832136,0.7376279818640232,-0.34866472448396224,1.3492839759355753,8.066572965840264,10.147921459176372,1.34565989757908
4.855037160284102,48.39431099052881,20.666207969030445,83.04527086221049,73.72677140318244,23.796916496547922,10.196058424800137,0.0953984613635146,0.166508884887979,-0.33244346752245946,-1.055028264379249,1.3156827246390455,6.1102669587912715,8.939000333624774,1.0749263111560032
6.6909677669912675,52.971260058521565,28.34038270878174,83.68411994980161,89.93904063752052,24.645012951652618,14.02960170226001,-0.056663597196752014,0.6938046405396969,-0.12448712871129264,1.2927850732643624,1.3325253324740456,6.82935193457372,9.770266079728385,1.437209992732925
4.792818003524719,58.09092300890667,26.780190728042776,60.925104719816176,43.86504240922419,18.96432434450728,16.985213024073765,-0.25843886174832187,0.22937832828062366,0.18538359857678222,0.4857579910708951,1.574066773358696,4.868849165863787,10.122606693326048,0.982181820111355
5.884228436291346,48.459170759680376,31.510201242868575,85.21756629523838,69.37424778089893,20.12833076012789,10.65479275659265,-0.37153804536047946,-0.22995646034070993,0.12857517642172955,1.4648737690901714,1.374028025989065,6.869889403940305,8.479855071134308,1.2110355105347574
4.625716122297435,58.89476445029324,27.716632039923063,80.17951284626753,63.431918817021334,18.315309112115436,10.479058372321017,0.20005875788503213,0.6300473436773377,-0.06972809139778835,0.20918688295372867,1.4231302100278707,4.843276134576998,10.09729102674744,0.884509849547089
4.403520624908111,59.53151770739136,23.50814993932542,88.74908399722014,48.77713356484757,22.155415878319086,14.44684344923092,0.3898018099324019,-0.26513586185296745,0.5061303005605131,0.026164719507228984,1.2341002948065407,6.206697692295791,10.949851232691431,1.0437623402034129
5.536427353060744,57.26001762164254,23.267343176021157,87.39069046377008,87.00056388934685,25.793242218421142,10.149115075224064,0.21463103049732613,0.756916088815224,-0.8784448712046483,1.5768766693761225,1.290447654558919,10.228546213250883,10.622243303973244,1.4229177984344217
3.259760904239673,56.683102811193436,32.65434267391034,64.29441056934297,78.34271463413319,18.52870790919133,15.44787451239321,-0.0009266542535638078,0.3255858189497802,0.1083976682562886,-1.9743423078712932,1.6443280660518949,5.7164372635774425,9.717759715215022,0.6256193109562941
3.7164787917513555,47.91653634184476,24.697482120897394,65.47628041466027,78.39324731210039,23.16064583912744,16.228736526872588,0.30034698687757044,0.10016898394213991,-0.05964490715078685,0.499671339314804,1.5021363587639611,4.785519428805068,8.80083536003154,0.780569234130257
8.9402134292955,48.48200632002285,25.176772262377295,87.58919623014783,63.79870368886788,20.87129825335512,17.586119542269124,-0.0744954598261191,0.46134222212309606,-0.02148936988185357,0.2840039685803526,1.3274415562104032,5.430884151620269,8.611120174249663,1.7930938370228906
7.246356804937905,57.33405944553577,23.672956532472718,79.17409609603325,58.59895806945079,20.724821335814163,15.768742602422517,-0.28619839986235507,-0.3519348132259145,-0.6138950378835928,-0.30101633746838496,1.3630753431362772,7.518202671469364,10.031554874503982,1.655277432605793
7.800227932604591,45.786576025849726,30.249887854974467,80.2117619082039,48.86473236943357,18.85022054216673,16.904207901447663,0.1824941974270795,-0.40476269925198927,0.5897210323266,-1.088759899898369,1.3939791352940798,8.348366959236817,8.040317498203725,1.735200882594028
4.623586798031134,53.12039634087051,22.62205640787587,64.90737039573773,82.26008351671025,25.72854221297114,11.970942217458198,0.06121944735799112,-0.6581858090407937,-0.6814632625468668,1.2313376658499666,1.4763062612137643,8.33327920236782,9.78161620106277,1.173972658054386
6.332119819453254,49.8632782723605,32.982887340471294,79.11857288853506,48.24818440752419,22.4613989181188,11.77130376692618,0.4231354556045943,-0.30875170578058164,-0.2842446039728884,-1.7819422429713678,1.3403155060970753,7.818712686705664,8.908827273416607,1.3946501264519793
3.6366284820011288,48.10305213066166,29.309845946931162,73.35199543987287,55.700170945706674,18.46288254594819,15.816079284921999,-0.34132019190059826,-0.3918456431470494,-0.056894672929178824,1.2901056852745767,1.4651417256636683,5.769555033579458,8.194597780427896,0.7585338288846634
6.426400573763473,55.98884296478106,24.92001501408681,81.91305571023949,62.952239436824954,23.18554422882187,15.239585198813808,0.3064927317101933,0.7024859923900386,-0.41965860053976967,0.6246191556539653,1.3038750584680419,7.43956857791146,10.217791120657012,1.4841689684535926
6.215060558593543,59.48714973283022,33.41875881888887,66.5986199931543,76.9941351151327,20.447351895093234,13.81300442830087,0.38762244773588317,0.7652281349890371,0.8380505151703155,0.7668612071940988,1.549681682713298,9.568370528387684,10.641104341993852,1.5053245564121969
8.917341616127382,45.17278526037738,33.96669860909965,87.95277291613291,51.967780734603224,23.440159076895963,11.63157311891988,-0.23360059098259772,-0.3017945525209098,0.5788348083198753,-1.8748031126868934,1.268478264770927,9.346947485273425,8.321810409589531,2.0280094301819114
6.174444510061511,52.566099188593846,24.396873061133316,87.37938660937213,66.69697891788383,25.54073362936414,16.792910288874147,0.48799452710162894,0.6765487356263093,-0.3205246460842226,1.7537040569227011,1.2224701944341332,8.828203680912297,9.851894107890544,1.4804588819630389
6.913286384950535,48.017792659390985,27.872870998416474,77.73333015966602,56.18985583315549,24.54772948968364,13.197725540356153,-0.08600991377109313,0.1348520425233517,0.3184309330861561,0.7792599642661759,1.32321788652247,6.0297075086693654,8.984619725949035,1.4840297098690733
3.0550744351469397,56.54883658240507,34.15856205917714,62.266923328285685,52.15453295485361,19.59800062356665,10.763375906429399,0.3506840516426367,0.25934102705323836,0.32725942684069054,0.00854458502396227,1.5808441669688276,5.0490524470297045,9.863404846060972,0.6541965130062231
7.248611544449513,47.81842351498846,30.28330338133869,62.07982681364798,43.893707917442,21.212000175350276,10.94228771124144,-0.2806811080901984,0.1003435866114204,0.2696862789527741,0.36902375275164134,1.5267422263369044,5.888754438305498,8.508801781910394,1.5002489696922192
7.980125065352768,53.70073309989347,34.8839244042036,67.60493697674968,78.94446893549994,23.84474216655757,15.08660072806597,-0.3871993221063262,-0.13142150716699907,0.5734024103339321,-1.2478756913667919,1.5059513187066607,8.79095657052051,9.925708018010798,1.8786103220265902
6.7460858314061,54.118449591782074,31.719903679880094,73.31499932066474,43.58133182202513,25.55560322840992,16.126211101853265,0.46179801928264597,-0.5972895152448172,0.5830465602247317,0.8196677728970552,1.3109860453888713,8.416153295834112,10.26331527559862,1.616032689507677
5.798770400388561,58.52944419008153,24.826957341927503,68.70481581940047,87.08327653745256,18.666424245475667,17.21032078051998,0.2985974389560673,0.2180032315492606,-0.4380427609647888,1.1972352761137253,1.588797868718183,7.575559978270627,10.036719198199856,1.2457645494439948
6.751650270507692,50.46263981239341,32.11550297716401,87.90939079673056,81.6030506348889,18.015512512313485,13.644069462450007,-0.2035479101432437,0.22528935608933254,-0.8500043986191429,-1.1162192963777609,1.4147820072623858,9.275299547045506,8.283044768369857,1.5724017286718261
6.757079858567444,57.9247443588989,21.771728855895393,80.36265013782332,45.55818189625294,18.0080855718342,17.390009007803982,-0.4589678289320048,-0.753484758627875,-0.4825562870081169,-0.4404586829267483,1.363106963489361,7.7945960195907915,9.870853575309956,1.5091923325313448
5.986701609563037,55.849520952075814,30.115371606075463,68.36897534892952,82.99333792970234,21.782181020287517,12.754867548613383,0.24856734644477774,-0.48117111053470796,0.9980049004548395,1.4798338684735843,1.5154376513188312,10.335188191795943,10.264181108678113,1.521331602982552
8.685252398883916,56.566185953812614,29.5879272748751,65.04810555479372,89.77730377444028,19.66205365545591,15.488930872809092,0.21544554607997102,0.74298339668794,0.3481959516218689,-0.5762686860915922,1.614490719044294,7.850065671403491,9.961635971094553,1.8638281232280225
3.4518263116627614,54.335782068375835,25.397621929186094,77.79082383029326,79.95334156911669,21.37469315667552,12.792248146575457,0.11137635918780031,0.7165102254786602,-0.43604056992698337,0.12117230261768652,1.4047645111231526,6.102968542027617,9.61706260700829,0.7823235073837281
6.770629880871276,54.474213019138304,25.787638615591888,78.30696113341193,43.60249062245754,24.70104375473422,17.598600071863974,-0.15239979943247067,0.28645066974020716,0.812017026688411,-0.05462789110097299,1.3083388320828178,7.208309886554849,10.397320829966421,1.569327306849384
5.006172710082058,54.81880153543692,26.32742133257886,69.44029148771934,55.41701803132012,21.591417881082826,14.76159001161306,0.4464936190161777,-0.7419551442879344,0.36791754031170054,-1.3134658822589045,1.4198058010782642,8.033796654884203,9.939445816488977,1.1792872524597011
8.959610317211581,46.11158290983061,31.363940998221125,85.08057625992814,54.48038601712449,20.950968118925775,12.623152359466053,0.49844340152636357,0.35841663573535465,-0.7376231525742518,-1.289227823097965,1.3157071784346157,10.341406540628208,7.879612259526256,2.1513935812623
8.59963435355807,58.7012350440836,33.3603263319405,80.14906161667514,42.98748302679365,18.17719139479318,17.182103666102208,0.001992743346697634,0.6306527904448045,-0.5647890879157696,-0.6426598527852767,1.3989748988180026,7.108242643693925,9.78959869583868,1.8182582168064074
4.335024536243502,58.12640739900793,30.07229402647709,72.61707321065984,73.8794714786213,24.21011132535614,16.69207278435251,-0.1636986243964203,-0.787267560197211,-0.11924275066739287,-0.410863284204978,1.4108823605525647,5.552885664956449,10.656984134352827,0.9130215206631093
7.6530095782751735,57.87711669508482,22.80471759174234,76.28672084442849,64.09011882562751,23.120267586306646,15.574857383913898,0.09994400589492547,0.6256001930053214,0.9905179196802625,0.640493313689606,1.366775511952375,9.206801249421416,10.954220009393648,1.8905325029614977
4.996165265175028,53.291075057700475,20.159712266105895,74.79859541036475,88.0972294266927,22.652663038000117,13.655169911404478,0.2275227624413665,-0.057459892711634986,-0.7750154017740654,-0.9856120811146307,1.4245151637884317,8.331502470003743,9.596487089390697,1.229885120805736
3.773946607028205,56.204436420782166,34.16966038105104,63.43020119102219,82.6973471094069,20.821354882687913,15.314297798315119,-0.3392948960279055,0.41860030616373267,-0.18165464620236793,-1.147741159930368,1.6006218247770345,6.4297901377278,9.77520515815918,0.8355209847438179
3.506185135238969,50.45175062801249,28.551731658702025,61.326036371561756,50.19894184548765,23.356430688334743,13.173216548799571,0.3020381137909006,-0.2809843874812038,0.661893527224539,-0.2812002208750761,1.5020091420776056,6.6620769542373335,9.387015286781798,0.8659503812457372
8.369068687315888,46.174324048231384,26.145795903271733,84.52105119173812,66.79424642215196,18.884005381879213,14.70111699401449,0.4740369304686636,0.27969990072019035,-0.27606788338692423,-0.5042880772060654,1.3723809869540506,7.60873076271666,7.913506498113949,1.7702452506971724
4.498282436272773,50.33800033578242,28.170011459209746,81.47055846225176,88.03563394218816,19.86493449090797,14.540270873678303,-0.20456787262553888,-0.3353887417790915,-0.9144536467204134,0.3296441332400142,1.4278930754350243,8.317034830789355,8.496339016417139,1.151206070260006
4.971996844313804,45.36034153713108,31.985801607986694,86.08880161167562,55.09662069825945,19.304388169110652,17.61319896470326,0.2625002454720021,-0.11862245280691142,-0.22308759132428102,1.6458551305027935,1.363345167120177,6.62285945822549,7.841582714359691,1.0863626774605297
4.466914436803512,57.21843113296137,29.074017843694858,73.44889180019393,48.962965692713716,24.588703776865934,14.001555823369738,0.17322218404040057,-0.6189571515848117,-0.23993059689726093,-0.33078906724774626,1.3441769327163626,5.390600920799313,10.479037050689033,1.006376635634486
8.72912247340852,56.702254455697265,30.139558601601713,82.16973541055413,52.92974657626419,21.255951664748224,16.786938963748213,-0.15451021413778482,-0.34520003619232836,0.9586901644549961,-1.21012757910868,1.3405910468200009,9.396404956568054,10.348254334125437,2.073814440694031
4.309548782205952,45.037726122267415,26.970246682516912,82.56817475208445,42.719683949982475,25.291120243312132,12.743780307391765,-0.07882858743226717,-0.4861303230898036,0.6558368936744676,-0.4383814944957154,1.23173497574018,6.775155640347611,8.631778223728166,1.0839488662252426
5.926879177899148,46.35699595031079,24.215638051990272,75.19734869575335,74.01976272827966,18.76474457974772,17.66815872621196,-0.13925666507442602,-0.09797406361940597,-0.42886585060832616,-0.5867635357003558,1.4899253306472615,6.299448134671719,7.987040011633511,1.2505199222454946
4.9755407700121115,49.908071794503,28.828593310861216,64.62043191796378,66.23858155328854,21.35085300543893,13.650302078418306,0.0024810378164913383,-0.36806602457881943,-0.8187593919810129,0.6182400303178022,1.536010462734755,7.651588803091373,8.641330270215587,1.208072705593691
7.50252828898023,51.278075415228614,20.292739206648957,60.24172084765507,40.509447719897295,21.638319890661048,15.153177129724579,0.14491763166890292,0.6730948888479036,-0.023481034903973574,1.0407264357059156,1.486431593852696,5.871287044658509,9.287611351631282,1.5535227501631748
7.54672083854615,53.36267555180239,31.627734203038944,87.66969336753436,67.13101470632319,21.67910718345986,14.722192392999961,0.25136320473321805,-0.7495166851375177,-0.33740191831260324,-1.7554234658503196,1.3099393676662205,8.558073522952437,9.375980246747815,1.669921407067837
4.363857641998302,49.95713270701505,31.537433550703593,74.62871121572995,65.0551425800661,18.695267972840682,17.62301418685298,-0.3766607698075043,0.6517845019543729,-0.7492042022245056,1.8283523456477893,1.4775782872203214,9.901075633016312,8.346872290912323,1.0925786771985795
8.68952623908359,57.05586103578527,33.388724530045664,86.1362555387013,58.80177995923427,23.893246772390313,10.006551070757125,-0.13582219978841148,0.12981010581096775,0.9915686475510881,1.6717144329242641,1.306743510357732,9.92937014664935,10.689828553029205,2.118131221243863
3.0150539677108856,48.36141004577896,28.531634307970492,81.33758291251023,88.4583065749257,20.270132796679054,17.750837046578276,-0.16531923779340563,0.31343040329809746,-0.26618496543015135,-1.2800515923201465,1.449852136177202,6.311196153418839,8.411310787493735,0.6336050864445941
8.748938876349854,56.021336811008176,23.344556495700747,60.759803307568475,43.32992913124702,21.014101521254275,13.74764521067338,-0.4758854181884329,-0.439278372830112,0.8976228776045616,-1.627380055439921,1.5025484916747658,10.748870549736166,10.247976398953467,2.1324941859100353
3.917970124708702,53.793641219589546,22.052000313076956,60.12677913382059,77.82695066162516,23.025978221113473,12.484548932420141,-0.10890924782928474,-0.15169843327931842,-0.2879114433813629,-1.0668259501207458,1.5720528199654815,5.622001457062249,9.862395809598564,0.8548370231628557
4.376374918615396,50.69778530373177,23.3827252013004,74.25979482224871,43.71008057026804,21.158043572800615,17.815455216458425,-0.45358551039123596,-0.2743330189967367,-0.44674619613092403,0.14198848626938698,1.3719121711280426,6.402536580602348,8.982960746741778,1.0230915697604932
3.479657553004111,57.47114255867991,32.26032467491066,71.13624061217145,43.120069875537204,24.779269259203815,17.57766520751168,-0.2616854570615912,0.0701870847916739,0.9583084955162109,-1.2449161407377134,1.370913197149828,8.235035076747849,10.900758002960032,0.9221127338970415
6.882500316001727,58.916464473996115,27.006879355902992,81.21401763921169,81.86107272035304,25.942841729126204,17.440317396162815,0.14419117814462412,0.12184055600849963,0.02863725370779968,-1.9437448859664745,1.3374293005671742,6.22306264073227,11.10173934955475,1.4761657083739055
3.443832773203244,46.9666600383252,22.202523628862018,83.70556400519997,45.78763028242786,24.86649172284526,11.307324054962912,0.437990026559264,-0.3596762327093429,-0.549150908846811,0.6578698372427958,1.2277423600349686,7.269702747236045,8.730680589862825,0.9036817926542666
8.151005932342658,52.090756677519586,29.194267981055283,77.671222357457,85.13253966387705,22.198358602009556,14.610432376884408,-0.09462089294932152,0.06122262840000636,0.45937571748261874,0.4821647454504294,1.4321622238454519,6.739934949866636,9.46385331290083,1.78273881611788
6.986491754522845,50.55249189315629,24.54552620503029,67.88702670196088,81.14522908941177,24.65851960406667,16.80723849503107,0.4382629968790993,-0.12384439301054895,0.7275873676010467,1.5303989681065069,1.4567120544474979,9.650764890530066,9.713349137690392,1.7113323323042344
7.571336596711015,50.93533447022581,34.337875586524746,64.1788601670488,76.88083537603096,23.52804744110462,17.314503155824767,-0.1202672831831344,-0.04762979534617062,0.49600977418040415,-0.11467387659212536,1.561066702471625,6.278711855412057,9.360516034734331,1.6238121829663807
6.240129205781492,51.84251332867879,22.466598966831018,71.39865967407462,83.00762805143737,24.784372304949002,15.311445134729256,0.24946906538667124,-0.26208700907229887,-0.38250443101926335,-0.4856558240899165,1.4126296342230236,6.743771348303931,9.6109974001236,1.4254211522802867
6.072248167201191,48.13279962605124,33.0521856116862,79.15997695841958,54.792857775707255,20.83704455181038,12.946211868990439,-0.08488732829867757,-0.035618353870003894,-0.9373122462415859,-0.3505437036543102,1.3865067820610704,7.776069459549391,8.205296190533108,1.447415119920793
3.1431470983569767,52.307015378840234,32.888577070361514,74.94781267454783,66.73637964063718,20.794354668570666,11.842670874664753,-0.22720621943173414,0.21051946326115578,-0.7645174358610239,-1.8302472954096847,1.4463464614726615,8.663088191747555,8.914296403628391,0.7864931736148343
7.276392764965998,55.56566749002296,20.19064990362652,68.89104092043813,65.00913912194045,19.060120049675483,16.486135444270637,-0.2062736549606518,0.6226408237900991,0.14558710232352912,-1.806877710850578,1.4942799053918552,7.426086702275723,9.84980380759767,1.5493691062118662
5.038343839090804,51.390396517040216,27.765524817496768,67.27921600944866,66.94808927761049,25.878997622545384,10.53358598204342,0.18812442099576487,-0.5988169110123199,-0.2476202150686132,-0.7181346207487271,1.427461951269099,6.242425113273633,9.615085526258659,1.140869399062751
8.486488292568907,52.174322900236426,34.13855753947676,82.70315951602444,41.1810000445125,25.66348484684192,12.363210063403187,-0.2242821458574733,-0.38591260797159344,-0.853256869702953,0.42934033229798985,1.2460558810076878,8.570124943316713,9.402519940855672,2.0522714765477086
7.339090587358163,55.19914041833469,26.489632483565188,66.94196631352794,56.42036823865056,24.737203971723527,12.18205841831485,-0.41589660423263286,0.44847975229080284,0.6000899286825869,0.7121090734748168,1.4117885818121765,8.34819694706432,10.461445483401855,1.73895471899859
6.345861543870449,48.6800995880349,27.957715094385293,67.71078967629404,48.825229010717976,19.25414100162856,14.392219775554423,-0.3308563506053799,0.3992837636017492,-0.5574949405735306,1.1117784470485508,1.4898042317210556,8.107217137933231,8.246035768468849,1.4173281614378732
7.107689942186853,45.80546471746624,29.006577906875854,76.05561732363148,42.26904983131872,25.551160065805313,11.591259485407374,-0.0760570545934034,-0.6879565657406812,-0.8510834941535198,0.05633786377430461,1.2976319670902132,8.251445821640395,8.359668479257104,1.7177454812128112
8.896769302025724,59.35928526827489,27.82303281856914,66.90809254022504,84.61502372250618,23.398662159870796,11.558922294629248,-0.4700742947795253,0.14373551935981843,-0.49734239022261706,0.15737635586430843,1.502478746761522,7.67358362807294,10.699053165115897,2.0321722901227273
4.001815231972536,51.30951798163231,27.61512127275031,64.56600574620668,43.26680768635578,21.82855928208921,14.294422016708438,-0.06682035366593869,-0.5854407321517798,-0.8851991774053989,0.8572514274876855,1.4655674156358607,8.053807340605955,8.94158700830424,0.9929414294812663
4.3200127356572295,46.34660255700247,29.779812860112127,68.99978808229478,54.33768580354569,23.906855835136223,17.082318636058524,-0.36958674983864226,0.7922910059488968,0.8163134439629032,-1.9321342164731703,1.4060032609814,10.250665025754413,8.718632079425623,1.1686183505249121
8.454545990212988,58.15867406640036,30.371226673174775,65.15574335666682,75.59195140222593,18.707111094278666,17.27023764857053,-0.1992763791453135,-0.027954700494658202,0.07417944797149456,-0.8979929240175739,1.6303113352609488,5.6470327024821705,9.986264853838078,1.7122379523662048
3.7077614514514368,47.44189287369972,27.168986260975416,66.1919502886687,76.15337780641183,22.883679842596305,16.8949071575868,0.35874450970784333,-0.04929549695137214,-0.6225901280373645,0.13442511507332533,1.513468976751065,6.778666407583754,8.443454159435014,0.9027860550677983
5.074108421532642,58.055864764429764,28.222472932612405,63.325865566515766,72.66116413284905,24.602913348365227,17.662503957511582,-0.1968555622495778,-0.7258338572385288,0.9094521853780759,-0.07964410369631114,1.5055846634829175,8.311959528731172,11.015500159965013,1.263918658668519
6.540620368523775,55.10969593159844,25.701555595973346,78.54195600475538,87.5318845446459,21.391527562558906,12.039235478793097,0.2831247508988973,0.4288058505946877,0.19631587544407547,1.8109813639651589,1.4184863815229163,7.637411453569605,9.90213572335916,1.4534169366150766
8.887379843950862,46.97925140431131,21.62033687807751,77.2338409627243,44.856011775418764,20.277420120521505,10.45604308118252,-0.027625588966955328,-0.18261723020547505,-0.5899085988875632,-0.7855392291274632,1.3706469210761436,7.398871574758194,8.208327666419649,1.96490308917484
7.028595050880416,48.41196762442901,27.65984526200246,83.84297359987035,74.46477413059532,20.728468884390526,11.735525210309724,0.42968254700764796,0.10553486846472349,-0.944397222041801,-1.605638431297872,1.3715388443992735,10.555661035621439,8.251944009642035,1.6956938290872214
7.293481443411956,59.78499873844119,23.41830692773801,62.533647488610065,88.33365167972862,22.72212620935846,11.721458758329725,-0.05787860370859632,-0.7396856808973641,0.8736068230390079,1.2099980335999239,1.5656327370026137,9.76316047855278,11.224690620640043,1.7784725959218048
8.0030641858318,48.585979759074355,23.16120227728715,71.44037601069195,58.244386871141536,18.041974816223398,13.002683450453631,-0.10962138803696075,0.7895927370152129,0.5977977373923387,-1.9364642284021132,1.4719745369015005,9.501945301648615,8.549561636510633,1.8362976433718305
7.042120796142759,49.75787637729679,24.307655487405388,74.20492213378603,63.903585837312484,19.821121230601594,10.627269294407826,0.23913201313732024,-0.19578311729944253,0.0893821406071762,-0.6346869119928531,1.4486716232785564,5.556324598885238,8.805811481414251,1.486722085128649
3.601115340591582,47.37326943073641,28.15102528757628,64.25083464850022,60.84285936552919,25.712122233117917,15.971136250342967,-0.44762184575420094,0.16394123795174687,0.0862487712991653,-1.6825416610133233,1.4373360362165775,6.364655347192894,8.8754952740743,0.8329317632751698
5.5040673874308474,50.519594335650396,25.840546782112824,89.08642480726922,71.02479898418446,19.50517158093234,15.388807472010384,-0.419749507532315,0.38412929928506423,-0.6866808383393262,1.9371696357395671,1.3244234990417827,9.663747704520645,8.616771223548358,1.300422635643588
3.164776318069836,52.7235243611229,29.837369607627636,84.58159836243118,61.10358836856136,21.94592646639363,12.118196858299497,-0.38987793897018286,-0.5125242647968138,0.9017893368622796,0.37091076747484353,1.3154806000822137,8.371796567041779,9.714008401143682,0.8596578504081002
7.685776337010964,51.60474328164326,26.603257201447352,81.02468650763399,50.21162097283882,23.928348843377595,12.58193026246351,-0.13837975646083017,0.049933325250475336,-0.9328256967981186,-0.017025124797890756,1.2999887157988301,7.728624418523333,9.19867463006185,1.8565504087428815
5.637963897545097,54.84923619672591,27.175269733617462,83.31766781714454,63.6015463017261,19.935456577462638,14.011549800652766,0.4305579961378755,0.1702340584241352,0.7590602380827722,0.8347897382864122,1.3545186614016265,8.52310989162194,9.887257572870086,1.3108917245947904
6.398650391647299,59.56815778695136,25.680699223420703,75.08298873378124,73.48197650208998,25.130173274632277,12.989942214185957,0.233342028767624,-0.6132746210478035,0.7889764547705114,0.47180530890381167,1.3517807886324888,8.603934571709537,11.423243035671348,1.5630543881948171
6.974782495131059,53.643949531923035,20.093950055468948,74.43798520214926,51.8254903684378,21.358647247365365,13.117731652764373,-0.33486518002063537,0.035745078660747054,-0.9242090218874617,-0.9953516126658875,1.3669763810919329,8.971385057427588,9.440161310671087,1.7053904875862775
7.917489593680617,45.01423253736975,32.05010802264114,86.65448162846178,72.50765349839565,24.693988426453053,11.746398071927656,0.05273523431182581,-0.7633277065998183,0.9361443241058214,1.7518153462620947,1.2929013129700866,10.90965657611515,8.531365505222793,1.961300105816422
4.833096573612208,47.85762901431778,23.72682647130754,84.48962039355575,68.616005891006,20.81296811400809,10.264111936789162,0.0319345652090669,-0.42756252296109376,-0.9667433744195314,0.2754830349814106,1.354623560295026,7.925851994527812,8.25599932686463,1.1929976859664417
6.420490468118369,45.35175816593417,24.079269542379166,64.08214181386676,44.77010918337266,19.23560118057134,17.91856775314487,0.3458741968701359,-0.22840007421629183,0.7637202724424239,-0.3704407504317826,1.5277981472862179,8.031274941065247,8.210957077853655,1.4793357570202699
7.155897842468153,54.61974086886228,29.34759510226413,64.504059783799,76.8372671554603,23.9511915450736,12.087430596864387,0.03604364957244177,0.30452399238898176,0.17925343527506943,0.2648401761307291,1.513060393385343,5.3070326151223846,10.119807605469347,1.494176571190605
5.364829161106648,45.42634660933344,23.4690507773264,76.07551597275821,53.156115689269825,23.781575211313783,11.751900040081253,-0.4750519007757342,-0.05176646770250892,-0.9318195606192907,-0.30874918218167147,1.3292168201221461,8.590250613773797,8.123007502277465,1.3904515492705343
5.308755070408574,46.0196610225411,23.77512137320835,63.995834746878096,57.49852207023957,20.945838755676725,12.711602389642705,-0.3902382156353761,0.31222003009066124,-0.7010184944002602,-1.8041459724403879,1.5085772767124164,9.477277711932,8.019713879587174,1.3000267208337022
8.056255430454517,52.66124787564398,24.675831717965927,74.07724288199596,42.93335632393341,18.97934907945467,11.624172919440495,0.44692168504648677,-0.4671202879080755,-0.7543244826601444,-0.8813178745061028,1.4045048915833855,9.239897122373797,8.989095206749713,1.8490606995614545
4.390270811818466,53.4272505752872,26.591562371541183,60.53770858591415,69.35681011028055,20.511790804243432,16.303151913756686,0.11845944260062125,-0.6696548652750411,-0.38535359589303786,-1.778654281577385,1.601526032645013,7.504092995417461,9.351476058966677,0.9973202881758696
5.923616369524126,54.643572647506346,21.885773475308177,61.56518476518583,80.13251604105457,18.095035488603305,15.372640832980645,-0.37577689814293663,-0.36915039478372896,0.8408097632985918,-1.9033873133894803,1.6390677170008592,10.331937289214684,9.712109490279552,1.5044757568034657
5.663708045040659,53.77793821350899,23.37205452508209,83.07790473287423,56.945935759490645,20.610756046996574,16.081740061474413,0.17152072281611064,0.7326679255631461,0.5269638189353005,1.1887699389638025,1.3222498085336742,7.9104686771490025,9.770210775163878,1.308528782729229
6.623976592749434,54.94006601391663,30.999453824357573,80.8382646365693,73.92705801355481,24.120210925435075,17.64606370457322,-0.30003980887094106,0.028759814885185753,-0.2465179304598326,-0.8164973735213774,1.359806185376959,6.260074948508838,10.044052395395074,1.4469066613041364
6.437523772283054,59.50607792507053,25.870584080810524,86.38205267378584,60.30564562452116,19.972448995405227,15.529825754737391,-0.27432651853033485,-0.430925214515792,0.30039322123143664,-1.8172373629468985,1.3145962412857861,7.5920293684163065,10.530975004653582,1.4092836859652205
8.116879305226767,50.59229097068977,34.74355587763388,67.53908049236622,63.09886898797967,21.39631470179718,17.07277815446503,-0.13307922653255944,-0.27279488180478484,0.769389674733391,-1.5959914614568715,1.525248158501757,9.271157689923237,9.173871751193433,1.8704211533458817
8.035041741149993,54.80542660194176,25.295764844335107,65.70656793531127,73.65781392387066,23.416664661262683,12.347446982912238,-0.4035145906664427,-0.16858985326796483,-0.48576950185592527,0.08758539096622009,1.489223043204765,7.323680619617846,9.92357679504083,1.8592583781185068
7.637850377219789,55.60349023376679,34.69793003911787,78.9414818147802,68.80965645678235,22.961151490804948,17.541054226987253,0.32735726003183196,0.24342520126107714,0.10966779583939279,0.180972120608335,1.384281530557547,5.531315988475058,10.0100431417169,1.577318383116968
7.632117850473317,57.31098310276099,21.927423736731086,68.57073249567303,64.60487767975293,19.563337541861657,15.715455324150675,-0.40955104337530784,-0.02259387299469684,-0.2827377205412964,-1.4715526444581908,1.494011697613967,7.4654098895902194,10.01244680753909,1.6135033382960524
6.280440320384734,50.24347287760627,20.714678702364846,63.58653211719436,74.95084293307127,18.22810659891918,12.28040543352385,-0.31093947160796,0.3234765544216629,-0.2687531863547583,0.2350315945976016,1.60484898368932,6.167038059822045,8.655284264326047,1.3352276805156955
3.4202827909214952,52.03984888865275,25.93680000617738,75.64270169170038,44.39209560191149,23.17161351902491,15.107396753015854,0.0619189378315127,-0.2899551584629734,0.005039739509766772,-1.304323270400146,1.3244021886536124,4.428747100754374,9.471811675299938,0.7231817369100656
8.433202483537807,57.61805735744025,22.838275332189635,70.27543282735647,59.52300030758026,19.791498269109386,12.604235699562594,-0.43924400162871746,-0.1577614690205622,-0.09341087183597774,1.226442429358344,1.455511741265902,6.729894852992807,10.14530660598157,1.7802813563687951
5.439380774136209,51.465669090679434,20.422065952604108,74.29728121933005,75.47868207339025,24.79035622946178,16.317639780945072,-0.2946227714543423,-0.19849927809369317,-0.024098732870219464,1.0569826357662957,1.368586651182435,5.605587675989698,9.69909037611988,1.1764746545618534
6.567019489145121,48.85478868584388,22.92211126074899,79.19157664286145,72.25388824822852,24.46846926591575,16.979127725694006,-0.441104556878507,-0.41038587800251664,0.2253149196190043,-1.8134075838921033,1.3297096877225891,8.202614439320698,9.203535038828726,1.5186802450276964
5.998333363290476,45.08662916806121,32.32938274324333,79.74211787753471,75.12333774358316,19.291354316991256,12.516348314930688,0.020145946322066566,0.5557814132398649,-0.8912675244258494,1.9885707565447381,1.448200808892904,9.997849951427167,7.5086822271811045,1.4232131947791375
6.715524632754347,57.95114457523566,23.854026580612445,62.44793307587978,73.35602300544028,21.41383004722702,17.482720719169606,-0.16455477052856954,-0.44741708792241575,-0.3697375029216986,1.4372352033877647,1.5776847989126332,7.521674982713155,10.26646696396818,1.4554259105024645
3.619624465626039,53.72936233385588,31.87209296852481,63.488951769164736,57.209928482816196,21.857857207507696,17.52554445628535,-0.3749321184105997,-0.02446337541074395,0.0113349454700169,0.7903786946510651,1.5363667854477328,4.471801841601931,9.545602216888376,0.7203640814998428
7.629535058740156,46.788480439034416,34.9851735933467,68.07266349919604,77.39825128112992,24.41322590114165,11.649445766516424,-0.3638871939722196,0.13190765055868492,0.9013200053995909,0.5097562842168859,1.496350563679838,9.484594899790721,8.778824137811533,1.8519335593639843
5.591521731161812,53.313702097822244,32.20557143527143,76.69696128831973,70.17953886402853,24.469452502543867,11.613183228741619,-0.06769416409977225,-0.4910309907091637,0.019976124378222826,-0.8359856806254227,1.3781886903831424,5.0468925325196485,9.742699939624286,1.1154393307104757
8.447764102310405,51.41880403977123,20.14635856771566,81.60724278623913,57.726986958143414,22.34039130577389,12.628859739602435,-0.1716961598623401,0.5842946603568182,-0.981562698014248,-0.5811982943709442,1.2980023053489294,9.6375616071265,9.149094228239573,2.068758045966506
7.192969121725566,47.21143257228724,27.396823263071866,68.2801934763649,60.36339155865441,18.102812176085987,11.885165293562272,0.32139587798255476,-0.45095820360364103,-0.013770335638102593,1.5674838146546213,1.5312088532757824,6.905500452395556,8.12533618289323,1.4614115002491261
3.96079134136385,51.96604683492071,20.239090946685277,86.44871212517735,43.69941126833327,25.60483966187485,17.65612051979574,-0.1188650523466856,-0.43731498426839355,-0.5142490371558619,0.6614446931225371,1.210515609278628,6.17094269948936,9.719151041455275,0.9505324196613877
4.483978020734879,53.94490458377706,28.14276803753012,63.96119900788164,45.13102530807595,22.35500376215827,11.669692832635826,0.39843361745175043,-0.13600322158288525,0.8814646813419795,0.07015178303545078,1.4732856783629975,7.441176606970426,9.99780982316229,1.1031985478904394
5.724855005392685,55.04719730670995,22.727476438129287,80.1891515490166,59.27102569108254,21.656690387637124,13.719935668587874,0.4979016912775913,-0.7298212669381942,0.7878045867920938,-0.13239261432044902,1.3294055588034266,8.888604377673081,10.26024103571793,1.3969426940467136
4.206959242656113,57.046901308586925,26.203098645463307,85.32522003183495,49.32136985476493,20.351452329757656,16.335695588308106,-0.39457466682465947,-0.32736209474242994,-0.5067499473881965,-0.42797915835860145,1.3014493154580058,6.622642195231754,9.910328889429938,0.9465919656821967
7.28366296857806,54.89366911831901,24.12017768333949,86.01165564577568,89.65411927820742,25.70280944676654,16.325965643248878,0.3629149117498458,0.7681965924984049,-0.18317761844639047,-1.9928334367307226,1.282214701286973,8.778648644344765,10.378294363358638,1.6734101351191841
8.955246277715823,59.11695796749694,26.892221871991538,61.89896089470011,78.27927690636217,18.647142063231396,15.78279618865031,0.4442669260020514,0.6085549156307544,0.8424906653064581,1.9595588146251832,1.628374057979405,11.470741783789038,10.475541781980796,2.149756612983332
4.291662675457815,49.05057220997145,24.688256565067157,75.5067555786805,67.94842094995843,19.27403764525042,15.088480755615562,0.4328712317084693,0.6417523409043691,0.6714480072989273,0.9454677369758882,1.4306145976679254,8.818283576760582,8.820038519103223,1.0601446914047685
8.946034451553228,50.772858018026206,33.97122064009889,65.43304161552179,69.20602189775876,25.168426308824245,11.126538151807495,-0.03546462126049116,0.4340744367408831,0.10761185593749079,-0.45915943610944887,1.4965039162240854,5.60693173676754,9.40176616830025,1.9017371644996883
8.881122474168007,45.262694590602166,31.935100356298264,78.80704696855238,63.86566632489698,24.627743657061714,11.610128532924936,-0.11717239432250653,-0.29858670452603864,-0.4239115451255663,1.377446143293005,1.3349201016447076,8.066786594871125,8.175438773810237,1.989021528710779
3.614326084981258,51.785311587830584,20.968599013487154,78.7635839359195,65.6786470446216,20.369462976407434,14.475955803308068,0.35743246323988187,-0.7150260759770795,-0.10692118703144915,0.1734316435320995,1.3642370066420364,5.478381185348373,9.155726873884493,0.762317419472896
8.258044731055458,50.74017530503352,32.74618681113272,66.61677201827348,63.02291683409712,18.253536108332995,17.494485728647568,0.09337235584193004,0.6336867556302974,-0.451972525626111,0.7273145952528992,1.5755932860238362,7.579935862238332,8.515797248480235,1.7363879398074629
6.7535825550903485,47.9475594478005,30.766814363872022,83.59837285604023,53.784709292644735,18.770356130086665,16.75032071857131,-0.040404702507609636,0.3017173589615689,-0.1799295734368508,1.813452688344099,1.3744600446782134,6.452115122753976,8.196821750809416,1.3602431209628612
4.030144363534035,57.119338719031845,26.111261338911387,67.97095224280717,88.86438496432584,24.70705640575335,16.06681883405442,0.4726379699314446,0.6968429018342834,0.06602715369781209,-0.4728092987696122,1.462022930991001,6.384452996273498,10.716808095203447,0.9030507017002493
6.337124605191901,56.385584926993275,24.042486141291043,77.01790076014957,69.48224352506742,25.68680442723858,16.480978747181254,0.3416558581103253,-0.46723787167852976,0.3243484273965258,1.6952649095506636,1.3228818651453893,7.940658306332384,10.787285070955878,1.4647069957539693
6.647265221114958,45.0084668591088,22.555927481925718,64.71552800692173,44.60527936851557,18.775984994808862,17.374788597678506,0.3872355257010439,-0.12272289609179632,0.9866946052136596,1.8632771929735967,1.5140948324145593,10.479414050616635,8.125578545140828,1.6335219539717902
5.839302393165718,56.83550888329626,20.50178499185902,87.96176464824521,86.68507719055182,19.267737010569842,10.411864060121792,0.28642053036901705,0.4315733977991256,-0.937939044400359,-0.16761552458796602,1.3692647978040926,8.696468711925165,9.746698232582279,1.432029226800407
6.934251304099075,53.18148667569764,21.90197504872816,60.01068820567127,41.780266392860625,19.47762518746149,12.372001316945733,0.34828533391050676,0.27278446505650145,0.7925485561225993,1.215332292671567,1.535972953849152,8.960460755744394,9.649261577329485,1.6366238846520926
3.7621954821931123,45.61329035585395,25.648551853639034,69.76270727930367,59.870211895980844,18.48013866366661,11.87800018885176,-0.23593276340383096,0.42094680275360785,-0.33985760137865617,-0.8117181127537862,1.5031130570184215,6.306525750694648,7.738683567929553,0.7977996691596563
6.303057653243095,46.424701865514265,20.467615693958464,62.647529209219634,46.366764826184216,22.523311382305984,15.18485623373233,-0.1212254247142972,0.3902006973122767,-0.10482176189003622,-1.26335702100786,1.4710067216687026,5.909249761422483,8.50897574794341,1.308552860309482
5.8200088994917865,51.85242139507797,28.961497703549917,67.63066679664404,85.62282414886124,24.087851153290856,10.578501956600794,-0.22055767868279313,0.05342330407416662,-0.4003037437322703,-1.7535248217731683,1.508946056178981,7.519089042926365,9.423521022081433,1.3067380004949054
7.086247443116633,48.25009913173859,27.06345046845666,64.80077796642517,78.92633778385853,24.450802306033427,10.237861168922723,-0.06962814565984748,0.4569665694357148,-0.02652801138083216,-1.6294086204029032,1.517814942038784,6.3962595623863026,8.931612609561398,1.4764224858911632
7.614224107095505,52.42288635487434,26.827867885512077,80.66246562067514,53.95345199929037,18.411778063382986,12.829685457193614,0.44956529183528393,0.6229806287893678,-0.3750714786957613,-1.3766795856970755,1.3759825304023416,8.403082783615035,8.926470267884499,1.683621418162136
8.67486173776005,48.74205194353952,30.389778022687103,63.87003674274248,51.32897037040135,24.114176193557082,12.557449676218427,-0.2343065939045062,0.014152769463349868,-0.376005655048808,-1.694439880080842,1.463489034580236,7.673121502757559,8.82769840099421,1.9370997382865653
8.605975672414566,45.89190194901546,26.044890019684594,68.85181586191665,60.698252652923095,21.202708167420205,10.37937604843792,0.35600974700212906,-0.007530156520062614,0.529957683468838,1.5477690788731349,1.4712719683733515,8.662902226485446,8.316826223710255,1.9478528191467634
4.182499056335095,49.283582582674214,31.29978164442469,72.27845098669516,87.10365287643889,21.7548696546817,12.210543839150143,0.36977381463353687,-0.6071391421930379,0.013221842991888222,0.8924562265568636,1.4885831169510966,6.114154525580294,8.781557073355566,0.8620093245029007
7.6493776664994915,54.67162149895954,32.40430799973088,74.00593451298673,57.17470290730888,20.46963684960681,12.275216052505517,0.25757969857267426,0.03938915603241799,-0.49628695208295537,1.9982619368184165,1.4413870671462727,8.22354966841861,9.462189359354714,1.7030490430520253
8.54048976434645,45.50832274129974,20.376608538121253,82.20688716788365,84.96801599962859,18.54113780961921,12.051203931825547,-0.07947906933366344,0.10968433753112161,0.5683276697590136,-0.39986002505896345,1.4265594442941645,7.434823989015429,8.14558292210259,1.8438736142595737
3.7445728883921428,48.20414653845408,31.967875886266615,67.07047140900937,72.2213295531939,23.77525511261527,13.421037602830001,0.48274665725060506,-0.16305234427649717,0.49033217068809143,-0.13495284654303052,1.4724287486710128,6.707511656072584,8.938828120979055,0.8926865615030921
7.2173403579258055,58.018094788338544,22.08281939982057,79.99484793151983,42.8217337459575,24.66327445005529,12.687689220997655,0.49671531904766075,0.3467527062658833,0.7714178333843329,-0.6032866728450281,1.2466655683966563,8.663831056558989,11.158840006956934,1.7770729385570498
6.246892491646977,56.13171801658419,34.19691061946679,86.31257654873453,72.14353886608474,22.27856223053277,14.370238873718495,0.40995227630425957,-0.7319794144770415,0.8809610563504597,-0.3019120157044979,1.317941022389176,9.612698145960055,10.288261010167199,1.510966422722423
5.681141592481135,50.44428626157149,33.33707637642277,81.62625906590819,57.858803805328826,23.42834494388321,15.55744853741497,0.4667998654728519,0.19559800048879938,-0.6257024928025143,0.2885088947894192,1.3185872287315594,7.5146333845456965,8.943758423247658,1.3355365738600207
5.743183574799069,46.76886433934449,30.272645408407012,81.42074400924366,47.23035920588447,20.619109503628515,11.831504779465183,-0.1531144027689229,-0.5655571336689609,0.057429369324649926,0.9748439167433518,1.3470738358743843,5.680320781397837,8.251628158869227,1.144717973391477
4.243280952737895,51.48055299703721,31.30340606525422,60.412824287474436,74.63542118323645,20.770822540358544,17.219709824215197,-0.014674508824413734,0.20423305517625967,0.28704942375415876,-0.5363000886280858,1.6414279847123043,5.013072011994126,9.14398915658287,0.8975700063470331
8.02851799969229,55.592559333767994,28.495252817782703,72.13227133687543,70.32378624465295,23.01632204235522,13.579417282791287,-0.21043951029528635,-0.4585767190541048,0.30613310831626794,0.8845246579481434,1.4214586829228553,7.034378901805775,10.172105708642361,1.8038334635037874
8.994894961651768,57.534981497224926,30.353274586263133,75.42326145901166,73.50049583722455,24.878339971866232,13.520658187310731,-0.3173825042865695,0.7369771228696054,-0.13472781201640083,0.940216606656262,1.358189425917335,7.294258352730951,10.596866078330503,1.9755062900094553
5.608783532442288,48.53919076850962,25.387338942967226,86.36592402983173,88.49403693535658,24.92494289726268,14.625553826273931,0.003840235664270164,-0.46317240737011706,0.8791887813791586,-1.7039214591793574,1.307755507065117,9.549977357487158,9.326966133366431,1.4068102812836798
5.184889949077151,48.89057742447819,20.901885644391193,81.93838491790787,56.3226660795663,25.429543553460036,14.511225548455917,-0.3369004326506839,-0.34587113198584546,0.9500568218756216,1.2024904924726254,1.2392563095633098,9.515531717150946,9.51611934805271,1.3836632818276537
4.940572505760878,51.575538948370124,27.382464675612194,60.28891152059054,40.6833519177283,21.510366996459126,16.32392013556533,0.2501785273035283,0.5361072614938782,0.22688840766439422,-0.3952801293747603,1.5097394914388382,5.594139713929079,9.333183914155125,1.067164474626394
8.221383002869153,47.6577748026317,22.32546122406086,60.54233581008564,66.16559925055283,23.462814921153836,15.272930278155377,-0.3581984718112422,0.33693956947682047,-0.6288298565527095,1.5825012018724718,1.5165486557915093,9.524078584341737,8.615942987791433,1.951229341647279
4.875715058296404,50.394988160060265,23.39031150057448,69.02249710284356,80.6264693501425,20.00503409886216,15.984855214042144,0.4125424126645253,-3.2809487658491676e-05,-0.17219159117073135,0.5810190472035415,1.5265949585961454,5.829471285365346,8.904260023358434,1.0231193239046323
3.219340421475537,49.69057036217917,21.322473529282018,82.11684919593714,77.34931791669493,18.358268304246568,14.960934286160617,-0.19827837071467758,-0.5840725433345404,0.7204894143139731,-1.6754591765994782,1.403091770704568,8.98297236181662,8.850318720413688,0.8163270533032748
3.3289407803139035,58.5927740852158,21.705551945425718,63.55696411373209,54.14781021442605,23.73774126622983,13.058539882416174,0.1123292143579645,-0.44462607788434244,-0.5690788253130561,0.059376188708634814,1.4579480770352227,5.781403533186092,10.721336521274711,0.7941071862385919
3.9309621023981762,54.96352147595779,29.165473627650776,66.44232795261728,62.10612822635107,25.060487687838616,17.56235812896874,-0.07093227481333159,0.40525228376232714,0.30989545338250934,-0.06882889392858949,1.4439786027855457,4.813530928367133,10.288047525637324,0.8812860804516575
4.178530511021973,57.54880771040813,22.271802918742793,78.57003293902619,58.29205379746723,19.52055940432469,14.137880329060973,-0.28278790383345337,-0.11047749811890428,-0.6929656142711087,0.633277021830994,1.3881786157157974,7.090369364796791,9.908693659795215,0.9772647211114821
3.416311438273371,55.092645810050456,31.11375554829639,67.11887730838662,71.68223894526103,20.376849897000223,13.261978148307453,0.29443137605021397,-0.55890188346272,-0.5590507561838597,-1.0322008411464763,1.528245331941364,7.601026084202924,9.474967428220925,0.8237677257244862
6.386820920206444,51.94959560949223,33.308335358431265,70.82373757615757,52.72919673871019,24.077041084491178,13.204306047847606,0.20762337545527543,-0.6445227944147011,0.5387913100259005,-0.15878911084003366,1.3962030918139987,7.025524364419538,9.668074783149462,1.4868965017768625
3.6107146424375394,49.48887194284661,20.944131809196048,76.15223718396243,49.02125878833793,25.33537380993768,16.557552647985,0.05518630612361408,-0.39631279931322744,-0.7278343110625898,0.8247061872048467,1.3060864610802714,6.956988835569115,9.176640122273861,0.925542116428605
4.419970783854172,47.35754903088663,34.28718511618675,65.94119499782808,41.98725073202218,18.164881652996293,16.656823937795593,-0.14779425464813584,-0.5170932777646877,0.38634575675961913,-1.4298136370898762,1.5414055340527524,6.823848261058964,8.126711170787651,0.919944926809939
3.7408177827487936,47.47140668686934,24.0081202448196,88.00907331147428,77.01737982470183,22.530223160081533,17.90350619915194,-0.144304292746315,0.1138246267094537,-0.12877407508393857,-1.5390738952238565,1.3193683960906395,5.866129542425198,8.629270964714102,0.8193364126445488
8.558622896510347,54.084017410652024,34.05296684329703,84.29551889802553,89.88771322253558,22.18879390217481,10.88789539776224,-0.4733092903069523,0.2364025232411231,0.7155795434572552,1.2413083172838135,1.3830206252038129,9.963240767626942,9.803655441498043,2.049435065543075
7.741230323193891,46.29912214695803,25.044573290960997,62.43822913281181,71.98042208041636,18.527519366211045,11.138184404336302,0.00985518206099778,0.5780864581630998,-0.32688103893303777,-1.0780442942561326,1.6288688362431092,7.183398678594821,7.944822264066202,1.618063616513502
5.024032757772286,46.44874626669007,31.95828495364349,72.89991253239872,79.61990470904948,24.818342436180018,16.150851993366974,-0.2515694565241766,0.17639271565614156,0.5185469100816458,1.0641007811502599,1.4195505187626434,7.575829252673376,8.68885670419978,1.1604465562168427
7.254272709575286,46.53258853821129,24.379530071077042,66.5529944795397,50.05518477769273,23.974801035101493,12.19688050078053,-0.10804791581266598,0.576429989320506,-0.16759916846982092,0.7928490050018433,1.4090233861406356,6.149059367947641,8.560444938483492,1.562546559783805
3.559294518498182,54.22436971421948,21.68674674930099,79.51282197324852,84.64926213517623,18.69184174265625,14.976025151157923,0.08330967836924352,0.517812533541876,0.5868433193892446,1.1266036555386707,1.432957791472813,7.398318952966668,9.652186128330802,0.8262195781355512
7.682469535406731,53.44989354414884,22.934798759225625,60.18789508549615,45.06806574149083,23.28789663558838,10.152058183180303,-0.3523197328045479,0.41177003193586414,-0.08372691249949082,-0.6241830881438308,1.4891585262971243,5.828891159778678,9.815863796357247,1.6258540118485079
3.3946001814557993,54.569494332023204,21.66292849928852,72.19407041102396,71.45820606663003,19.129771750685876,15.094673338402913,-0.13101489356078916,-0.7550893836369909,-0.8139195840454233,0.0267054091697978,1.4710112995816902,7.510613535628224,9.393829312357354,0.8439474831323082
6.672669168679454,52.76266039774398,22.984365898123336,64.04431728399422,54.54694524541354,22.90760607229004,14.223921697753957,0.05701023719579179,0.40130498433615824,-0.28562995542503755,-1.8256541297021929,1.467280339319317,7.009038323299974,9.629481768769722,1.491380909633964
8.877104757013273,47.28925559912875,22.94788051550379,76.73304568900392,88.13161839225853,25.17554955258035,12.696183792771851,-0.3021666307982491,0.7212315941507315,-0.47191282998555883,0.4447992077543521,1.3551234064066824,8.8052674558492,8.743959523827742,2.0983836795329425
5.788120682902866,45.7165281344554,21.151973917845417,85.9189197059344,60.658451551754965,21.31295617852007,12.85848665886714,0.2252610670630093,-0.44589106906899983,-0.12152749266164331,-1.6853190713211084,1.291449400083377,6.793640822453493,8.2335018326293,1.238355252292624
7.460957967904506,59.66929951041948,32.184515152236145,84.04448411724766,74.28394812052352,18.446320809096406,14.665717865706794,-0.16281484348154646,-0.7855083975203836,-0.08590027061004446,-1.5350541381071583,1.4096093783087857,7.108593859139404,10.167253950680035,1.5303124982590508
6.228880212858682,47.703682468952046,20.572256526134982,68.19750280599413,76.81627601431929,18.248868553903584,12.474238071272385,0.2998313468677012,-0.2713863133436899,-0.9661380741659683,-1.521792461271691,1.5476222564123328,10.357944280705393,8.014050128087865,1.4858381415161621
8.553292710481266,52.68089338914379,25.091787293859348,82.89022480263077,45.03122790000282,19.357733319156512,14.357165089559604,-0.36532644426427346,0.2835030772644269,0.7106239053943135,-0.23732573538834667,1.3337652652685785,8.124094820512877,9.430276635034922,1.924200756685344
6.952349039411456,55.92702022571201,33.528036580748434,63.53202443536702,70.70948529918114,20.041761336766317,17.042166564573954,0.023056797342497548,0.26916881100998014,-0.06926328648383351,-0.17205451349294099,1.6170573598636457,4.221743152344851,9.646900870433358,1.3470492975349222
6.30801508662255,54.63316286576794,25.239637063710944,82.07980340742324,76.34149044388124,24.01513530557878,12.819588044432106,0.49227076570872275,-0.7193975346534637,-0.042153833797564544,-1.3733957225537705,1.3126901474525494,7.573224224356331,10.158929725618435,1.4099944447505075
6.165243568007567,57.30996907433011,29.254567246081184,84.00184350075851,48.61018803705667,23.232755277563825,10.640315576658994,-0.35287229390742453,-0.5638048641467143,0.15548137758210934,0.2728860622720801,1.2699536090029464,5.696617269804855,10.493415655884712,1.301114407242425
4.886432040406434,45.093118451722404,33.0152396211933,88.59529936316997,59.91903024444193,23.95338973072015,13.897400035222866,0.36838374281371666,0.45052248476043544,-0.03110492901254025,-0.6906057122235074,1.2547578953037428,5.799645656397808,8.270732493919045,1.035762350872873
5.360390314450202,49.119887212122116,34.18096040602371,72.39571943424306,58.371786064624104,18.0272967362263,10.540475442698222,-0.12857692255617287,0.24102226891870782,-0.150839919181604,0.8540445328600694,1.536335537448254,5.269375008092724,8.303937012117034,1.0540925042321108
6.292573496390864,56.808061181301085,34.58564275831439,68.10759012373738,85.1640081574225,25.891484857412856,10.356953503859895,-0.2304047301799101,0.7464469912994807,0.6656737023470629,-1.173685148898366,1.4682141695440023,9.127294874018158,10.738722117985494,1.5408965217383301
6.458180379887686,45.74934609164598,28.397862465270293,80.0419227646673,58.0614909464306,19.084324310765073,10.818203517846714,-0.19041380189795631,0.7010830004293105,0.40761821376989515,0.45617994263688244,1.3965364712340327,7.117301663890695,8.030894310712771,1.3792490252728036
6.559393276261245,49.0102017261976,20.32622157004509,73.8474134414974,42.59380861410533,18.265607630148885,13.212174083096347,0.33303639799778484,0.22870400179554062,-0.9498401856179041,0.062241156698744415,1.40540254660398,8.566300378985373,8.288420349014821,1.5543717173536675
6.501327500646525,49.238913061803295,28.67617179414968,63.45707175964269,49.346952387340124,22.613216553847924,15.365220076185667,-0.13722116953628383,0.7553604217384806,0.8647324408559853,-1.3612406755953266,1.4817133305771457,9.687702389409322,9.159730023988127,1.6032248090678942
5.527086788723495,55.35407083469608,30.295419687694512,77.09683344619128,64.70801964764499,22.10387921781444,16.93614464692102,-0.25531225579830996,0.0037440989262519375,0.25029246314046527,-1.077052901857749,1.4022319310929616,6.006778152362017,9.9630384162097,1.15171708600345
4.9557073014962745,58.721814054144176,30.488859573383905,79.76472743977472,45.049722371701925,20.463491096558926,13.6416494311748,0.23988699797556245,0.5451669024983676,0.18867679219275835,0.5150927120157407,1.3443105448338302,5.574077140889126,10.357653692380643,1.0342196723114259
7.4502330080451165,49.389506162604704,26.28559657732196,71.03546480139725,52.773110370238385,25.350262002145918,12.847485803420698,-0.37443213007443293,0.41154108190224714,-0.9912533095074143,-0.16864306065105827,1.3510744437809012,9.359887000752432,8.895249190347839,1.8887257601095646
5.514358206590584,49.63342634930704,25.46997670663341,62.830820619682584,86.04462074858299,22.30244843879032,14.660532394723848,-0.23325264261835288,0.08226321388052449,0.584148435152636,-1.1635717461656985,1.5805426810217662,7.784859138040624,9.155383265371283,1.320225724686518
3.436646373814845,55.6864137072089,26.998720827310166,61.84219451132233,82.01546472869734,21.479656014465984,10.56666277216202,0.21769925777385457,-0.27919516118915555,0.3504135311826657,1.8971056392680317,1.6140224085579433,7.237854007510594,10.097880646667324,0.8186582523253507
8.500272348921616,57.790675309951816,24.667187309373556,71.42532221286,46.99623689800968,19.9530784615457,13.177469900850388,0.2751266028259599,0.3213697850475825,-0.9159564250270464,1.0976913450367727,1.4247036877856298,9.543759777496755,9.973211240489428,1.9923426606392665
5.3835971314491635,59.41389599019113,25.406122661614532,82.1242820060638,64.26824214232174,24.21468993789661,17.63531556553193,-0.40127627022843465,-0.5010858500327824,0.5024133817733358,-0.4359835077458305,1.3052094065546562,7.365528168885866,11.148780883132277,1.2284234854985547
3.2206911000214085,50.4703039218148,23.888411627989786,84.6132583564411,52.58871154951558,23.129107180565825,13.787252272166867,0.04537162534232897,-0.4106883162077293,0.6582233193953877,1.9831191620716155,1.2675060803919058,7.840770580970518,9.513166382028967,0.8255220195803472
4.409510592422118,53.072409596749424,24.75047480047684,77.63042975404647,77.72795248704115,25.104278937834284,11.759746654646294,0.36720826141411966,0.6864155086885739,-0.4945865576087872,0.1856029175514231,1.340319871244974,7.193898134357498,9.855186955715523,1.0770741407278324
5.000948285759852,46.72181863944456,27.361903427488176,67.59904281399898,87.2046600705128,20.523340765693394,10.5958230773973,-0.23106322207832403,-0.7001557961634766,0.5151844455509338,-0.25543309216001675,1.5692144522385143,7.520317251044197,8.439432709640762,1.1323869912385298
3.411537023675674,48.76018454239512,22.345383273471697,78.4962266631151,68.98239229804744,24.636990285171407,15.346692391715537,0.2673092705604304,0.5546113917734032,0.4690837062234159,1.7904113317745995,1.3089024144666452,8.097497334234875,9.285917277034875,0.8565152503102917
8.776743677996869,49.92050279778606,28.041527083828704,83.08523517390098,42.4955083699479,25.18597575586029,15.961279393876413,0.19691390784410745,0.6747470340566732,0.9514344104045944,1.7797311738008896,1.229201225615448,10.798163520407801,9.548735365107047,2.2413106853269498
8.623427609659917,53.88924724074296,22.74346708597276,83.80838356368001,89.84364085197981,23.710869689814828,14.431762975160208,-0.2238668913064819,-0.11792571927672169,-0.9638574119538661,0.967994124619326,1.334293811405945,9.839675641069322,9.692207504192043,2.1152805667456276
5.845267278926606,47.75515927160763,28.816036075467046,68.44053545659759,48.86895116199139,23.865043860787587,11.174268726130638,-0.07216278334513915,-0.6413323716561705,0.513703862798141,0.14573259807034766,1.4220197106408674,6.4633409150968575,8.917660778571063,1.3169719800809117
7.735710840676061,55.06608911191707,23.324806992933645,84.17590606367338,71.39054066836817,18.54461148420803,16.654841259527274,0.4216333811740466,-0.7915569013337552,0.7608657187839938,0.053370813614049606,1.3754526707361707,9.28714593720962,9.788057954715777,1.796984011993662
7.763754489152774,57.38303928128292,27.967143546013325,66.43678114120226,66.6258245593885,20.56893172834854,17.794575164285753,0.20212784772670667,-0.17258813395739647,0.30362105697464714,-0.2723316374744542,1.535743414514828,5.8168788856858775,10.250629304677945,1.6532392254495427
7.026609435211006,53.287653313448786,23.893497998098855,84.3510708547579,69.23971844913757,19.17719066242488,17.958394796305896,0.25360085794435316,-0.3561319963101375,0.7813537779765596,-1.7752208990664253,1.3757828552746976,9.865484761565622,9.605793668374831,1.6656061260738249
8.868569235043648,48.14435067646751,23.97371367410809,80.7405627511555,63.57679445863212,20.08671688442326,17.4566975886315,0.27955701857124204,0.4324132745040383,-0.1091309123330767,-0.9249533882276093,1.3788277146511692,6.89991282466555,8.43136216047516,1.8390605931163035
3.3214703154420864,58.11618836520769,20.497596065320185,73.32493779729072,89.24563299435967,24.904313995600326,14.714621160476604,-0.14356126315935058,0.08585971822977534,0.0832912714784968,-0.6451530965739591,1.4059919999591115,4.507761705317836,10.936581794898023,0.7432435484649295
3.3097632099719267,57.75205239125954,30.06024157346499,88.06231200352536,77.18586752598014,24.50862056784798,13.771572629649933,0.4907022096700844,0.34657562114122387,0.8506249917854938,1.5638000018286626,1.2699108144925624,9.724276500892518,10.937090729004835,0.9364471401408498
7.424666540315208,51.90502742912925,23.141879859896893,67.00390508604808,54.317351313952464,25.49452290759894,17.435649305227898,-0.39355323379678453,0.5406530686203301,-0.45957812506143403,0.03421160530355083,1.391664801934006,7.3340515866167575,9.682540058211782,1.7143877906023917
5.769016126942037,50.228481682747415,23.280348468080156,80.59617480660829,66.28987376145818,25.008419508123815,12.974002614755864,0.3881948292405133,0.4633764968477958,0.9379993136262055,1.0672081543457885,1.2857368948507515,9.939698861511484,9.76338590939644,1.5402851327207585
4.607618803626824,51.24648175099142,26.311214336781788,82.99798622424262,42.32329697732173,19.387421890480976,14.03523200452473,0.014546042156230232,-0.2226283646661703,0.4566267631115861,-0.21248030841714982,1.3310860375285705,5.109370247727254,9.129431480357063,0.9605799796095634
8.582975824526821,47.22544777424109,25.37009451700709,84.18284112116976,64.43509018111652,20.563834723345906,14.968119329959778,-0.12500725475125168,-0.3306519594099103,-0.26524260555513113,-0.527413893453323,1.3403134225099542,6.687042679074611,8.277055762513132,1.7997878476549742
3.1958873750034957,58.78433101137669,26.9070486681041,67.46077462194735,42.67936631320706,20.638780194449442,15.647179583744943,0.4117821326713288,0.28792416737610305,-0.9900539066921004,0.9912900352498832,1.4440263594899307,8.714559009827138,10.170245788245209,0.8651552645678974
3.5274320999437783,58.06130191074461,20.558910640124434,67.48176376250512,57.58365114932013,18.294341145286477,12.032793608705312,-0.12452291410295901,0.4231331765677051,0.30811315622456537,0.1903990221725782,1.5176333894958638,4.862739435490456,10.271434729652444,0.7639668292081507
3.592236928261742,47.92333578083769,20.8865586827967,85.47340834125976,42.509355400076316,22.368593838778892,10.665903271599404,-0.4928069859042329,0.6138430175290388,-0.5779487615040765,1.853206280699454,1.2475144159378329,8.926524862198832,8.572420990715022,0.9288394747711567
8.28229356809144,53.249236937669195,31.884084434725878,73.5399501413429,88.41958754607091,22.272121938046297,15.663046022546343,0.15511752793295497,-0.18624658147805584,0.7089113450575741,0.52282086965372,1.490158362194035,8.235178972096708,9.766145910722244,1.8694856644463733
3.4977526028575143,51.554725198826624,31.865338013214668,88.72225440058415,56.741158269625096,20.216517781307036,11.306648393486823,-0.043690285831046005,-0.7704563761947054,0.2749677073874046,-1.287653843809188,1.3151081762459704,6.264489575753771,9.056764552128469,0.7478907207051868
3.4715622203824346,53.16567984090268,26.670030049505062,65.81747065987805,51.243035373240915,23.450801414476,12.4166239599355,-0.43119631526714675,0.7969019987485935,0.2816463059378469,-0.05138453181823577,1.4221755480623717,6.052369232296692,9.787049532906803,0.78860796130531
3.4442999311358227,50.00958211601693,33.4230063053085,61.66758502900703,62.69142743931448,21.55750421857088,17.731170967607845,0.0508787844926899,-0.7883889040454656,0.32388079312839513,1.4911630948086545,1.5801103151589762,6.838616682732794,8.963657936132975,0.7567995325816446
4.574217522954381,49.21530081775055,27.504353549672228,76.82441199983425,77.74824562715102,22.875743791449633,11.42992428398632,0.4169555646500753,0.2167948694056605,-0.25379950185286027,-0.8714458491250461,1.4007389748337216,6.638487224171802,8.887309665328122,1.0049178248774837
7.472592808172448,49.89267208251048,29.48174068079814,89.63001975249489,45.97149327958535,22.89140417200938,15.10285458086253,-0.30873845625173324,0.5803897799148079,0.3528903288278864,-1.9108032789412281,1.2283078460190695,8.50007636579553,9.069916010493134,1.7110394038987773
3.786736882362347,58.35117843735303,28.709611688925868,75.2743075883776,86.50844224429608,20.246330423292942,11.483966843071515,-0.3280207961996242,0.6708786733444734,-0.3561527029061734,1.010908805331408,1.475366679630243,7.333683965328838,10.181467777332454,0.8497210999159084
8.37681127849026,49.533718809787494,28.4121994836377,79.9712516485724,64.82795086276616,22.886985606543288,13.629851849727846,0.14353052599332528,-0.03363807550038467,0.963936767220241,1.6527964284101193,1.3551478142078173,9.943820742673985,9.243253742523956,2.049098227319212
6.2866488727922265,57.48090545006093,32.97660972254789,78.82143156440827,52.37723085217293,20.930177709951423,14.182649472381954,-0.45527469872595927,-0.3660063288190273,-0.22743512131361765,0.8165449887973706,1.361732296936166,6.5524421147965795,9.967964039881434,1.361557941809423
5.625632131806799,56.67090647416925,23.312780459237754,61.48395103816211,59.250949008469114,22.151818627352217,12.539408800054403,0.23503758023459176,-0.3755065489140621,-0.2428407262009039,-1.7969307319600296,1.5269597860092,7.003324273074934,10.27457001506864,1.2475327205336817
8.843296506582137,48.420549738814685,22.599189625861257,78.51504086654322,46.17437630683697,25.219159573925975,11.22491042507846,0.2295066022518587,-0.21746994438927314,-0.601661368755506,1.0313074119821666,1.2744420333801592,8.17420640451052,9.020726923288116,2.082193420158912
4.743448880314439,53.03363222789966,22.291064230842153,79.95828505769315,47.514476482037175,18.83740234690358,13.573792709072197,-0.4776433484955815,-0.2147822432180585,-0.44028715424792175,1.6615054565790288,1.347384010031853,7.8490646048307555,9.147442370187605,1.062587468575804
8.1205326420482,49.560872042355655,20.759344983502213,89.34077552478657,82.30620656701078,25.383687331797265,15.884970427145731,0.1178743998447298,-0.48476307815898306,-0.4747754545568117,-1.3102991852087693,1.2532725869764203,8.352108311639181,9.241763617686564,1.937906213048866
4.807813367059035,53.277529722485546,24.102509991949596,83.32975905950985,77.59861757414618,25.919810301117103,13.667158989731023,-0.1617368235546231,0.17067233822740457,-0.7118072545203649,-1.3857795280053575,1.2915024089051523,8.200375494479761,9.938952312710219,1.2332314372501527
6.5634779703463435,45.96468036394968,24.310964372339956,60.47593021535292,57.27668092255873,21.11228318137465,13.90536008016797,0.24235293398597169,0.590128513097844,0.6273260965707605,1.693081401055855,1.5460597989693285,9.17864768704159,8.454007154698447,1.555624916125279
7.896289548025104,46.12631907320262,27.27769116418702,83.62559678279507,43.54586092299534,23.594818061873465,15.483792707069966,-0.02878951958439807,-0.6900792024791018,-0.7674445437632127,1.557134307546518,1.264365797241864,9.348595781794753,8.160481669297,1.8841429487266523
8.38673757467445,57.60166913129179,33.107947168897354,66.0741899854555,83.05255425833408,24.933661972540044,17.567577500489612,-0.229177744147337,-0.65494886167443,0.471121858370678,0.5467769291934692,1.5100192911858394,8.026035618743114,10.742522982257617,1.9015897415932315
5.332822238021299,57.49295636034168,33.24792865995869,71.25653987671905,56.345066274962534,18.875070219245615,12.505364693235357,-0.011723897670082417,0.07595091571152679,-0.8255533667051461,-0.24371198902467706,1.5046231999843045,6.56672734550322,9.631093403690207,1.2279516751547237
3.575621625126194,58.169166394195805,31.107940513548932,61.08997291161904,62.00972712586271,23.25200922300303,17.35352182739151,0.4246236343580174,-0.5999029200956384,-0.8238973852764189,1.1337410459877812,1.531569095135687,9.207548942883212,10.266723694524739,0.9677108017806005
7.961803428886068,46.330259136056,26.343197534005697,87.93838269671285,68.36761686810257,18.218771492663603,13.7014267406389,0.004314235531549859,0.587430804882352,0.015495577370427727,-1.9638505120367653,1.360915811686377,6.876895042237308,8.01077450296226,1.6053813547710825
8.154751699465892,50.149293978978406,24.83999256765933,80.79067387179461,43.47917235793385,19.73697384468399,17.168578197640237,-0.09313932594615465,0.7936549452176245,0.828882014703701,-0.7202860878980453,1.347325896338882,9.03720494618611,9.04764755257861,1.8818359886883855
7.719758639695257,46.143467529496704,28.79802634015905,83.39947932584644,71.76687642245793,19.93841609098456,10.72954586123039,0.17372048190992595,-0.6406949759811771,0.9302871627851301,-0.8431641283554401,1.3882481508517601,10.09078782578305,8.429628546627917,1.8410787250347045
5.892345143584643,58.394309189885455,20.625978142321415,65.74608763128154,82.19921124901303,24.800824324289426,17.47282033177176,-0.4966174356308486,-0.06144834089832618,0.2608482670747716,-0.6345569481192508,1.478999405085943,6.595252380175896,11.036846761142929,1.347211854582457
8.456851983813156,55.679613513145746,33.57712552278551,88.30198839602964,62.91572257415734,24.081914826041714,17.51846216480649,0.04750146414602041,0.5947270716749773,-0.49270071173096885,-1.5730095977276133,1.2838388950291244,8.267798431314896,10.02089396691523,1.911884943343015
8.532073804771965,48.87940329910502,28.36845971389925,61.629173524480905,85.24860316293802,23.695527145504485,16.209521896718513,-0.19121090621996167,-0.23253024128718047,0.8333376226914366,-0.18400504049357513,1.5668505201481295,8.814023632591258,9.211186933228694,2.05199088573641
4.1598073705732155,50.68256125912214,24.84836997189207,89.29455210577125,72.94337672773788,25.111995015288166,17.73403379246212,-0.011093627286145324,-0.01788396616499388,0.5802031307130728,-1.326906014103578,1.2681819161078007,6.689478425693909,9.682493543378419,1.0187854534918743
6.845527576126901,45.56041471257471,22.784787032139285,66.00936902814507,88.99331405444957,24.553624479679236,15.19804084838367,-0.28386773783858193,0.264044216022544,0.3832481951145468,0.5604925277640809,1.4944988936847252,7.331737271774496,8.600105261638051,1.5868952144416604
4.768179242860864,49.61871890703909,24.62566010271795,81.64143247631768,71.60838422207476,25.736953969183265,13.934528102875497,-0.229531574072721,-0.7457139256386464,0.13885180108076223,-1.661391033895302,1.27797994505184,7.208592538639486,9.46580731965407,1.0800254291119176
3.2912842629822983,53.992355030598816,33.98343787311748,84.24461427724258,75.5465774766594,19.5885304247327,10.621654451128398,-0.15914557409666968,-0.1942573701108643,-0.5737374172745736,1.0593276228853221,1.413629882503347,7.050114033673472,9.142860391948648,0.7832051996766684
8.332832167082028,55.50779020942488,23.86025556770618,62.2502515210061,47.48030643006312,25.257042347063184,13.284313812919223,-0.11113118477690831,-0.10799548439310591,-0.12122907193946064,0.4266479140446493,1.4433543859298992,4.6850181900545085,10.476321216043713,1.7461314742285834
6.6367415883497,59.375758687987314,28.80441245226848,85.34747726200403,61.38426888138929,23.96681531171112,15.12436325079479,0.14069490087315828,0.3073685567517219,-0.803536127592519,0.20495076331677886,1.2758541907097174,7.432748620549066,10.694910485923456,1.5515957772611493
4.0647122819854165,51.18690497816672,27.41429544748681,70.23655738806025,46.5807042952199,23.460009591215425,16.34346947595319,0.08680439877793533,-0.5616909169020068,-0.3467061009533565,1.3911142657256903,1.3864640444448855,6.399352102463739,9.316206050489,0.914199283307331
8.272485985137186,57.324315752031936,26.029598108288095,86.76789083233493,63.803412121610066,19.33658549469266,12.794774601746685,-0.4658257764154068,-0.6379238856150442,-0.19452559126024682,0.07867672195537923,1.3326340829151018,6.772749935991974,9.915230168172393,1.7248570165508414
8.317941977710067,49.98706782211082,25.36879566763243,62.12714922899232,63.2688608747806,18.635853611532113,15.419371165098273,0.45491240721255966,0.49315120841157745,-0.8953329329243748,-0.036527578573270825,1.5838518687279004,9.654606092681812,8.452075255046324,1.9608541772737487
8.509941607854827,47.72655610896909,31.54256674327627,73.76531286685137,42.38495127006683,21.86260455604387,14.315255886322326,-0.2540201301470602,0.09593158890714037,-0.016580123529855273,0.2178041917483493,1.3824096819024159,4.87727616351866,8.510858185240329,1.7226168085509428
7.909519267880466,58.88354308616228,27.408175066879362,65.03104073081943,86.92412824293422,22.39047523940273,12.537042002946176,-0.3050793332109666,0.05460874731903598,-0.12588779488684998,0.8451724048078293,1.5542433327240832,6.165913179930027,10.586507250977597,1.6607722521763948
8.078623489453763,56.55462158663083,31.00236155102186,65.90673813599933,51.674494243715266,24.382476285962223,16.239978644433034,-0.49990589363097726,0.25046917093205234,0.16608228548925674,-1.7490355167067642,1.4369608747884912,7.557190558437153,10.41286629945376,1.784658596906653
5.200767314578995,58.85712308999585,28.680653464766596,77.69084895009524,71.33026723285292,23.27453656461951,10.648865003729716,-0.199468199308117,-0.15592480707153122,0.46559745148603704,-0.674826379150737,1.382497429194388,6.2983557390198115,10.900659357525297,1.1867586795038474
5.595478048586974,55.77497570645074,23.457061182759002,62.4129699019439,62.975987174657895,18.779059823979924,13.300444933696353,-0.028060747202763525,-0.2631119027766142,0.5514597207995964,0.7818523717362118,1.589141575793897,6.476933099689271,9.89507065495285,1.242245493090448
5.095813106024392,53.80221797525791,22.079211247414037,75.69667317167706,72.61439564826875,20.150428890478764,17.412901700200877,-0.48034982812068494,0.5506376247859486,0.38219012995394497,-0.7754309830846209,1.4221952527423756,7.684170562293665,9.643073962671664,1.1945503470053018
8.03887272658925,55.27999172632954,25.268298489197498,64.2789916189863,71.12751415002091,18.606180763247387,14.338189852998514,0.41998528117864664,0.058960312295316064,-0.361076098922236,0.6477186046225016,1.5871395273225968,7.2273273199020265,9.466958157572446,1.7280952418900346
5.868863622993687,59.071773389746966,31.058137868779063,63.30768014418155,80.04001789209744,19.760600157200127,14.419558080388185,0.30469426199560923,0.3881294533354216,-0.7223353416864016,1.1508659922109419,1.6036522921513683,8.782928827441419,10.065616610176177,1.3536619051532572
3.665652947392714,45.39119971583421,21.79417404498487,72.15441512425633,52.04753989003319,18.218660467004593,15.794491881795036,-0.009303086237712921,-0.6816492487392526,-0.8963053822312109,-1.73306982817775,1.4521712189845504,8.972589105841152,7.660804851095131,0.9234777791995025
4.346777608915062,45.51074700932415,33.692319825703784,79.34846476530095,72.7442152187196,19.46431592290181,11.05980913986538,0.2964865542063648,0.18945993438350128,0.13720825421161975,1.7310633767645554,1.4407708172976124,6.480681474582806,7.919166307631119,0.8872059679633617
7.6885584096653234,53.562887647007244,31.314013994054527,88.4052773601303,89.48242798253273,22.786999050581453,14.264396264907418,-0.30860763554962345,0.16927013982845518,-0.09949966287897072,-0.38846563916325483,1.33213862938635,5.9182653252415935,9.6328695885843,1.5868503195491368
5.580065209139033,45.123832748837394,24.607715767184004,87.20925560297464,87.68374048938475,24.129422708952365,10.347119421452836,-0.27152271792016885,0.3152213238408519,-0.5939167875703302,-1.9059426410899123,1.3148473154048186,9.290286823012226,8.191667241481989,1.3613563321089728
4.554765134280988,55.13930782939511,30.309423458595937,81.71745195643004,40.79049797331331,24.531317390977193,17.29296921490259,0.08872954858083693,0.5307217191801337,0.540990304154747,0.10480553757195032,1.2660397605030458,5.774354401233404,10.322711350870293,1.052203794262595
5.97573996327292,48.33420160388034,34.725760395193525,87.6994580667571,60.1156725587353,24.29525732046061,16.092567355030827,0.38009725206286715,-0.7079808768166358,0.4625848236750534,0.07202285881272585,1.2592742501681948,7.398133025072427,8.979203399116317,1.332743183022277
3.988969316029466,58.493256566869846,20.787626178736744,85.76894762766946,50.301669615756275,18.339718852371046,16.02617157713274,-0.35617025129523716,0.4548465347279842,0.048940239985004075,-1.363113783171881,1.3204561369318708,5.834180005041852,10.168932834373692,0.8252847731303082
5.350066473414845,59.68273830199776,31.184458112399376,64.8634483700856,84.16422161887392,23.33864509560232,15.939692846801144,-0.3132896571720254,-0.19344368607698326,0.8900344934134015,0.43803714212508726,1.5508197920718187,8.401651178382318,11.143250750971195,1.3610566084141338
7.7226797699648255,51.16415980924948,27.555049167364835,69.95082454916172,75.31785261181793,22.226950304138285,13.184409359609976,-0.27004211883495666,0.3542957857008473,-0.37128105209989304,-1.3922818372223347,1.4729538172458871,8.023859146868263,9.11755316005342,1.7737634201093033
5.564716956675766,54.86091419825126,29.1445569304812,76.97789640216006,59.582663507339625,21.21656742352415,17.364417408199515,-0.42730236253044995,0.09478823783974255,-0.05517136825679492,-1.3683120524884675,1.3983307264576643,6.02749325282619,9.674748677574568,1.1820177091587782
8.571353407257572,55.713491968113885,32.57104785728396,88.51247073311669,73.10357524050494,23.999215665480023,12.202853588278073,-0.09529772745621345,0.07164836924551565,0.05628654285993551,-1.0727666739785553,1.2963019388504673,5.512394634798087,10.17919977812438,1.760859176548462
7.791740310754097,51.89224047290563,25.67035626712401,75.03786542052909,89.33251234750085,20.339124662364167,12.336169297613363,0.2686376564607448,-0.7066780722819712,0.5548576787328727,-1.60213180937863,1.4669281350033236,9.75272904754918,9.375632159872083,1.7617134822293385
7.707106670738277,45.18336622541231,25.121330563755937,71.97657793844445,51.75453888241392,19.03295302079451,14.187557763896656,-0.17807783610222333,0.6632107215154057,-0.3673087400299714,1.8857273191950679,1.4383140993888979,8.518888792141919,7.821422507643996,1.7352720850174936
8.78125720602436,48.24210902803672,28.44634364391706,79.46582360694619,42.03952847663118,24.236626335005063,16.81769248245069,0.12608764999750044,0.3650483095677932,0.9243948028042763,-0.03445685392476028,1.2933840211845011,8.386740722173176,9.199234326813462,2.05620912104305
3.0687984433236197,53.50529146913869,23.604691737726707,73.920537235361,43.07522003238042,21.64879656353526,14.937913374457851,0.1097169305903638,0.5978634935705964,-0.5855248782262108,1.073812620324845,1.3548282769227757,6.918189527001459,9.451546716779404,0.7582181375546313
6.979105483140633,45.83866450011316,33.76252975673414,60.11886302764533,77.46342857692733,25.441745004650954,10.031978410910556,-0.04939272464215194,-0.0017288629905969355,-0.6937814715239987,1.809882819724978,1.5780724438708809,8.680630797741907,8.255829900576545,1.639781266040764
8.252375463078815,58.44414786489604,20.20193857197029,83.54879261397627,55.684528586298974,19.166184650137403,12.60210578779364,-0.05275980211514192,-0.13701371402136964,-0.8220478435322666,1.544895269158475,1.3554529945401799,8.698177697346718,10.096303700435566,1.882938127062323
3.830096695705924,47.4945139440819,28.381446447435636,65.39478694296697,83.45229388759066,24.427257009018902,15.189522494577126,0.3088119194325598,0.1678656139126593,0.20562071149764782,1.891312024088582,1.5006331537756823,6.983707306460267,8.874604754984622,0.8509900399987577
4.691761740233114,54.977211750834776,32.10449893738964,63.35457793067964,59.63264724163069,23.108075980186282,12.667647420562872,-0.0029584302099515125,0.3642444208455866,0.6682021176836925,0.8816035067530388,1.5175397898653527,6.889263438402215,10.118778664695787,1.0736892330044392
5.172737488891723,57.19995760317166,30.020360969720237,87.13160890287179,48.73035242631307,19.394830413494017,11.020971169675779,0.07828187101152184,-0.2236524748679377,0.09931531609055533,-1.4993881636447544,1.327088205892627,5.119347707487681,9.94143891953038,1.0206910709157004
5.935726754935485,51.43885179728254,26.165199378336794,63.16295419033085,88.01470690936486,18.36988818079674,13.436462391960347,0.3976525037502714,0.34543501112469066,0.13059930108796292,-0.3145107959842617,1.6353841207275086,6.179383254718923,8.933699265729173,1.203028202898
7.825633543724672,50.97075268319539,31.12076975773747,70.2576820452848,50.81767728619215,25.115259797704557,13.929297472433305,0.3246889966872386,0.32314522536197243,-0.9119819412154406,1.1360722450286436,1.3717545080989824,9.580153733167922,9.185737575465312,1.9610877320619202
3.658115236223044,56.76171232641511,34.54393626560954,85.84884167701873,55.96721038459537,21.360482656258018,12.884227299105532,0.36207686937757333,0.4694594208635896,-0.3246117761685059,-1.7012463893342953,1.3154251148120497,7.237619475901299,9.893012898374286,0.8622451272748815
6.112510318546306,50.92282849611668,29.654329529887583,75.17799475792633,74.89374568902159,20.384386191664444,13.042128448439717,0.27185791055178343,0.7817383385552203,-0.7636858557284798,-1.5841632630970985,1.4453917253723683,9.954818719319608,8.764452461624673,1.4819699448189725
3.978205503813099,52.853252550292694,34.53068671853024,62.73849403820049,79.97677220908771,20.074574115567064,16.109915216799752,0.3205999126269641,-0.47536915986167705,-0.5238914064594313,0.018563590591758494,1.6277412608523496,6.759621635073433,9.034472478084258,0.9223538114661
7.240266386438535,48.03774708228793,33.286580952684915,88.93581406836955,41.355670901411344,25.978611710857137,11.693397261070357,0.45361588963160804,0.006760007261524037,0.8244659104731782,1.2570437418887837,1.1956344531104566,9.283025126893245,9.204436110231658,1.7863871203843709
4.468976373468045,59.13120454545599,29.0116719117378,76.11323256019594,66.80301663531506,21.86962348004202,16.0103838665671,0.21246294462311688,0.4826653739452087,0.21685505194737975,-1.3084086245949182,1.4063870153255609,6.296666716541301,10.672842475522994,0.9944229356811856
5.39417567827904,51.62111058184078,20.11077144845091,65.18905287934768,68.23729945954325,18.136726607035328,10.416867300010457,0.10509581217905928,-0.33091120512943173,0.16949516606694282,1.7160988426077202,1.5875196555384952,6.330034407794114,9.027712990265336,1.1076525620749451
5.659869066190143,54.457581820359906,34.413030163112,71.36362906254394,82.04260997076737,21.131340902452187,16.495049408348653,0.036810684821798945,0.1661701949786023,0.5264953000716,-1.2962128648069802,1.5193651131422672,7.102939522101322,9.738674803311197,1.2533672870498582
3.2828248839589875,59.2329717113538,25.212523083765788,68.636591440501,80.64793074436696,23.605500206069905,12.486498710959605,-0.1511275246907599,-0.5323163267492872,0.12607670492429413,1.3628277855251096,1.4702476249825016,5.902056949273883,11.03937187917715,0.6962602351049504
3.495241843568038,52.7437721265556,29.877556612871793,62.59664980119712,51.49093093212296,19.121722487933013,10.698030721548818,-0.05482859487988895,0.05801753372691698,-0.9790084813230552,-1.9448039031941498,1.5872004881415984,8.721822831801692,8.819005616645045,0.9642257092028075
8.661071277378902,52.272969142402225,20.510930090533222,71.3539894283094,52.860816990512305,24.654854876942224,11.475731082918713,-0.17541989371879918,0.2415039804479202,-0.4625778764643538,-1.4945638632607343,1.3629207551124067,7.9829955165030775,9.692950990227285,2.01512490746111
3.0791662597169465,45.32602621082836,30.121532033082342,84.227159386576,41.41386713006639,24.76591300516152,17.328363692341448,-0.3722791222776417,0.4414719220216399,-0.720393492049847,-0.021488096825534653,1.2373002289215187,6.990199957990936,8.153240888400184,0.8285682231782905
4.697725082209205,54.12208473363728,32.83485233993502,75.97877069542612,85.84468139808328,18.18699758180883,16.69612303373812,0.43611026046932666,0.663907753618376,0.7297173497054072,-0.19165415767847915,1.5251807699844957,8.79093696524563,9.47199749324279,1.110019727260991
7.438448444302429,46.95852218881119,26.014795704971423,84.63823052437334,65.26808141983153,21.08615290335855,13.924093623415017,0.4256273658491524,-0.5023591127213044,0.24657489257333132,-1.9276989768393666,1.315846884035589,8.677156871378967,8.504371871436462,1.6673218540015113
8.988064275408725,49.29987784665282,31.912929669491476,74.10257663169297,58.6152116739419,25.768638834422227,10.673009936793143,0.2734920581812471,0.7300140127000982,0.5598426446471725,-0.45160887629285096,1.3377843984522846,8.593076486134064,9.36491386788084,2.0952412142852195
6.179482949783313,56.454450288564544,23.78236459701003,60.85707639110572,79.22118579281599,23.49929528879436,14.886445082808496,0.04071982005694441,0.4647666793597105,0.16798343066252674,0.41638666057557394,1.5530351627164212,5.357192253807469,10.463695154130146,1.2839377187105263
4.643437766822526,53.85727253352163,34.591702175098646,64.35757446502473,68.02761563538897,18.130712831611568,13.015461815998592,-0.19768246548744756,0.13052061439843266,-0.2101672612265385,-0.6833028672845674,1.6309461100816514,5.2971937228081485,9.08166626357815,0.9497089418375795
8.512477045261331,54.983165644205855,23.08036916997972,63.6957191822111,87.04023176469566,18.394627278767537,10.72510247597976,0.3127897000402894,0.7605028770032518,-0.4387726845298131,-0.9469069867525364,1.6351465057208319,8.63393474943367,9.382513767422957,1.8699276148114523
6.532407838528375,56.01317553534033,21.503649354454588,78.2602664518931,88.15682768114547,24.26765240307928,17.251823886060482,0.14954092458374368,-0.5452641293769418,-0.16139532749354457,0.572484832493255,1.3734423271513319,6.145558436108792,10.469135424737551,1.4165583231508163
7.093925569346467,48.40240236476758,26.66632766626718,75.15243275700554,61.604866279376665,18.097908596043634,11.565788709060207,-0.3097963847604773,-0.18549188219910706,0.6217966319239818,1.3983532865853237,1.4658167981785728,8.702348539232961,8.572930995390124,1.604242828619279
5.553758739329158,49.34768938500447,24.287083888129825,60.91346839815892,81.59614030955902,23.03818256092412,14.072630074411236,-0.16823606938033092,-0.6141331645961692,-0.7767144802749472,0.8277735228553555,1.5595481649020078,8.73766707602441,8.872193974974508,1.3856021126853297
5.480216009167979,57.56144982788805,21.052350043491096,76.62018366892664,46.48008737953998,21.11809747375313,13.88280552552099,0.23557742951040428,0.09834686619850463,-0.6675416581383713,-1.9400499673460296,1.3369419941935288,8.242829802982394,10.15834672572924,1.3084914035257798
7.83063656973042,47.52203679327621,23.196104634667392,66.3152110148818,56.136224504728716,20.78154126171829,13.889812012323553,-0.09124627801322088,-0.7644141801598899,-0.7324564960206482,1.4522631849196768,1.485085090994542,9.601244271596288,8.278052719510306,1.8433783483000339
7.4693102438294705,59.95796014140172,31.92216070945534,61.46529987381089,80.3275819046633,20.1781365567062,12.571331918640261,0.17525901272703992,0.5491730234741339,-0.22860956981255243,-1.4789385238081572,1.6296296689979723,7.2962315198391465,10.42514998410238,1.602754505212072
4.039793155659701,47.73253491533275,31.848848915147393,65.24025531967514,88.74990563587667,24.976950855852483,12.124728518886284,0.18454749476791754,-0.33341361911138706,-0.38981221343989725,1.40204196074761,1.5167880197123107,7.266966773291614,8.69412298276683,0.9216500776615584
7.2258697253318935,50.41610793828207,28.184258644114095,77.39530761476846,59.80843792956128,22.735568975014502,17.875592892028138,-0.15859485573657583,0.15903828507297535,0.826087304935823,0.39296946447017644,1.3812309449471611,7.861080292850698,9.380090383131861,1.70479736614959
4.70038489237493,50.12280342724274,20.400324467897835,84.41720839598332,86.48681145556174,19.1063691504732,16.57329969718118,0.16408169653375904,-0.757137429877945,-0.8479646985742736,1.8420932372973784,1.3923658578294182,10.226747630791577,8.5807061009373,1.1534846987683354
4.266198863378471,49.331579746405815,24.653254778017214,65.32414140548252,75.14019889464265,18.619423100606163,16.609305076953653,0.010489737085007889,0.2269842103134947,-0.1760753826157594,1.5339631680899108,1.601272416273021,5.719258099096946,8.500247861481586,0.8790041979877337
6.684703369701826,47.540562601268014,24.5545296527332,79.71284917910543,72.41911375427117,22.180763156251594,14.501285801306231,-0.20097140499201083,0.5025755096239062,-0.034675596488992544,0.7866974165227281,1.3602258371354543,5.962176347100438,8.565350070745835,1.397439987132328
3.2621031290122007,54.85774363101018,23.071201656104154,60.71954370279559,80.45426571627927,25.80153822275112,12.76623202634346,0.06021728804614268,-0.04573199009715623,-0.22532960621611875,-0.9762049369041079,1.526699333804762,4.949941791546514,10.310163879071004,0.7499305367178033
7.988329127988083,47.82644638222365,31.721982313110246,79.68355029351099,85.02943104780343,25.65396065205366,12.969403423982437,-0.296679345575948,-0.12647214280618935,0.6227745579059019,0.7680067809865778,1.348983034229281,8.392804298596902,9.116796016813659,1.8872159293139807
7.642988707907296,45.600143677816504,22.82146015207588,82.27713852136517,50.400507742509376,19.67295760442744,14.876312920637169,-0.49166207328201394,0.48324192264565347,-0.08984162482581981,1.0285790325498771,1.3182346712186852,7.258545350457689,7.976366627109446,1.578678970404975
4.729517334492607,49.07569421365316,21.296168622666713,70.0020512447811,88.58619223668758,21.845621982022394,13.874099834570217,0.27465432181754934,-0.34225329971986646,-0.039392019900005404,1.5999950802113272,1.4833063643192466,6.412482380303535,8.915581650130093,0.9798158253555672
5.19785843505963,57.65101430767089,21.971635149468156,83.76737327518579,68.0985517899858,24.027977379005772,11.814146236860086,0.19527163392537583,0.3325738740782913,0.36978590946262435,0.13719523013664991,1.2863528454733713,5.808604604660955,10.889236758330993,1.197049386404603
5.077363154858182,49.54635341061381,31.089105528800356,75.61880131052057,77.07631870195618,19.85376524880129,11.568381989552819,0.3536691932637578,0.4883306499531379,0.17475279816405953,1.6236997095060426,1.4671364937629134,7.334551238305984,8.659084502800146,1.0938787311534317
3.0171805003581613,47.868001848416775,26.638051825718577,79.04843308306856,71.88558584133435,23.02043624254093,12.875543092953738,0.11331263999480701,0.00926448851757411,-0.026901067525145983,0.421665011719238,1.372701161959877,3.6035131560117475,8.716474598213253,0.5906720711120437
6.0050998301129415,56.11714743832206,28.919814245232715,67.14857409768041,61.17072588978953,18.332641442011944,13.700575506737113,0.10858753158588486,-0.286234520828745,-0.37274463486844567,-0.3650419411281085,1.5510620772022046,5.75628754286855,9.49506863368377,1.2006793540730847
7.136702934404252,51.459659488723226,26.236618174232856,70.61862208276776,47.76476317109778,25.182869368431042,15.806594745535978,0.11088155004125955,-0.7653851278978772,0.4198513444269938,0.30618173613846844,1.3585524701407492,6.773742490013973,9.782681334268148,1.6097884262789806
6.91166910561723,59.14567246320593,32.59444082260029,87.5195000391847,51.26967565772574,19.74155271365097,10.110699280965278,0.1600375470487544,0.18593833599371234,-0.7925620884899064,-1.3728360706898497,1.3419304253249438,8.248420227949884,10.043782584086792,1.6317681122761238
8.262380183549048,45.65738862675474,30.954575364707544,78.90269984951254,79.07535976444144,25.97945867637737,15.456498316516882,-0.2171997661995695,-0.7225392999980855,-0.30173424749567157,1.5512654419802554,1.3240339430577825,8.820989781048738,8.459199378344138,1.926917435212319
3.7834084644567656,52.4845894302407,29.26015828807929,60.38793010822176,61.14388533778539,20.440206959401987,10.99497351586336,0.10303970620090153,0.3500007805523053,0.19141863975970064,-0.22941479323981873,1.5953115545198775,4.494481256047436,9.309323975572633,0.7880167566495676
4.986061720367587,57.82501048829175,21.86196645036121,78.92414439698909,45.47768470063766,20.66557649015337,11.978104632404795,0.19784344563298129,-0.3183909776375739,-0.2029469298357136,1.6488650828783142,1.3259818653085957,6.141024857509538,10.289458316321644,1.1177382923249697
6.233945788090047,54.83566668218626,22.06955682855736,63.73368217170801,45.3980517178233,19.722228922048945,14.179852128157432,0.442291872874676,0.397278077359986,-0.8992057810081422,1.425757795679349,1.4922116240067995,9.945869033394866,9.432392071247572,1.5251534792103958
7.517556917031331,45.92683714918204,31.041005593080087,61.22994577508317,89.75741827159624,23.522898950612536,13.607355759293952,-0.15508086775798824,-0.5665200340055765,-0.9012704372230735,-0.23734900639632173,1.5935113006820962,9.34308903895997,8.106400678332262,1.7852536848832408
7.586023720149042,46.73258103880276,25.952422660229068,83.99647423032961,68.14306648175716,22.235311483044907,17.83059626114619,-0.05052374189262587,-0.2635117952386744,0.42961267448300844,-1.0015904745398825,1.3468414837927658,7.188250546410599,8.562546596618406,1.7017977160478808
6.732910777047629,47.12426209676483,26.383118352859018,63.857448270781596,53.550443905038115,22.028221624560555,13.937145708895118,0.3389713088783399,0.05172026880788694,-0.424216321746513,-1.8827686806765982,1.487033140897685,8.250209094351986,8.448218696333475,1.5265737425520616
8.87354552812545,46.47673310117098,33.39261087044391,63.28868199910863,57.07603897097647,24.564577861983715,16.680641216950377,-0.15734467496610105,-0.24380059309534674,-0.4058953722956188,-0.9716479902605148,1.4951177780973088,7.668828643815419,8.40588814568965,1.9545190172633227
3.3489023544886005,59.30512742027904,28.450498669939346,79.8546020135523,44.038391234954204,20.856692433501234,14.090468723899779,-0.06809502854335286,-0.6532785687035524,-0.3741211567769335,1.7768476242040427,1.334094301389807,6.728816271129241,10.387918329101243,0.7712500017385329
5.2537677708416375,54.25366515013828,21.03634650003608,74.70689474812029,89.59237993746207,20.603276451737955,10.863833320373482,-0.31616343783566203,0.1814556462845479,-0.790414961003701,-1.0942141876037825,1.479931818306608,8.900958764629912,9.481589472018923,1.3008027557757915
5.728529162811838,51.79690398951181,20.742221361086266,71.2820243175986,73.79002225564435,20.40860707963521,15.507839326866192,-0.042033996360941905,0.19330314889431632,0.6635291627784679,0.6977816351162236,1.4736342802709326,7.058606259776559,9.456346544486161,1.3113814976362657
5.6210952547099495,56.12184561420955,30.961992940154232,65.26383119780122,65.84126411853745,22.696919683653732,15.145590318227686,-0.15043756168549188,0.4142273033466366,0.342090317145066,-1.8111717421925655,1.500870020422525,7.340895334165505,10.23818775247732,1.2478522148921085
4.8989383604211465,52.14799533073153,32.87650931970331,86.71476149058147,45.89294255031695,20.142180159863734,14.094492678066832,0.43391915978604345,-0.4739875657900599,-0.38078983264149724,0.2222514400438218,1.3010336327478307,6.360604496711766,8.946130778319747,1.063743639714583
5.759487105850657,46.582296702586255,28.131949339677682,77.55147246082464,79.12169318470632,20.818654008308254,10.225418031050012,-0.32630143901487474,-0.668402025297187,-0.25827226198372255,1.4823369551122099,1.4362508826929166,7.90171812359726,8.191057029908613,1.28916468728514
7.005686123994022,55.45161602315633,24.51625911776051,81.88466374173503,48.349977660793726,20.398902165227156,15.475721388942686,-0.4865116363527862,0.45885905398789917,0.8155957113897776,-0.6985642666724587,1.322387306690971,9.23233739278314,10.12446084234301,1.7069336602060428
4.65596328613903,57.5985834080938,27.42428369260657,86.67114324657466,66.7038794234627,25.24242305906238,15.437391040560277,-0.10504075299720511,-0.573956984465415,0.6735164574398225,-0.6702604255954427,1.2640701954083116,7.368476793458309,11.020086993972267,1.1479884106978522
6.264198990407748,49.43237025311587,25.587895666585858,89.10042966841331,46.45278646825283,22.059626003567754,13.336836250605685,-0.20580775833689724,-0.7176479855653701,0.9485067103745481,0.4752958887686014,1.234615904351082,9.119840291647591,9.168639991703856,1.5300755065403733
6.550671609125193,56.53157151006198,32.5325070314768,65.16616022422957,56.9682094219649,22.85479705041179,17.025263855092337,0.00560940604586202,0.4401832655711959,-0.5629895762070068,-1.4602117635871688,1.5027933225279606,7.46491786530836,9.993812743083053,1.4991880346785658
6.314494850251176,48.61184190781589,23.571215167797163,87.6145539492231,64.10523276087343,21.90806984206879,12.078422896346643,0.4703861550075332,0.13333999971205324,0.6082957965399343,-0.5962584340560297,1.2849257299977825,8.029489996047111,9.067672074741296,1.487866297289407
4.861680495821958,52.44031472393068,24.536365307943825,76.18306821693709,86.82260640471799,18.47621134691874,13.062827144441048,0.0740261902283047,0.4945610014261477,-0.4265642991923383,1.221848536671791,1.501436976625775,7.246532731176627,8.923409637114744,1.0175776144487656
8.678131539796036,48.88756735812952,22.49397456398725,82.74230087514485,44.19494972812153,23.592142646469767,10.836827110286794,-0.13646308965772058,-0.4146766321654769,0.14840656352950443,-0.10420906859202961,1.2616994016144831,5.439565662925708,9.052981950784188,1.8401349192687968
3.9446840039973092,47.63898196434546,25.49783582418393,67.19386872673029,41.130236665584114,22.166931950182505,14.198766223758923,0.3067598723606916,0.7758919729485512,0.3116166498177835,-1.2217157449072225,1.4058639621755988,7.036368132270352,8.732818179501464,0.8958858274612468
8.395090404494486,46.540292520874345,21.1036499931821,84.57328157683885,53.5869065659386,23.99437933424152,11.238546059122438,0.2774206211028142,-0.7686723594199024,-0.5697533376174316,1.9209540195962607,1.2436895753044062,10.103584390035595,8.484667102439305,2.0260134073769245
5.396769931558706,49.99428242338342,28.004085234761753,80.00137246498414,57.61413292891908,21.5477537847639,17.858707484834373,0.11998664148898341,0.07474224257848139,0.45286322670024304,1.1716855784024078,1.3666867611758344,6.491913100922881,9.08415270273252,1.211343950773112
6.939682765699629,59.6175255475283,31.807280229723467,70.34723193181543,74.18408375766225,22.38047569793986,17.14587299222329,0.39977397661541725,0.40692092503528765,0.6094864765295949,1.912650577629039,1.4810352360153631,9.547692794817513,10.879763460949594,1.655053965042453
5.919969173662153,52.82322315006808,26.58248780478724,77.07838363536332,63.314370454906175,19.42160172196101,10.296210539503702,0.12218828338867105,-0.6526751994394144,0.9085425790265782,-1.403564847954594,1.4374751107614432,9.60553173642829,9.47433117251285,1.415389892847732
8.072922931661672,52.91636750447041,20.17457254375076,65.63011527779332,62.04701901276222,24.810897267111113,11.658923623101717,-0.41794354302638115,0.4854681441642621,-0.8326048307585314,1.001397725490322,1.4186997849122474,10.06557405977846,9.77711732723239,2.025877292565971
5.229351059476702,51.0460810471635,33.51890713278755,82.08280205135556,57.98082364676458,24.541700995444135,17.094785563917526,-0.4842721650999523,0.5353767468332522,0.5225789250382344,-0.5712124565230601,1.296422414179379,7.885889293899816,9.495788178062975,1.2142180479391487
5.221315365517292,53.10723102877329,27.81563792403989,73.24843107877854,69.7655734954049,25.09900922168962,11.822706054356722,-0.19626989445226872,0.7854108788498342,-0.7424157755772149,1.9699305145231363,1.3811808698284256,9.757587189537002,9.699838888340471,1.3165883788034232
3.734549944920734,47.99801135450527,34.858570429226305,60.15158312126725,59.76110145493777,19.537472895442892,16.446194205418003,0.04968268779353213,-0.7946280247775211,0.931665082208037,-0.40488617385670334,1.6297198487470108,8.248222627474059,8.507573505830011,0.9542865447974663
7.272318263481649,57.15737819257656,25.486742965742906,78.11341959767712,59.21211958725239,19.602984196838783,11.807792171280957,-0.49738480316344075,0.6431244450083213,0.36357043951208734,-0.48119778970100935,1.3798380977935965,7.748111423842378,10.100492078555064,1.5933494605905336
7.016804861298498,50.35527865867256,24.859672360152274,76.27751137446894,65.14114737573794,23.298777039311254,14.209639163388031,-0.2771029975512101,-0.7984417749172911,0.3265967771875,-0.0061056676945179245,1.3474194254824983,7.167873594352015,9.368576624993276,1.5836898079811166
5.466346279520289,45.54365527765394,32.526755731848866,66.47402551066237,58.53023968856152,24.049356722533158,11.266849873968331,0.2615176907190836,-0.5980199155474,-0.9880297401696043,1.7852446645295483,1.4502722921335518,10.629966859302344,8.062899047347779,1.447477655004825
8.051992005860136,57.1368143600799,31.891619382957252,64.02802041813918,69.329699771874,24.873477819803067,12.144385369558274,-0.46456375408450845,-0.07789811440381578,-0.6715605908703653,1.3737333206703122,1.4851858605877066,9.186875776537486,10.257858328117399,1.926078088447663
3.1637426291256885,48.62025176016471,26.704244263776367,75.87061932763484,60.93608795624673,25.647241850623278,10.17044641385951,0.4054745415933133,-0.6236296172324585,-0.8210213257439408,0.08898250248311479,1.3188629546260169,8.040232431881423,8.946270960366014,0.8410997543530306
8.238544676167876,52.22944639874026,21.851543965870007,89.95950519602357,57.45492166858463,23.866879567870747,10.636718559170719,-0.3854186058436798,-0.5629911501341289,-0.9755194725992009,-1.2031745489914107,1.2170568193888835,10.750306637647759,9.408620526196305,2.051886085361526
8.420998877446035,48.38956238959048,25.34338467979302,64.58575647586244,50.10849334290284,24.845611926430337,10.385638357441128,0.22807472432713616,-0.4256632962978557,-0.7777445246011494,0.3348406559584878,1.4413182692106785,8.513513353385695,8.82925914387381,2.0061965874042658
8.093279243764457,53.3545910605636,25.619872758742126,64.37347248461148,67.4052220837264,21.185896808717587,17.42765938099566,-0.3190001614096606,0.3411585096729972,-0.9766099588394411,1.5437639845713225,1.5406623617107789,10.534846076452318,9.209005658560176,2.015071798537898
8.647259196207592,53.76608156069836,22.645358755550312,85.54464849500653,40.64455254634144,25.56060738630633,16.966266118457188,-0.4207679046794519,-0.5487212682098952,-0.9193573181424856,0.17602509113249942,1.1927735603907004,9.320974384864433,9.910587690691392,2.1860285238431385
4.247118552093727,48.04874366884475,33.73145240299949,77.86298741719577,46.86224713201267,23.91575106185794,10.788906521565846,-0.25105681788825934,0.567123784117429,-0.40490730622411786,1.9015680027348973,1.325798689845662,7.800019741410796,8.599229572808753,0.9832456050033953
3.965048975777714,59.29149924179703,32.70551036623722,67.68020654980852,78.65526511110852,18.017086099636323,14.330059284771874,-0.4005027822718523,0.1281491111323897,-0.4947201268643783,-1.3531205630668124,1.5949478020339907,7.597120228415153,9.90987463578333,0.9239173461262865
5.902278027753901,53.59515022302372,29.042894731970307,78.07099314541742,58.19104551538632,22.843067631478895,10.249836310481525,-0.2955855979933669,0.02603833623316054,-0.6727303876806552,1.843609617382807,1.3580136029801435,8.622003746967115,9.513422296202624,1.3755569170991746
8.341560662626302,56.41164786253633,24.335377170077457,85.81890582178667,48.97718007426026,24.829328840561764,15.666108081017814,-0.14299525496786963,0.24243334595803723,0.13249305111527088,1.2354934763398693,1.2274038833431755,6.105913735105841,10.597491799587882,1.7857845788974804
3.5701943407550183,49.155717540682886,26.30804319015663,63.12345016315398,43.13925422275895,21.916560182458326,15.875300591965235,-0.21157887825381622,-0.07930816060437162,0.6990746145700284,1.5057600428922222,1.4814782750806708,7.417963534703391,9.083002610986217,0.8894172781050426
4.30384137956118,53.487535638466625,23.562048045359763,62.15771892538257,74.30714814989709,22.377341844412488,16.263607238018125,-0.41026940884487356,0.1479858933256143,0.08239031151496001,-0.32455538039427756,1.546592771178284,5.111545687933492,9.789116438891247,0.8985444973241694
7.9346073250230695,45.671329056974244,34.688937476936715,82.22452951060141,64.57768371063398,25.62332448793364,14.361658387312872,0.21293212834622677,-0.07201775531811205,0.17775399494627186,0.2128516732396597,1.3117492008863771,5.6948214613060175,8.51846872902258,1.6962252684165429
6.520767432601349,47.24414482795713,20.244094622934554,67.86854239086398,48.73569561497639,24.534886541438297,17.846465010235953,-0.2588062132362541,0.4272993469403268,0.4792955031598549,0.7085227291157254,1.3821879700979307,7.324263550271077,9.071499370520442,1.5438484524583909
7.288798445963235,45.06392949961274,23.006269471586094,62.78908702361611,63.947290345203626,20.660580521781053,15.030766022419552,0.10188477589944711,-0.292060972934033,-0.9303599280094865,-1.1292233474275648,1.5520806424148441,9.40936329594904,7.814180531584256,1.75843793735427
4.0930622091761775,53.74120387495125,21.009895689540933,66.72936617121793,69.77657001119586,22.985627689688414,10.126848684511177,-0.06410483132504707,0.4461074018100817,-0.0774492552710182,-0.4954597681193327,1.4902676816874698,4.527051901612885,9.86277404378737,0.8912162452072029
5.509635479561494,50.627214886681095,31.766105532271197,60.335267675844136,53.660484350373224,20.11926253561583,11.957206103150046,-0.3998966114414309,-0.23420412233312082,0.4269700889317043,0.299630417569535,1.5801775800788689,6.631853454046906,8.908953509044446,1.2160367061940565
8.480320306804398,55.377962543987124,32.50947018292391,72.85002433619962,70.51920024548762,23.984873498559352,16.8528191220328,-0.31443109423189497,0.6072537572955479,0.8992756932307233,-1.5685160417533617,1.411330359508399,10.97637296827063,10.332081079607608,2.0498658354755044
3.0936201162233123,47.51441953355466,23.25184348082179,61.60251921603016,52.21708459692161,24.97050266654184,11.087608829257348,-0.4606620095337886,-0.37958705081049404,0.15043968209726333,1.3241200910074524,1.4527244469817355,6.32425212106479,8.910252745425229,0.6726930524781631
7.032702845115278,52.606887808895614,33.156752435684716,81.25004666000716,51.466345554344976,24.503014811953115,13.16357847942586,-0.4322504910577089,-0.5069809254205384,0.28874730759303313,-0.49081784480697577,1.281330323369446,6.934418088291112,9.763618247978133,1.557493979781099
6.014470414390896,59.86452450041657,20.676418955111288,84.08425096699503,61.231465089153744,20.2211117979052,15.41488534342499,0.27578265410986735,0.4723744154174616,0.43790935338701975,1.606935522900847,1.3191090794715217,7.923337276411384,10.840877231747776,1.3402883444362288
4.752496004994242,52.150370095647474,27.084932510917938,88.5627590718481,75.95757639333956,22.765300002739934,14.39924216667404,-0.29155543729017164,-0.28446201166426055,-0.41707070127851265,-1.4575718571092198,1.2983009219858643,7.538488486367533,9.342080533861802,1.0911886437426617
8.96832444334077,55.90225646845358,21.337608896570625,83.14194472547265,81.01912985189088,20.123047145658667,14.956602525792832,0.06697497218192572,0.5881685600408344,0.7337845584197626,-0.5296037890384637,1.3844427518702453,8.641346295568258,10.17836733494088,2.0112069143971896
7.434487094864457,45.95207410509892,21.160931517817385,83.35063874847185,72.27911055060622,25.491096206574355,13.333332370363836,0.38250641039021727,0.45146494758369426,0.17345988347248875,1.8796767227934086,1.2652245941931144,8.322247677286029,8.738673545026415,1.6952721654797802
4.600833428015553,46.77289055534847,30.583738204206313,71.20465021733862,76.79677012541555,20.766452366150023,11.846720482815748,-0.18860812317165332,0.729396497277297,0.2650047670842266,-0.19423128749030827,1.4950499637560848,6.173887939350365,8.282974806522304,1.005094184050569
4.803985851087074,52.987158757546204,22.735602339523748,70.88711583586706,62.70434138902448,25.934475575219608,12.176430617394479,0.222595913400067,0.06277681329608709,-0.7100332927457851,0.5395824402952605,1.3672236315679018,7.004086398650212,9.91617473523592,1.1908824435393701
6.7406512167252775,50.60250208270478,29.03132486461307,76.67905328067894,52.73714759553419,23.55333998279592,15.966060088635793,0.31695810599791885,-0.7760507934395432,-0.6734203606482823,-1.9548611387658748,1.3308108159359455,9.964318948941466,9.050983369991,1.628700528130306
8.972698058763909,45.38342216581783,30.266578232968726,80.92267573432552,44.66799654345719,24.570695395439106,16.621878831368537,0.14240204361905495,-0.24631148702881445,-0.09834499503559624,0.023977500328059786,1.289592424195706,5.196302163364235,8.32303888983268,1.8433686238889253
5.3373048112766925,56.62360806252855,26.52885148400494,86.29379367292483,60.50282475779547,23.407661688113564,13.397803639955985,0.08152804043724382,-0.7331542378458781,0.6365426041075664,1.7024971895847365,1.2707723806060838,8.678927238329194,10.539338718611436,1.2478632886778713
8.544153477172708,57.998383301189435,27.911410232572155,81.86543273886996,70.58074784715856,22.57789201145195,16.188781568174242,0.26956217261358006,-0.4943984311505958,-0.44805168659782413,0.5843964602431155,1.3484294123123572,7.761403106663837,10.352262332101814,1.896763543068953
7.054474272832372,56.790345896028676,22.534201683820168,83.82618333646684,58.1402999237258,24.953295240250924,11.28157374071045,-0.11993923108958138,0.11953772160929521,0.237925234322802,0.6319533272533184,1.2675629378107462,5.399257897829591,10.741506891018538,1.50431204627569
7.2663436237812835,55.36374786381976,34.89207726166353,79.39210012330878,70.42034817926482,25.98513951968132,11.91530539243353,-0.3684798930095089,-0.4316109857376742,-0.08456948033018319,-0.8424507657725564,1.326215341927952,6.450805651576559,10.23551619094884,1.5538596591937859
4.683960100597623,53.690196190529534,25.519095606109303,87.52487768170985,53.34433993571096,22.73788886308664,10.979060145463883,-0.34576721317850895,0.6803632858124404,0.6444579481300468,0.24312049380279976,1.251528389064895,7.639427061256827,10.025162340266926,1.137204137154595
5.694876195040544,58.14797740212169,25.01669096656525,79.27597623984965,75.99314423773382,19.07499634544243,11.216318468731858,-0.11199954342417578,-0.2995365200161846,0.5292174173052071,-1.6966382414237757,1.4477900275959008,7.929736671616328,10.26569902910592,1.266174686103517
4.505604010321857,46.0644238329651,23.48500593063172,78.4040390124593,81.93814294776007,25.390967988677943,11.733213635327802,0.21112050389016224,-0.6669181044694908,0.0985569066287042,1.297439469970719,1.3455838040774921,6.594932928176977,8.671893419448908,0.9949020164371412
7.416571693548118,51.951200146010095,26.62665051505349,62.676819325398334,52.28468422255061,19.527194861783332,10.177769390224231,0.4407998109333806,-0.4879180906220865,-0.46091290682332786,0.22959275785203603,1.5575725830505844,7.417083364926083,8.993158381332167,1.6105088256680227
8.189853570923152,46.52243956742271,24.636935539396642,77.93007301292658,41.896552503673306,23.67128345605047,10.63386659899073,-0.11202910062923838,0.29576761916322547,-0.34236051916890387,1.9906277254832423,1.3087198082725997,7.66354556696387,8.476080507602386,1.8375532003540958
8.418322404166247,53.718473841224146,30.703504663209888,65.35564184031884,46.50130539901848,21.321797317610546,17.323094612845566,-0.324582921123479,0.5315294668253758,0.020550285488536213,-0.2676336870904903,1.4955472508956853,5.590426843473441,9.498125671393446,1.712317454498634
3.8559077066807834,47.45187645560573,23.22444465555671,61.6965635088049,40.46476436572464,24.43305913726197,14.485880815449018,0.2765777535879931,-0.747952109699706,-0.6702121577414233,-0.9675644249278752,1.4283027375338404,8.130230693310049,8.64783218700011,0.9869208468819062
3.2110870741559756,57.913535105737424,21.14173181218703,70.78921318934209,44.756855124466135,21.346003587238776,14.173876324197938,0.42788802867244313,-0.042810181689188265,0.6317876488523615,-0.6275195218451226,1.3879434219072426,6.766619892580989,10.747825732541719,0.8308379271612916
6.774006164010634,58.368745612611406,25.83505370753303,62.95085387189751,74.60583940141981,20.70904752959924,16.16103433775177,-0.3072882723609375,-0.590884300215642,0.10237143784502822,0.11789713032694715,1.5655259299462,5.8838193692914285,10.383082380389396,1.3719777683049101
6.0364588412335936,52.35273464629603,32.49554025028244,61.78873141685844,47.77262898525271,24.287531985583108,10.209852023887493,0.16816829425430602,0.6879311403732398,0.5325455408725477,-0.5988624931687119,1.4838119038661712,7.178031464181,9.754124701774616,1.396046298542879
5.212672865493991,54.46369284267353,21.357051950746204,85.8713329955947,61.44989995458451,21.50735366615962,14.60451450422888,-0.3788506224702917,-0.09397113765455234,-0.24239127588186327,0.16879337165209485,1.2855544030780728,5.347974245503728,9.797226910225557,1.1035391563676278
4.096366368529591,51.51642007282756,30.674405937782062,68.95200207600517,80.8932953498722,22.751238033781366,11.914395328205256,0.4404506806758034,0.34838216673688427,-0.270084559047973,0.4775187797247953,1.4844169307855837,6.584505194270065,9.243210203120839,0.9304724242109268
4.892945378440117,59.69026651488853,23.047154565096434,69.80063016604984,81.4959491770177,25.92119797075855,14.943917736635935,0.40212959219447186,0.3806783962292539,-0.38339991096512394,0.6092410058989697,1.4041725948194208,7.129001635593449,11.262607092206478,1.162087844294194
5.357787844228625,51.08567615089072,27.99308150686578,87.4713558254597,86.97577473026593,25.274094286574307,15.70748046933052,-0.48586294917202,0.5650666582309911,0.5046105983175846,-1.1049825503924713,1.2714919441453607,8.8376297577093,9.624247299397126,1.3322978480764052
8.70387637795501,45.2994708100521,29.08255047005625,83.163091043201,42.66021863112049,19.889403193629903,16.28592465402564,0.285124424419153,-0.5781532566825384,-0.43438724092112013,0.638353971093824,1.3187529721320932,7.915384083387382,7.769923970127045,1.8724038457597132
8.734221592045913,47.263364833516825,31.994455065268685,71.58018518363251,83.93101354096825,19.88325013801795,16.676971023201506,-0.21790440904031583,-0.3627237686940117,-0.4703230801816254,1.0382186893664995,1.5394775102911336,8.52200009108102,8.038698545880516,1.8812266341336967
6.83580072774213,51.31665695283161,20.00440191696806,78.73330622310762,41.3821006466521,20.890223063652027,17.24135760519485,0.4190428962495113,0.36974054369618736,-0.21607815898462124,1.1153391510012032,1.3135877512840632,6.884530928157273,9.226114684548797,1.4944766776518046
4.527441041843699,49.64823401128936,30.83434669240132,73.16247859689805,51.95041024022232,25.50913757753719,16.607417270519772,0.2692946700662283,0.13844428038608814,0.5010039709127325,1.8748215517313764,1.3449249891158794,7.708851957539602,9.434376243520601,1.062767503515505
4.103825277423212,55.394691258165125,24.179864189861625,89.24361490856253,64.56112634265179,18.896554355888718,11.288561821309742,0.12101943180606611,-0.34690440598343736,-0.9160747923591035,0.2245159330721802,1.343946993120605,7.492721486557312,9.40837178436529,1.0341362452486
3.701927390340173,54.68559737956039,27.012813258059506,83.01693088542929,60.926565735448406,18.88567146973001,10.000660790311722,-0.15644406456632903,-0.11534652114819266,0.6544283653289962,1.3948614236766224,1.4011389337769486,7.231383667547642,9.640272479412891,0.8803143569599929
8.171291019810328,58.83902286815927,23.303755618520437,74.18264681578661,57.8844355043326,24.515174141873125,11.117928032008189,-0.22485151035361406,-0.06595399153833381,-0.1293751935351033,-0.22802308644267,1.3602111849773957,4.888584048270614,10.965994660806734,1.7131061669479704
7.6779175391092815,51.9152594145851,25.912928583559612,75.5428666835728,68.88085156945458,24.321889864325893,14.918048473262772,-0.15955461628786716,0.5243953079697818,0.7973575164423823,-0.5473627259777305,1.364329514950609,8.810567497902312,9.871356243099013,1.852253249859555
8.999203642117934,58.075778217813934,31.40795884148792,86.72591967043039,58.311658435419666,25.32075784474543,13.463878459886876,0.1742018411525219,0.2764447236908898,-0.5515692436878541,0.8101253606777954,1.2394828042245305,7.5799208326489875,10.588378862448906,2.0950168379535548
8.389616415176887,59.092998548081454,28.325135354909108,65.48313310364199,70.97240412179427,21.19560499696637,10.746302675129591,0.34995772641405154,0.5790535260230028,0.053189600014452276,-1.3162735052403254,1.5391830186252906,7.079209830285153,10.548705110236702,1.7506596312759075
7.625064710507843,46.406803208827625,23.47011829316836,76.22624689002089,85.98360738476379,22.781048938094855,15.299537255898372,-0.17224088804583487,0.14638165307508988,-0.029919521616918132,0.38158557782943214,1.418351347611608,5.247180344718262,8.497159217350116,1.586086444836799
6.288778940749098,50.06594663559746,24.47696076976169,62.87013822420456,56.43443112854797,21.602490489066184,12.961500819520936,-0.14667464728106105,-0.11119928953086122,-0.9606609462163012,1.8379114874145852,1.5238549026374502,9.64374775945013,8.773271736238634,1.5730722058114073
4.143199373784945,58.048461959563106,20.97559366540683,82.72538686648126,61.808808159041064,24.994985123653784,17.867821807661496,-0.39620816047549634,-0.1272914947115581,-0.4869318905715413,-0.31146577038278367,1.2656372009666685,6.299756188044118,10.741977755698363,0.9696772302800417
6.850942068775816,55.54508789208818,25.249976391021814,80.39244718344077,51.548093877195434,24.58058159314148,14.812984217568438,0.1393083152815373,-0.7552647160329666,0.5094427637145091,1.1547903258573986,1.2849689662909858,7.795227861527866,10.499966122668242,1.6102986390048095
5.863992616492521,59.745365189896305,32.15054486054912,85.68679657657208,79.32310504934878,22.83093085314406,17.148963732876652,0.07786544720502009,0.23997134082029725,0.4917016711330007,1.7649925644843023,1.3568319845740573,7.53277872497831,10.89535308883013,1.3276237170920782
4.32771267079357,52.46564597390756,26.430609016591212,73.94284973182141,58.544090283579365,23.498242873771236,16.837125888012594,0.030132266117017803,-0.26704547082855756,0.5487598392291351,-1.7058639556963129,1.3884215694614388,7.071398666745166,9.839548892580323,1.020594210830488
5.112508780096428,58.95406273195326,20.356106544779536,72.70754867787818,79.88331246850164,21.670099245491834,11.63535060961673,-0.017908426040492864,0.6901199088748511,-0.17032963121367506,0.8237482037566832,1.4479103694619726,5.883305714008228,10.668273718574925,1.0892686941041168
4.049004037323097,49.12373680880578,22.911002707787002,84.51542018688879,63.11808676062362,21.011221515753604,15.524735271000708,0.07652274500796885,-0.2796138156120763,-0.9848246422001052,-0.9341866713545068,1.3366131443152927,8.404216955508382,8.485710947980886,1.060209938401957
7.446585772352298,59.266381750466635,26.715378161176062,72.06736807649236,79.5618704986666,20.646260402530615,14.804961435022324,0.02217462664258918,0.38350208064238855,0.2762837975271486,-0.1747278596851889,1.4902892042243596,5.425572698123556,10.62105612993542,1.5222572125565406
3.3884119370719263,48.976948556804004,25.073703288851448,62.317696602105784,56.805040750488374,18.466717782478952,11.997500942876105,-0.23890875545792728,-0.06906389556760995,0.8486960920584741,-0.35374108088388545,1.5834027649102536,7.18675194534192,8.687730326878164,0.8560120049037736
4.513794189944785,52.49000825766685,30.41267615000428,74.57740904269272,56.074707299092665,20.262206188540787,14.415820476842939,-0.03209598530410418,-0.23296322062339248,-0.8306442916132533,0.7642632965599017,1.4337854579307572,7.327744371500764,8.943580042553853,1.0636119499396575
7.5302353968117774,50.708289647109694,31.205713268255288,75.44103823066696,43.371612758386654,24.018928559691084,10.285440851874721,-0.016968714986765,0.30679896080001234,-0.15303347027721237,0.5838767999521863,1.3514808677167265,5.066748606951065,9.24209517463089,1.5567860909948013
6.951427211379551,58.57566939480066,33.27915868172726,66.63113072441071,69.16353947649635,24.16117062664191,11.776751645378267,-0.008422356716087265,-0.4905219081509513,-0.9960735669526171,-0.9137458894332189,1.4809165794783383,8.9804207521011,10.413652744232918,1.6949598948341718
3.6451608371270736,55.405964564433646,27.378254701821948,60.378830114596695,84.93136900660153,25.01768030998693,15.301379823855157,0.48036381796624494,0.4004747882305162,0.354823411423534,-0.8605551849903428,1.5437566621556502,7.377450031195077,10.448500500867322,0.8802008137275565
4.274571979759099,47.092838984113875,28.85007545515323,73.49609141599606,59.15685615853742,21.150049209318418,12.256627004216789,0.3163945543443113,0.21189893737256416,-0.4093089933480054,0.19512753694361118,1.4271276489422864,5.917059841480582,8.211625331512973,0.9471575101417513
3.670656037135239,48.473412987050295,34.97173291178218,64.69809504761379,49.72170425068783,21.12634657449485,11.992493417071493,0.17580125983491168,-0.37374774171653646,0.4289662245081489,0.01078134715168666,1.5169291392046602,5.320887426034285,8.658413484784516,0.8049737480736927
6.067628432004755,47.78001109071648,29.568596138803173,75.62804068322251,68.656055634451,20.359548458496135,14.689077118505836,-0.28201555639773923,0.7533761328569204,0.9538667990848568,1.5138289143922514,1.4231823949211406,10.779372314377664,8.685904316861485,1.5053227700544332
6.448747836581036,45.49216534462822,30.40370323968782,86.21612361562327,88.53161186988368,24.754178648256215,12.996437931084126,0.14708923345627534,0.7255453920309332,-0.5565110612481659,-1.2642881637916377,1.3101022400744853,8.907333494101948,8.262397198042459,1.5319673266112597
8.652250353281229,50.716597627185855,23.62847460630347,69.3138398829088,65.36794798018627,24.62133326389151,16.545045883947182,0.42084447395056424,-0.6065120984519032,-0.807612965336628,-0.7059024766209363,1.3969308816549193,9.910742322718024,9.290401443149404,2.1458743894144425
7.073691730071012,56.66340638870739,25.455364543856525,69.88429485580738,83.51279395527528,22.804527801880084,16.056884412337983,-0.3629398052763901,-0.5932851976521489,0.7731223451297424,0.7000332189996565,1.4642311745408259,9.443293344693952,10.619594037340947,1.726176047772362
5.56044344244361,50.16676422754082,22.09274963394944,60.51581962534753,82.83928073982435,24.746180991961964,10.188739791616662,-0.23855436848076422,0.4084746660793248,-0.20607293126175763,1.418289659588226,1.5460435903442094,6.913681997779944,9.337187792123808,1.248021793280586
3.181567336607347,55.32729201840645,31.337390096821593,69.0605859844211,61.02909411098831,25.99068867466881,10.923731073313473,0.2587570264075587,0.7634121160909049,0.7552563111355199,-0.6484147905431439,1.4039214857036628,8.022373100844682,10.605165934741262,0.8660449290689085
3.640141459393976,56.28603188957357,22.541336636874718,66.20235995518605,78.7459656538975,24.46165465787526,15.376095944885396,0.15787546234496574,-0.6790591902003213,0.7955378796786259,-0.8095998984226149,1.4607774106197944,8.377534659271465,10.766543962849278,0.9133387388555017
8.90191845459646,45.76027315031554,24.87632999394104,76.20505293518362,77.21423598288281,22.31060590941517,15.729230257746206,0.40715151347679424,-0.15967056938286572,0.9523199832398692,0.550368196221156,1.4035785838841497,10.285581525892708,8.628983623617538,2.1973750564327297
7.015394723367626,50.88301758253877,28.759621659728957,74.75530070548916,86.87618171499925,22.024194274397672,10.525043104221876,-0.3768300311342294,0.30340525089684256,0.8016478984122299,1.7007019233239715,1.4650959909841648,10.447848691140292,9.315120158604072,1.7108025417789654
3.227157585051872,47.401204492334315,32.04354441531785,87.82919752873764,41.15307401731289,22.57092099873703,10.500898781437717,-0.18265714972356734,0.3297208038315067,-0.18571565731614803,-0.946301318088109,1.264589701255748,5.075348932759332,8.462975956737187,0.6824231629222414
6.209768355305746,53.414205212242166,22.407359172862115,61.1925067855507,58.025784838050356,22.80606328222804,15.974648945431944,-0.007714995551452775,0.7335257398443964,-0.3684438135105398,0.31296060745082466,1.5039172989798342,6.049211072795134,9.677591171785789,1.341543920616081
5.204010314337022,53.82476405029587,34.90007835000872,70.75381808872987,60.54050705168805,19.834562470021872,11.334037965320165,-0.11491021486176617,0.11903718343926584,-0.8381596257520058,0.11098518361221332,1.5166876847616804,6.926422556298205,9.032173461444,1.1991343143372006
4.202561610466467,55.881575577216275,24.15766645430595,75.56136286629511,53.88435097108556,23.14875119575282,10.205893707619305,-0.34444100104733,-0.7275568358764437,-0.6209688652307239,-0.6306030899123001,1.3468878965322297,7.921584490272999,10.0283625972067,1.0653100275119005
3.4551028972150815,51.930197551933865,33.64498885291765,82.90102655489594,86.0855848584461,23.756870818780218,15.727772894516722,0.4130110770835772,0.3852382601626876,-0.33578847141987067,-0.9431757464263222,1.3573534805851597,7.141510136661738,9.327388535943356,0.7890699396950986
8.068632435660971,56.003296542234736,28.106257584511305,66.08418364732849,82.55320525625075,19.18549131555423,16.614040583169373,-0.19307905538626624,-0.4833303531831892,0.9321231845103106,-0.2634770535907722,1.5996496422856146,9.219735988451925,9.96832629051716,1.905500335602096
5.628209406343624,45.102483078997444,31.375148743333384,64.54791406276887,55.220156635375794,21.57138940818671,12.15962174690806,-0.4674747219964191,-0.5240876416806219,0.5611464695906552,0.6196129287127965,1.4936020652768642,8.278217622864075,8.170476915040085,1.309237317873626
8.846271807861738,51.1275167978711,23.29716369667176,61.90056864904953,52.82318380290116,20.23149064116099,12.345991753704116,-0.3366566754994955,0.3274159915868011,0.9399236085725211,-0.3259915035217491,1.5251977676246826,9.388288004718646,9.35732968197559,2.0718596017606603
6.665622121212342,54.23052541171918,28.271680993707406,71.77239400236752,76.55916543761023,23.937619599054162,11.399841317368754,0.46058421409005346,0.5917068456268628,-0.3647477045919768,-1.6366885803276918,1.4202367379942091,8.984584517555888,9.88939774070092,1.5554550236124913
7.662727259562947,49.94866787544944,29.333494146764348,60.61615594154601,44.47038832609028,20.170142476380278,12.301561555229439,-0.4464165852851035,0.28990026033773764,0.03601324792817939,-0.10349107739770402,1.552783732806181,5.422510742793795,8.74405038442097,1.5202134307314292
7.010658153670479,54.57856698905514,29.516525662955054,72.53522744698905,68.2223086015614,20.735916555857216,15.509462753529224,0.3013485804124436,-0.21909165488235405,0.7467508924093691,0.9417543263701496,1.4664728619346588,8.635916255110969,9.859500061495146,1.618835536071361
8.567854107396917,55.95612282194858,33.592778467126784,62.35499372415521,71.03660843881438,24.569591542942344,14.124640184936489,-0.30382250664763644,-0.5199337296827291,-0.5220339862446247,1.2078689571508687,1.5109846321486868,8.856481046750474,10.099677785765637,2.01370068107033
7.380512672151033,45.57023733704229,32.81589650506172,74.09076733944752,79.716422718486,25.81140361270742,17.991943327499527,0.1295487811794841,-0.5443653038381926,0.2220935849204302,0.4039793098744182,1.4029476842241468,6.511436247483165,8.598226404219828,1.5972967371176316
8.298886219107805,50.56980806384351,32.22518288961239,87.33973128605946,81.46531789798715,25.956525512007453,14.38337479692046,-0.42185389883595137,-0.5115220790404706,-0.8899744686146763,1.1212877977135012,1.2724562655871028,10.860625958663254,9.128344157870673,2.078148375842413
8.531229192337351,50.38675666278876,24.13257249371243,73.63115475106362,69.0652167936832,21.933382840981857,15.552149054239143,0.20599414758213908,0.68853770201739,-0.6098967815080161,0.08182250189942497,1.4116522783400975,8.208198006796865,8.989998896831462,1.9218028135569247
7.23883635628426,53.90533942309761,32.84537346137247,88.64213572185871,83.47600806200026,21.272667575729944,11.004319365323298,0.37033860595409396,0.49553935623559187,-0.5469076088177227,-0.08516053158597359,1.3485660015752012,7.834075537892477,9.374670979456711,1.6256544927364533
5.02814949621342,56.27751288686759,27.6629191273003,66.92552483087559,44.509448228682345,23.893932723408938,15.948569142717574,-0.43495371363637586,-0.33794276732306916,-0.2336749016815438,0.5939307065601374,1.3950595386013693,5.798823633151915,10.302592407258093,1.1460643137856406
3.318726009613249,51.21128017395218,32.85663126513806,63.91236473355189,78.22236918010445,24.729439988519978,11.071768137128684,-0.3608919700710931,-0.6423721566464026,-0.4684973934733203,1.0361087839618675,1.5149208930504638,7.731299168633543,9.272518689742794,0.8435478002090311
4.124570894599284,54.397060007285305,33.165134522282216,69.43488900669718,67.3771080808718,24.85226934918157,11.6805818845064,0.375709885493549,-0.3345886841333964,0.05070849269143696,-0.6080429189736578,1.4352740614803587,5.192249877420487,10.034360731529217,0.895662992672359
6.854977550792957,51.17240225858189,23.922667062552325,77.02439332489172,69.95440457118892,20.42510153479549,13.461105917521202,-0.3427803751816739,0.4966885459648782,-0.9830891354274636,-0.6121959439906626,1.4009774476430064,9.836111298293712,8.821759372208364,1.697439809949398
3.64813819566402,52.542056555159036,27.092138959821366,88.70076481721972,68.28900065985067,22.47509622889283,17.74670306949847,0.037568029298948646,-0.42773755745762376,0.15306213852588635,-1.2539317759789204,1.3023299287334749,5.205752955686574,9.594867963722658,0.7569303183458354
7.54036754480347,50.25888653473195,29.572043778204346,64.13666357292787,88.38765613642596,24.27911900840987,10.120885803963152,0.2547995188925405,0.5091558913356289,0.40360444850596133,0.11493129474668651,1.5343507413016437,7.106831466265231,9.37370453745097,1.706060838422891
8.498342859314514,51.198519464193396,22.41785821410906,66.03400097071165,57.674134168601626,19.881063960771925,16.53831479519536,0.43178185608794906,-0.6498839762046179,-0.43332503862864535,1.0462279833253336,1.4984213006718574,8.712617264726548,8.926925240675597,1.918224161307896
6.783546277549766,51.662253746827126,26.51136143891466,62.74796133407042,66.84385685789832,18.50922891410995,15.821576645474632,-0.41608056033672836,0.727835282745845,-0.7974353668341203,-0.16384349499690787,1.5957843393656628,9.117180337701813,8.601792113867717,1.5732893052699797
5.054840141693518,54.36001670782868,30.692724425410628,84.9134260512263,86.76175694410604,18.626574971675158,16.185647453868786,0.24394505789829402,0.19862436908091152,0.12133621027315789,0.07639146987767909,1.4331898627445872,4.849246412621353,9.394347458894002,1.0092378009923122
5.829208820774548,46.82859246734333,31.63362760411082,89.55331767160763,45.16066274316697,19.876872056556763,15.866936099958291,-0.4458087506867066,0.48642575119905973,-0.5038498213248376,-1.7271316415282494,1.261920136460169,8.768072910645127,8.008565135954713,1.3448756576303165
5.85715577982455,47.25413991012546,26.98159129043382,70.11677602998131,82.38952531982076,23.616473269025022,11.00977086908977,0.09907105467016697,0.7384600442143618,-0.20059299103558326,-0.320509648276053,1.465800191076281,6.104443529283871,8.64058505679512,1.2888457252761132
6.61328373410889,47.801353240954015,27.697637347414506,63.36225039518532,50.94794001545611,21.95714464264806,13.347474017064721,0.03953502040744239,0.7870242979393622,0.6953103844130677,-1.5922814793445512,1.487504459590715,9.045324956776222,8.817779638951963,1.5434744593068668
8.138776499760649,46.812410626868484,21.581561331797865,74.34264084626689,47.835848922395314,20.193246365675304,10.964079565756778,0.11032717727352925,-0.6630681429655607,0.9455236644659353,0.09545494340374372,1.3994026419019754,8.91256779694045,8.652548781127555,1.915938235009453
4.556319907012788,50.11174078456785,24.322213837820193,69.8790901073213,60.28043704297113,25.27680744626856,14.52886050930006,0.3011660868058941,-0.40799572804976325,0.018440489472256738,0.517930737508336,1.369383894357327,4.951801693494495,9.44434797640089,0.9974762292251234
8.951044451171494,48.8249188833128,34.82709237209693,86.04341706633117,71.54248995082463,18.845698639291133,10.254731574219393,-0.4395893494719866,-0.012778206760979294,-0.35506797726820427,-0.11761527786893144,1.4090532902579949,7.1574177071965845,8.216385553017819,1.8567742265282283
6.109014760333146,58.20022547699642,23.933319574916027,89.04983829205713,65.92600575284334,21.446320304834646,11.92340980808547,0.3284582914428985,0.1040829714619258,0.9763943172134268,0.7407914001519265,1.2876608833420398,8.962225311172778,10.769850682806343,1.5120493867907667
6.50953811307587,46.22056697530808,34.027858821776256,67.80727987631678,69.19254119718961,20.681268351510138,11.676323278306118,-0.06517179256787009,0.14442048368253357,0.2670227490846657,0.7853890153087164,1.5510338540076671,5.877867688372159,8.149085379699946,1.3801570140110357
3.799241672115621,58.754766328621905,23.639595949727386,69.68650473943505,80.80971344739335,19.071955162718936,13.964691601760384,0.23132305328065017,0.5551586491145748,0.3573906424548403,-1.5610314606318083,1.5312341899242674,7.379436647543851,10.388960422428083,0.8145756406754336
7.7548927732321795,58.47738245836168,33.31877059849782,74.66221839480541,53.62152620940718,20.363926628438847,16.90775811698591,-0.1711194651683457,-0.38812053385465833,-0.18020289801277767,0.7766603532281771,1.4371920983269688,5.84624328295339,10.111988318564908,1.5596238590493443
7.952894834818766,49.804281583072985,25.280953016628995,71.23093757497047,70.73847526666924,22.627203386518183,15.150112811617758,-0.14538016027796075,-0.761610382096403,0.18349729479013588,-0.5645653791440872,1.4318573338656606,6.801344055534641,9.127250572609533,1.7057219743335188
4.8083864855836245,48.93987079330271,23.817385523865017,69.72046758390083,85.45882935999066,25.41946905898279,14.707883715967997,0.16646116867815275,0.4987183706682077,-0.6378670421607933,0.9820449829704225,1.4240686957235156,8.14182605003209,9.112628913623471,1.186455284120817
6.7305390654318895,47.747427727638666,26.18078168587975,79.72113338122446,40.723894897193425,19.555595386975433,16.59911852113562,-0.014420829871162832,0.5590870207338643,0.037983247476033544,-0.38583781024537234,1.3532674685741573,4.604748657625973,8.31639765976228,1.3065939019014943
6.391119453177376,55.20212402565459,33.47719741920827,80.76364914222238,52.09867854249305,19.446416354534904,14.568018434730371,-0.4186048529029629,-0.581767148573997,0.7391685519736042,-1.574154908818619,1.3689165566672792,9.75968075714672,9.696015239729133,1.5387986148139419
7.821161910606923,45.19218569778664,23.112538555704027,69.39898805074881,87.8701557841089,24.63107178974741,11.441759676652447,0.14797920421555666,0.714160564152829,-0.5280733417094094,0.7578298211866188,1.443870870908027,8.719369985616659,8.298577983244323,1.825555871883119
3.0102507837575,54.06158749006845,23.65806894265839,79.80087140344325,74.47101100884726,19.608084170754324,17.407166393973252,-0.26976714614098046,0.7486742457076772,0.9035308839730591,-0.5573858267569709,1.4061333188175908,8.862451570165623,9.752303676210115,0.8028795819089305
4.796757198734511,52.2136543699827,20.770975692595016,67.95970701203717,50.70673539711829,25.836306219326424,17.639552578539245,0.04674093881577435,-0.4487570134515455,-0.9210600823063585,1.678867986375797,1.376423019460038,8.930769577701966,9.71965777247047,1.2858718018100133
6.14741654896366,55.94990522678782,24.482897239953616,84.65577887302229,74.06292476083115,22.84035137219875,10.156001750479861,0.28352734376345057,0.6144894447332276,0.20687876916664183,-0.8385907275715265,1.3258922370210064,6.857707639293713,10.299475113918202,1.3796929870537586
6.4042135381484435,50.7541316756121,21.245761331963145,78.0429198570982,65.2262022532451,20.258588569298812,10.829068979408344,0.1691604945370907,0.22136303378411326,-0.3868955549673093,-0.41484028096849945,1.4015570154636865,6.356648912751268,8.951906030316026,1.3776706872771103
3.757655985696245,52.34750630666847,31.647392570339285,74.60207181481788,70.55131525315808,21.93845213311087,11.31740588374358,-0.20065972300132423,-0.610832619768145,0.09564964616922955,-1.7504246803374996,1.442367765569826,6.387852650016469,9.385067715482041,0.8115184711121592
4.902924006184473,56.3341841558955,23.236343596124733,78.24629314840855,88.89044321831943,25.214015742004694,12.46592032990261,0.20104078902566536,-0.2703570013257527,-0.7136958011137435,-1.9846772706350246,1.3539687221402754,9.106085503797667,10.362117650464173,1.248818120923347
8.815182511846633,53.251654925894705,29.408537331827688,70.59733096709333,72.0163050926448,23.21947148243548,17.600894987783352,-0.26111749215480945,-0.6473083714139768,-0.6951872233322636,-0.05060791751768412,1.4543531237312726,8.545214721851341,9.432893260227567,2.0229586476195003
3.509951504507799,50.984759275655,23.01800576443716,87.49404637942827,75.09902154070949,18.968433269827617,12.812342888976618,0.17234204856581548,-0.6477822920583001,-0.6853980266846715,1.8032242495145194,1.3523603605088517,8.7710281515635,8.683019125751295,0.8605199342280254
7.39135330845548,59.92868708492193,25.14382099905623,76.52853416803394,89.0819159585889,19.0473704467022,11.901432513785085,0.3039270147653421,0.0820666493180362,0.9921092280495905,-1.423604884614119,1.4909994224789118,10.172066325847561,10.778689983684025,1.7826856542679954
4.501268920771112,51.994850140268696,34.815281468246695,81.36907536854024,49.9022873737774,23.880662244219724,15.862700177219065,-0.04300545866235267,-0.3058882723521741,-0.5522535325162872,-0.4682894321444462,1.315112829352527,5.983517562731813,9.253336361641932,1.040269448477702
4.64670437758042,51.06225895012785,32.674599669893524,61.44682586376268,41.734246781485965,23.47134054091072,10.869215995698452,0.48540968721799604,0.3351146264047593,-0.7045832867078794,-1.7082034917678737,1.477835801324132,8.946119286735359,9.027413514780545,1.1391716170370976
3.9055598167302428,51.82528627053833,26.244449727223355,89.90265065745879,45.91417078895553,20.9997317712137,13.205627342998673,0.42384502270041113,0.5419214930430674,-0.021173927232106204,-1.2519302286357603,1.2419668234663783,5.820517281307884,9.237742545772452,0.7930112242937425
8.185400080134183,57.081913196314886,31.262180733881284,76.64002679527069,89.91509466330112,18.55527064008258,17.981944173785216,0.4718328982880109,-0.05244086092639777,0.541775090854588,0.10214245367449504,1.5261189329313984,7.756860129993338,9.99107702595843,1.756082459036958
8.864663016954246,48.31142100915896,30.984461846102224,72.78550851151645,56.24858234848885,20.902358129279072,17.776767547421077,0.14600784539465717,0.27768807943494056,-0.44207265265628204,-0.4552860551955389,1.450325055738368,6.924854351190026,8.404319459525272,1.8590157739957618
7.406624977802603,46.92123329163111,20.011275001748498,85.01719680748614,58.67875967156643,19.551451895065508,13.276435367910937,-0.28821494166407313,-0.06216543892092041,0.07146604845537752,1.431384166569035,1.3159502792499005,6.415450454472821,8.27645096936338,1.5444764671838127
6.089722832230523,49.7961713021255,23.642641418907985,66.87960649780447,89.19600055657958,21.121098634543582,12.699696116343015,0.3437141286630273,0.655745240142191,-0.1473560781249562,-1.8616031829611244,1.5385872713427853,8.16541393708658,8.925638415527533,1.3570995531856809
6.796610666028322,49.17269513386725,30.669689137918798,80.47443127354293,76.28049649275702,18.34804431882764,15.692717720912968,0.4181203409525899,-0.7812876273460457,-0.5025861860202787,-0.7980203631905936,1.434592870347311,8.978710981261338,8.269183626072886,1.5211828676464096
8.97799847921414,58.03829148022589,33.78143758861079,85.67818169179675,80.90512002005434,25.47071692274966,16.531936999597768,-0.4957487264860599,0.21519904344747487,0.3908579282780962,-0.24562652609982916,1.298100791517345,7.657073227000333,10.849398328755704,2.038259020057243
5.604764505011485,55.29137573460893,29.789842660676143,63.015227323786476,65.73204473887823,18.435611714372495,14.463003154987348,0.46253786786960305,-0.6754409577705389,0.6848372885124103,1.6800734124933108,1.591089491686207,9.905364311127766,9.701821499153745,1.3058169615708914
5.260164236045206,50.329012269389395,27.48578440839938,63.25791522914956,83.71258240033725,20.11100676754125,13.996443395146954,-0.48179014933811176,-0.016086663051687156,0.8760719563282893,-0.7326054964583886,1.599296479362335,9.111602702942744,9.068840046439778,1.2852198964855583
3.1185132362125136,54.31173416681719,25.25669154122064,88.12164424938442,48.52690253952585,24.88762876571677,15.607456948995843,-0.17484905092085606,0.5527907969926882,-0.23833418314238086,-0.18153087079982733,1.2076684193031186,4.70426282044455,10.054380681850885,0.6780496512198945
4.913700293233118,45.373643528626516,20.606833142539028,71.94733243653707,75.62413259763996,22.515753165332377,11.407707847124511,-0.2876019614157157,-0.5600492849303024,-0.7318596530319518,-0.7928693496202011,1.4225891431368685,8.69898625145073,8.093784155584169,1.2477696004542076
6.924469984790374,50.83779510098942,29.74197871936193,74.97438940872485,55.647205110625144,20.878139867731377,13.051895591063486,-0.23793093898209433,0.7825975845431539,0.7043174474195302,1.0798916603512878,1.4107781612917139,9.18142073619907,9.223972408909603,1.620705240828673
7.122173191485166,58.18324102031358,21.819065065563745,79.63704077810688,47.68134116050689,18.279340723721276,12.00074455723102,0.4351143577130968,-0.03905559408992865,0.17601581075222872,0.5904973767625514,1.379021814196397,5.816721025786382,10.202674031133139,1.4430206730473762
3.8209316149343837,56.170026697937644,31.14138798991744,87.08440811469347,58.6374081677349,22.244125891506293,11.874730555384781,0.48989124690497554,-0.6310211553272876,-0.3097673963425277,1.7410712089205616,1.2856988677464556,7.948705942387435,9.97974680563178,0.8771431373183992
3.677912651613132,49.205584581608804,24.77370853612193,73.11411114634517,45.75181203338809,23.154489139705312,17.628110815795583,0.15931820344132874,-0.17525068379451403,-0.4222910946127155,-0.07581465331993242,1.3770830257212128,4.972298395590542,8.896373642395716,0.8531149719468425
6.32518654632371,47.606142858958634,27.889948481133235,89.37739068169981,64.99297221276377,25.042269879973567,17.996208255274517,0.1922358391328779,0.022316243610128184,0.9227709079061015,1.0550782237818446,1.2618301232636309,8.691165716193963,9.13907680159594,1.5635217432666195
7.076133031098124,49.52242589884851,29.55245542072579,62.985950310186006,71.5965967499034,22.95371378601809,16.799170015159827,0.3807461860384551,0.07318896425639276,0.6061277393648821,0.9850860372445913,1.54849244762433,8.30381101469242,9.22879569151114,1.667177149493204
5.55083785989681,49.46175780069866,20.163355302843094,65.10354116856504,68.48298786231241,22.015648421945254,13.832063824242066,-0.019067332936236414,-0.07379307532057844,0.6163054901303546,-0.6954199367063216,1.5086221303698029,6.509417681396284,9.242913954951476,1.2950016313395758
6.784729715821367,57.62905659294174,21.84523150185403,82.49451829734122,46.6823521077599,25.19280781786507,14.738359929488304,-0.09759610566682725,0.647128999205528,0.790682317029596,-1.3832355642237695,1.2376278122372655,8.796241067541088,11.127529125240025,1.6986167962424932
6.671592918981984,46.24344135515103,21.556202595670637,68.86618577133987,68.74167561520248,22.716349476800314,15.564955091643483,-0.38041729095138005,-0.26120657586252105,-0.7303976623855654,0.3220825518298751,1.4402183965559112,8.419849946610231,8.282755275221755,1.6168664304278273
7.1263943700957455,52.92566824075572,23.68953855970295,78.08724542417214,84.93841494382795,19.318120362345624,11.656140597247383,-0.047134097754447546,0.7989858891801613,-0.5179429539247247,-1.9069396985960096,1.443242982166771,9.119214785117151,9.167308840177979,1.6363542852018838
8.405817887733551,58.818632282553224,34.66188395373061,62.697236203535134,81.1266075102205,21.366692434505723,17.340403666614684,-0.38152492366897517,0.08340186949646411,0.6150759779666009,-1.169445392929031,1.6181873236750524,8.808484246649467,10.541558862685687,1.8681813297186258
7.411740348245329,59.84568088779012,26.68407313043317,80.9498803403482,48.53502432577108,24.293165050079295,16.778543064766833,0.056292772134995284,0.7700530009860029,0.05514059317650544,-1.2336591324796027,1.277547667751177,5.9725695105046,11.081697248943433,1.564736622858057
4.278093338480621,51.81769361598402,28.566981972666017,88.29605221771071,62.207840187536746,20.972362504445876,10.50857253713724,-0.054463889459893,0.6481856153710133,-0.2627537519893409,-0.2955228353020296,1.3238002193724303,5.224828378886221,9.106576492454307,0.9119150487080824
8.362824979698111,45.66202321812413,27.02651079043628,73.38209124990338,58.072891407207464,24.720904741416753,12.801707432711314,-0.23254968175294272,0.3792896513510029,0.3365815258069631,-1.087923926314889,1.3550266523126577,7.756184511956041,8.622103508581967,1.9283310520409394
4.980996203651339,45.97859707743313,22.665516165802316,68.16924490071972,85.74208846743747,25.887029562348737,13.76784284446749,-0.07534421468793961,-0.2546919131435905,-0.3340494861247879,0.5553070550558514,1.4395033238481356,6.047696192448662,8.642147604226144,1.1492682717181286
6.277896645285481,54.32750509547418,25.715570979552826,72.05837935581867,60.25664740773408,25.747721930699477,17.714018399903146,-0.2634725078134994,-0.1057602567999476,0.23178950055626268,-1.742976403222761,1.377600179538078,6.733183916108467,10.2886097018338,1.4338810109541442
7.877704316621582,47.00789821592106,28.40464066609141,77.10138163539015,78.31934159166579,23.721232557588515,14.81901350236932,-0.39818017983142184,-0.03461403625462389,0.6208068877702335,1.3710258165511542,1.385731769306705,9.170670668865647,8.754671692480787,1.902499866168821
3.9399945589353473,57.935060480864465,27.948843164378466,68.65368224407396,52.47716796160675,19.2402885456854,15.28493374242656,0.44578563945615424,0.27454612178281534,0.741472870485486,-1.298832234560876,1.4817073358649884,8.506490079864843,10.333302400470291,0.9662200268466283
5.716648366149295,48.44017849304598,24.947728893765213,63.225775550683565,86.31220029262336,23.04105788747285,13.690634067870452,0.18673606805498122,0.33409535395712875,0.06872287906129637,0.9053481321359929,1.5458362528113474,5.965167810819855,8.946836165915288,1.2031454905369825
6.866352288377799,51.38814865049587,34.44884850208235,82.69639627065443,42.83465790535914,21.421523219350764,10.3093976453892,-0.4329366501701808,-0.34117796737356954,-0.17763944585087743,0.2079100431800418,1.321084731443424,5.807422505649057,8.910882597829906,1.4463630907740068
6.3550358849153445,59.45633177232262,25.72405880803391,87.28967239874635,57.15733009807064,22.940958071275283,16.180146129251398,0.48118450885582587,0.4708972499901505,-0.6155718732787414,-1.192585718805231,1.2551914967270013,8.703383339605569,10.729628466797815,1.5524054840385197
3.15581022662418,59.0207800321169,20.686792576601526,66.24308786619358,53.25296396719941,21.179075625855877,14.481602836941056,-0.19580375594014876,-0.2305652469919458,-0.16895103874059536,-1.4381568182284015,1.4648759949975225,5.4691084272676695,10.60457906004232,0.6620295625515712
8.786224302507987,55.655963706705485,23.1325003122996,64.31388361265009,62.098724301346806,23.845394948863397,12.406959276947395,0.031329913454556046,0.7198596295238537,-0.21071165955084148,0.9178708633125527,1.4716822608438433,6.69226352547107,10.281773490571922,1.9129331847399111
4.616390587932659,53.47692338774787,20.631370795538125,73.71596101487133,85.68260784599849,24.714045477725413,12.64756338669635,0.3585182825092519,-0.5560073195797173,-0.9275635853019837,0.13946259415112872,1.3888204761497118,9.023381604055844,9.801225244322808,1.2411327895104716
7.619687428944732,48.8662004702637,34.86343139520291,81.83921254560852,75.06523779590084,22.755443057282,14.224813315368209,-0.05722397282124303,-0.225080696924557,0.7769517206656256,1.9740327678124414,1.3868848860442562,9.411268650402793,9.018450841348663,1.781239534094854
8.492832903825228,55.82038707482711,33.84289605702139,67.66676648281064,77.84272402425097,22.623429224743745,10.2995253183129,-0.2908452252917756,-0.08045470552876144,-0.6240250138956784,-1.0280169742648293,1.539738945912288,8.444178870948726,9.79970718162157,1.9487571093619391
8.022345294178518,56.408788377079844,20.3970941676359,89.31408644847075,62.566836623780034,21.38596663930702,17.57881086159133,-0.03276897430670911,0.759129796565031,0.6048521328977361,0.9294716810223624,1.2778463020553348,8.137605646274139,10.378310643123719,1.7812538573880226
8.352819994557871,55.83853570535629,32.513122020971906,85.4876259014433,70.2730108209042,18.052564230274726,10.161994289398347,0.4593038221373683,0.4564304453672532,0.06311334828024373,1.357720876782369,1.4024800859714919,7.4867185576958635,9.56245415871839,1.711863671586127
6.2583075009152775,56.614373784185354,33.066508746016225,60.68807995611973,64.95197753217813,22.106920349946733,13.254700818039458,-0.12193759127981774,-0.29737611708204337,-0.16081219271080616,-0.11290911397785042,1.5801757002778882,4.77119442268937,10.102891149539458,1.2400260179971583
7.058605603631042,59.621421093297016,30.169894254837136,64.4207552144795,82.72716930557908,19.19057955642424,17.017437044483238,-0.31190217793398856,0.6782895768662887,0.21374847896400007,-0.4338353871454701,1.6179165487177243,6.8081901463906105,10.345415144213742,1.469756776829606
4.719047680024538,52.873418935806114,33.02422686914044,75.8812569321317,80.49920254047612,24.489722235028534,14.944246692974508,0.06497399776777868,0.1576014371632095,-0.831078738687296,-0.08146391177296808,1.402320051376698,7.050848964304675,9.460609021092097,1.1528037302271044
4.926789961777001,46.231809262050106,21.225436479457255,78.63354399028854,58.76748356350048,22.091190678480956,12.786376179121548,-0.25299677379741126,0.6096575595467613,-0.10263157272572987,-1.0528514015566142,1.3282793704394054,6.2864848272397005,8.442676156180388,0.9917413859620464
4.053948468870381,48.464291679483026,24.64804961171492,62.90674850008727,60.79946945351577,19.139322009514245,11.791668942274505,0.4388373918642078,-0.5482179569390804,0.13392166764988866,1.3855461663887647,1.5580808155904695,6.821577023434914,8.57269980681162,0.8856333383027293
8.44344770817923,47.87630540619897,33.48146925522093,61.64243642300957,84.4790754035054,21.174298327941656,11.523823319218431,0.35563807917952206,0.5932065180685517,0.8880341310231976,-0.3300481225475873,1.6270513134611329,10.042698800167154,8.74104775295083,2.010091950217253
5.6431569128165435,47.414464472180285,26.440444295289545,87.45170054977308,65.8812734483793,23.06248077835983,13.567586599153547,-0.4074530916129443,-0.5470503525677413,-0.535421076695064,-1.1451399453569704,1.26989660717797,8.632329231499366,8.522480323277748,1.3519773160507356
5.963082499638954,52.122854260903935,33.04798821264913,77.83258024487205,65.64474593885862,24.37592029620037,11.15956579807455,0.11667979399029127,-0.2776623395437141,-0.1097481097616152,-1.3232514285687593,1.3744258628704247,5.692854823003874,9.527143687379334,1.2729220519699225
5.194026822166495,59.01015961801794,33.665087213674575,72.76935871932706,55.53568684585356,20.31530831298399,11.373071146676446,0.3939632734559966,-0.7446155266369391,0.4423426766710121,-1.9296970221044025,1.4406293270998,8.883748607455587,10.471143430368594,1.1779103016490935
5.634664381839551,57.016601309726525,26.084477836453967,61.812645250733866,60.750081552104916,18.25751137437857,13.570638184926567,0.4890349730373029,-0.17369850438226786,0.8726418200237065,-0.7651164779160053,1.5900773432764306,9.015610816069382,10.072629348436907,1.4033038201488393
7.749614077295367,56.101224514657105,24.784018109664206,60.09484247360782,85.39281569477235,19.730227478370978,15.394377871383305,0.31431405985138583,-0.7723971008777446,0.9610693978635734,-0.008260703040851913,1.6389967808254504,9.725522768664016,10.157065540548851,1.8464228231711715
5.012033951337958,59.22992905741064,21.646841331125767,73.47673134392495,68.10776361207412,24.23266306958906,11.699489211787018,0.2803260050465225,0.35105671704927355,0.23674630145911446,-1.9511497568735703,1.3749502090264314,7.307405738828317,11.178310863753767,1.1438300408013895
8.791558992680061,55.937238150656086,28.54567277717518,71.56462997442947,88.9222739297361,21.853730701356145,14.143808985637385,0.0720105526275483,-0.45217463346525955,-0.544609136966602,0.2813209750557797,1.4923406723152275,7.591911945649776,9.834633513034708,1.9500104959979196
6.706665539664505,45.53651432507735,32.94089725605969,84.45916894579501,51.501496538325256,25.95788282575663,16.1134580628994,0.15446778707903508,0.6354603340220562,0.572058911125737,-1.9889360510522962,1.2509019710892697,9.024273304464126,8.695972800814332,1.5993566260830492
5.722101449651932,47.584344547325415,28.9368066009421,82.29305482887696,56.51381346611569,25.436654134522264,14.588498058976,-0.10338245487946834,-0.29525104215902354,-0.9053871660517073,-1.082508516987545,1.2791511146348522,8.615981578106844,8.584391994520212,1.4333413101509986
4.762375358430188,49.62375481821142,32.92603923169021,68.51777304466685,47.0898456784345,24.774655539101815,10.113355097623845,-0.25938583893625033,-0.0902046989882429,-0.31960390688300777,1.2327813718963614,1.4090696476281799,6.144462317640862,8.989076160558069,1.0585295771051808
8.578375947813928,47.23115234183651,28.651139918027248,61.93102696633628,71.09571209002326,19.62315789967923,13.011531661575475,0.20954211858793803,-0.11479381614157236,0.44628467112066206,-1.0657401941193592,1.6139423590783648,7.8080226207052235,8.438669427144967,1.8735544732391871
3.4353466421096464,48.09950302082988,28.890958714092424,76.93937044027206,56.62756692829679,25.606567959111754,12.455593195122898,-0.21455239968310436,-0.07756918140253755,0.9215799909282649,0.04353942120746357,1.3167306971009272,7.071033808618853,9.243594863565985,0.8914803862810473
7.0459770096574506,58.99540268108826,20.581266919826497,73.83182857179855,59.44291801788186,18.47287976242145,13.217354542134363,-0.07359963865910019,0.17993235505813931,-0.6752596596476491,1.2511061990560872,1.4502092731406315,7.688744006345291,10.118269794747995,1.5522553799932188
5.415508534259657,54.78587816024977,23.964663885648942,86.10143972732473,69.13082086322581,19.56141628290905,10.331955937166285,-0.2851904591652929,-0.030146753629312295,-0.7235496091374876,-0.4214447943500548,1.3669765134391278,7.317799132295727,9.395076234701136,1.214194046740975
7.796682474535714,58.45611042828889,28.508268902617356,61.017949111059906,79.41138737884751,22.630346517475246,10.133274776919826,-0.0845451380959426,-0.7244666891827292,-0.344834989797965,-1.809016844730187,1.5908617484167802,8.168354923115901,10.490631409968776,1.7345908725755879
8.130184296599,45.73593355708049,21.566393486048757,87.2227491090691,47.01772360422374,18.148082736622786,13.845424690800133,0.22134898684451254,0.6131561180751808,0.7409023082239616,0.10836733013769129,1.3049884168783814,8.350950384097201,8.156488589887752,1.835797418009774
4.004922522335135,54.288470894241385,30.904265045359697,76.86810633361286,60.139880366634564,18.654147075061392,16.172824543310483,-0.4721009760528821,0.46676797663481273,-0.46742420512463934,1.183556240058968,1.4444244632810121,7.885127651695884,9.165380000195219,0.9334169414581625
7.767522595799139,46.88206208717563,34.844124631950415,64.93614203056701,59.4085477973551,25.76106560852341,10.09372291636044,0.12012908622711882,0.5687509937689226,0.9786953001128662,-1.5675874309749875,1.4649997647104431,10.396386909101471,8.993988458161846,1.949716112602819
8.134592844618673,58.30213421128347,20.43082810222007,78.96362219250537,62.85331467190379,24.646849739849493,14.005360529116945,0.36914777823582756,0.7077894365936368,-0.562525287874104,1.6642927363794509,1.284965971539246,9.625068134056304,10.805932020569106,1.9433942140381477
6.307298523466648,47.380299276871156,30.877536292414213,87.05495216865002,78.686518768018,21.324778808179385,10.175784055575445,0.3339521246495707,-0.2594415647668651,0.9292515203584089,-0.3739428389800248,1.362587817390751,9.06864947784542,8.691589934613525,1.540350574773847
4.0840233686404535,50.81713078533385,23.615873570746704,65.29611532279053,84.77444715591835,22.81367683970615,14.697609837464027,-0.10204968864916802,0.30574837559544266,-0.2716858745473786,1.2731076458845187,1.5291310734173305,6.220408219189942,9.190973342825927,0.914456766138092
7.326061105596708,48.71334838418324,34.56778020850615,77.16794227062887,54.368676313433625,22.70920097798214,11.312974226879604,-0.4566585913893305,-0.4542944460749334,0.725305118011808,0.7622674599632169,1.3626982642268821,9.18569398188804,8.896224063666414,1.7569427162854208
4.23186758696599,47.18942029356544,21.532067283439048,69.7196407864344,70.92422346745921,24.183905895971325,17.756239958078115,0.36555384800587576,0.28403472950024233,0.41779943964095545,-0.6218877021597367,1.4267670723682164,6.752644238056924,9.000389519126209,1.0143332276273564
6.049308610799017,50.04375321803189,21.761699441924737,66.79983197512284,49.19171854069404,24.44658101010468,11.943265346767962,-0.1447795145448061,0.164952653395796,-0.7372879301180639,0.40660473721572377,1.4029563757495647,7.070903498933698,9.143198436878484,1.4592554574846779
6.716152254428598,48.51771781575961,34.6174963866264,61.41526083636316,79.49053866012366,22.08882089537829,16.91974436501328,0.37943465248002284,-0.7376051262638896,0.09422209163067907,-0.05615020555857009,1.6021233968234192,6.5276148271401375,8.730616861650844,1.402163554488681
4.9167994767542496,56.42325255917375,33.55190301546392,74.99195929902068,65.94532002976797,20.630624156002295,14.984870952941561,0.3914103514731019,0.7065804714149315,0.25584763035519,0.8034117119757664,1.434493234885625,6.973129721810166,9.997632912731884,1.0484559049451287
4.160567586668371,46.6510938636574,28.61021257014027,71.0594622326362,81.77371840579588,25.46026308576495,13.417554429544024,0.24877700063944896,-0.0032791418464808153,0.23412623770117813,-1.4442537803873627,1.4235836958345798,6.396841171956082,8.819457765535075,0.9523412461596761
8.126851682434904,57.43033371291404,23.870658852780203,81.96492065670593,73.98956228952574,21.04343900255067,14.049389934493842,-0.4510195151745852,-0.4549235212290605,-0.3578233026739569,0.4588547693276577,1.3506582346721656,7.585365116700267,10.14569821021326,1.7905620150342607
7.378793477410291,49.068262893755254,34.73516153128121,62.04953714603553,49.40613351997827,21.286054783544003,17.742683251459702,-0.4626241382224733,0.6533640667178733,0.047555476306853084,-0.5508532452339014,1.5432288376780259,6.566073474524567,8.601557441156402,1.5180510492805546
8.71812916600042,45.040268641210154,21.454852034196332,69.91084245475754,73.82333969433415,23.819657885498287,13.099264367479194,0.4692684783933062,-0.7308555870957869,0.3980319875873939,-0.8510366846909208,1.3995933856231066,9.374743548373733,8.55144585140738,2.0298764369796136
8.768253545184148,50.58418621719643,21.413026936245025,73.5020167246359,66.02572254087383,20.09966914324292,14.971936824243656,0.2809913964872852,-0.46547336953405655,0.8846050180411398,-1.0910915092482965,1.4289646057721592,10.239726456045906,9.279261538983842,2.054513206015134
4.425058981643241,50.72791490809607,32.86830516677525,87.64909408018208,82.11157470591999,25.479285173040356,10.438882224506502,-0.17956057509760315,0.33295369731508706,-0.9579066544127288,1.676769580036539,1.3024113124788521,9.906136295063632,9.112700890380392,1.171775200254029
5.714322030202182,50.37312395435943,32.992476136769646,69.16301498944794,49.09073224526457,21.615478300019255,12.499013404934146,0.15961301630488944,0.20589305126724233,0.6139561214576976,-0.8457499283477035,1.4620493536998058,7.120668007638847,9.171191985183693,1.29544007192749
4.215054778893512,46.15845004104002,24.238341885584678,83.12507584440739,81.71720864117952,21.909854455070988,10.773872866025572,-0.013098166667677547,0.790541102921029,0.01662585975320785,-1.835527433547509,1.3634891063909709,6.5370970664313806,8.377094417003924,0.8906775058146725
4.490598843411975,53.45572817332283,27.327854503839486,63.19000413623556,50.88319924631741,20.584365162536333,12.774957605298932,-0.024647122656725307,-0.39353802160663964,-0.6565862541616423,-0.021258568170697822,1.52607701477533,6.052071327191526,9.281254008173665,1.002836399588801
7.393321141286469,57.232782208012765,23.91997885778939,73.21009883368646,45.166934575694484,18.207409958260484,12.291945060658334,-0.10082360888830189,-0.15360902376928198,-0.12702978189337866,-1.5076071505611561,1.4373322015319956,5.611114112538361,9.847154421685817,1.4639866966526616
8.536909691937161,58.67117740156155,31.066758464935987,89.02072159326455,75.70671996340292,21.406638711637303,11.543309322178564,0.11532016457050931,0.7098000979620147,0.8531071998413269,1.2123064997677169,1.3246957511026929,9.726135400422507,10.698088748622562,2.029387983410969
4.195329873372249,57.83908497790417,24.803342802937493,63.63003748085122,73.67284617097968,19.297256123717464,12.313652582331517,-0.02472941285041025,-0.3000098319605584,0.7012496513562254,-1.2295381395393115,1.6012624646248517,7.407549775768417,10.319116496913994,1.0022394541056638
7.572532352017189,45.68065959581446,26.353399747708607,73.75289861643438,62.54245689796352,20.73763546175743,11.30071974116068,0.2315621272963112,-0.5039806507446496,-0.5841649332215851,1.370653489652772,1.4314536883953164,9.077895849168016,7.954197636595796,1.7422933049736231
6.159503756248837,58.21348792761634,28.90714863217586,82.61478084773597,62.29324682520736,24.242318067939614,11.578488388395412,0.04149173936941497,-0.5882726689851294,0.4103098915498238,-1.4901070259301408,1.3148231794951013,7.297973987152843,10.85567534338473,1.4175411825869946
8.015267815083359,47.20913009605595,29.49227922762621,85.10564084785644,47.55092201681718,24.100870871855875,14.560311154589009,0.3101343569270957,-0.5313339232652016,0.5244898161121494,1.1986978353738467,1.2476210641997165,8.773145535805229,8.821864815755612,1.860972141415403
8.053945723775785,51.53610923629307,23.735547541745216,62.2236896584517,88.71722707935521,20.613416139090607,10.700125128451988,-0.2790423050083358,-0.3275825716698781,0.7961954626763945,0.910617592964738,1.6264851369533353,9.551346788935453,9.382320329957851,1.9145610872171925
4.120164832802583,59.75053301751365,31.74902484603514,76.77510442392882,42.5457670541615,20.304591520709433,15.04539552471595,0.23683624962781735,-0.01994818601198134,-0.43534665759187163,1.5196811472010463,1.3829685917388033,6.385536571740232,10.283756070676763,0.924919381610928
3.9926857087399847,47.27873551859635,20.999025651024528,87.78446859947556,68.85590932242329,19.413896821402,10.34482227623513,-0.41384720588491564,0.24815964802408907,0.9049501774172528,-0.37783963462290826,1.3392638950519211,8.430461394399616,8.568136089820351,1.019600663000143
5.540844645211566,47.93082599186518,21.576127045921027,88.10342340781953,54.642961087030784,22.163060882677392,10.562234862361654,-0.14217363222807522,0.6404703807204852,-0.4881823501295741,1.8352711254894398,1.2638754615444947,8.20120113379069,8.613689616964235,1.3156542243551663
3.0222412721626193,50.86549335196586,20.52981958040337,70.54728821947276,43.97696237913891,19.74569956631384,10.916755800911302,0.414816901009881,0.4786894562012165,0.46668705086288265,-1.226130530291587,1.4159330220851964,7.3918130380897695,9.18657210475146,0.7011582551755785
4.931139210448471,56.085548113383965,32.25592316113932,86.4237188447544,45.445056822758026,21.533100693103865,16.198152731522605,-0.4127684374350821,-0.5570981205354062,-0.8420845206816768,1.6885220864955306,1.2762240775211986,9.858678255586433,9.706812589593351,1.2468516302510577
6.585507290867143,59.492592904890756,27.460474611326738,73.59558239709983,47.62992427216317,25.02786124639743,14.27136205582778,0.10369156392572398,-0.4448057767798678,0.8075658766175113,-1.7586606403629692,1.3330766117487427,8.81498449274275,11.307023862591793,1.6097475336618439
4.044952249431325,49.77746888942468,20.591082059365046,68.76367849900625,69.42187069662941,19.583462748818707,13.36815335453606,0.09414447810935811,-0.5373843235726177,-0.35239705767470064,1.3101246858471352,1.5018925206139175,6.643918075091588,8.800694023879295,0.8448803083626535
5.880604856214214,46.462371918215545,28.01031564946027,88.69514267576349,46.605418592337195,24.555183848369253,17.00601371342357,0.3223398870162355,-0.7208641314568167,0.2970715912581512,-0.5171316131304178,1.2146947607135625,6.876109711529488,8.699644970124222,1.3271824007096615
8.087175635593521,58.42296320066524,28.48173547927229,69.9356438459267,47.949784332348074,22.25261810362137,16.243936231130345,-0.44381903683262725,-0.4647812455399994,0.8579106468463575,0.3970519567266404,1.4068728347981876,9.132760136758925,10.756676427737935,1.9095945829088947
4.112541758862654,49.40612439639772,28.464725659322326,70.98594194821791,71.85770052488577,19.49146811888305,10.601344935167004,0.0664803549559917,-0.7663844821101533,-0.2219160328728217,-0.6532200781248787,1.5133206194993238,5.835639767599999,8.527270335560583,0.8401090894352357
5.315551049590305,53.78599510401092,30.224497414192534,63.80732740475915,88.61187651561045,24.371479776567618,14.954351433430636,-0.33367793054655925,0.12598246059252316,0.7313970329887889,-0.9148401917697817,1.5404611652623565,8.550270577990858,10.12417148723955,1.3371728334269832
4.951494464890878,55.85027113443728,29.36130125441248,83.44450828096797,63.530714377736814,19.008828580862623,10.202290994794648,-0.32486168551831696,-0.10445471829858322,0.5497109808532963,0.7708749708559579,1.3854210104288762,7.078786569540531,9.82722950788426,1.1320474895241237
3.1306883573568323,46.67064505682353,33.63361068929746,78.70661974632344,72.08388036348978,19.49764323003681,17.98562307472358,0.12462430401726288,0.2855772271088943,0.20908117830847184,1.5583375003845923,1.462540682604959,6.034707726835561,8.146385308676498,0.6845053185215486
3.2354742338416353,45.6347672011572,30.82805297336637,85.26602836054892,78.0283632103973,18.79353698900486,14.080760544189395,0.13452049740938,-0.6595764902843423,-0.8697767949411769,1.8670873899759437,1.3993884706936428,9.601138952414507,7.593218150017806,0.8651788460091656
6.135532297058342,45.47705349073498,22.035932865937763,88.14472961797499,75.45856543575812,20.842578142272938,11.090399816525508,0.12188911608924602,0.24626588179991993,-0.7794193811417003,-0.6158434029033548,1.3352021584093765,8.126789311530354,7.963281201684767,1.4376295999754038
4.579321398885362,53.62176868257783,32.96590966717131,86.26043894139589,85.09253581119529,19.704061881436576,10.039004576597362,-0.07189609376548711,-0.7526028138159211,-0.6645300412173398,0.6812974982102125,1.4260946545889133,7.899407139348783,9.112204287734691,1.061909272808276
8.682356363855021,46.702446386857254,22.57167315916838,80.107673573744,54.12622428355429,21.800429880800266,11.493149626627915,0.16317031781864744,0.36614859589794246,0.4922899387215065,1.4579285646460054,1.3257389719502832,8.400110171934704,8.579591488152907,1.986885987228787
5.125198703767543,53.528008941817056,27.221360429262194,88.6266994167239,70.3445476384461,21.732065521499635,13.135224932812353,0.3265218136064758,-0.4245873222541938,-0.14808553172175043,-0.6802486033444022,1.2947784264313564,5.98208729208009,9.613050664548442,1.0701198443633875
6.643191346268889,57.25425636113614,23.80207410715701,61.55535062691882,78.85417307861039,23.687513519629984,12.421841308933882,6.655235865737907e-05,-0.2664255505102545,0.6406026845815864,1.5607081917365049,1.5542541535772403,7.954330193528728,10.800239046611653,1.5421347623484953
4.842685444584591,57.46425178501207,26.96089639791394,88.66777788344403,52.331428552581606,24.40069793390022,16.309792576640202,-0.10465533736681037,-0.3123107973400967,-0.3851522234972027,-0.5827904260325145,1.2308770279623937,5.57722807980167,10.542749199791373,1.1048469458237649
5.067202923267418,57.94719311971929,22.37424997108778,84.33770309576843,65.78109784716814,19.472088657634988,17.84044229044809,0.40158408769789256,-0.16644822194142517,0.38039979823817704,-0.4793852994240242,1.360445720054387,6.501075565241364,10.36792535885292,1.1181985724454755
3.7763999319261963,53.61951831405121,21.275821246670155,83.02105157922745,48.926992177523466,18.86816359743893,14.362738886307813,0.4695080917777852,0.10735418996092017,-0.5111069973750426,1.0849154102584264,1.3202725812308935,7.200244246938565,9.322673079841087,0.9128717888702199
3.9154103156170414,57.5026161552021,31.61532335673478,65.87788189301698,87.17811238229332,25.37587566222025,13.36357032230734,-0.4358297062682259,-0.336899839389994,0.1375761990693738,1.8480925809424336,1.4931177485776974,7.282853272782791,10.70377510452955,0.8740698693869999
3.7692502995368953,49.831108218643905,21.467666883072088,81.05422729826303,72.454522923751,24.961179882442437,15.114860896080419,-0.36188561481812187,-0.47051399406444194,-0.06353268812239854,-0.09347936079841013,1.296660664377045,5.06750655029219,9.372395605326423,0.8363270789627149
5.473177219671443,52.182712455198065,31.232188740116445,82.93950353402039,59.7709370127619,25.153696977546762,12.241586136333261,-0.38131372909000427,-0.20804801149738672,0.9889156721074883,1.7095919462389375,1.2805898147522292,10.108023364489645,9.931330498409023,1.4193634564053754
3.789759980160677,58.97510560806005,32.484322386632655,80.44227295600865,80.69212514674396,23.488199524891524,16.058778572476776,0.48477257226245096,-0.03174148020068546,0.06049223868614684,-0.8312974712284535,1.3743358108239034,5.564713066840258,10.702812879329949,0.7760697268780171
3.5029333452665403,57.5234598152599,34.230830035381466,64.95329621734906,46.342158224860405,18.140047026639795,14.989399660370772,0.24281592041141842,-0.18921537442004088,0.48464764108897795,-0.11100213205042175,1.5601774804676183,5.36914237870758,9.832228731316405,0.780513624594743
4.5280895366724465,52.08757595468929,20.25130676152158,85.28705823518645,46.81643368730812,25.58794461502425,10.946524169240616,0.3043211212230488,-0.5750203860986616,-0.619594499969248,1.8016969487098051,1.2060902414647932,8.792944132728476,9.737358474306033,1.1503860976536089
4.86989068025437,51.77286076752256,34.778148375155354,76.78495438486743,89.11498085290296,25.804759297879478,14.375506235101069,0.39713536028496865,0.6543168099455341,0.9425602786439036,-0.9827565046811555,1.3801164418828284,10.374754473785156,9.919791707582325,1.3112951939117732
5.375361248494715,49.589304447628436,26.55314812753373,65.84820407209921,40.388839136467524,19.5117431249106,17.821207189912556,-0.21114618131328583,-0.1973092219856396,0.916096845868251,-1.643498539506859,1.5034586964595507,9.108732342838785,8.923041690390546,1.3293229551164922
8.723676882231633,51.67029598047648,29.955263655237662,73.12257002249733,81.81364504673618,18.243566206604815,15.540800702171218,-0.023220582691973024,-0.7905938299399468,0.4331025650363667,-1.5302917370332594,1.5440130496344453,8.678318943900006,8.98733842789633,1.898337763421945
7.593821399963242,54.44717582756788,32.330832779549056,86.1489989729061,63.06455006176631,22.92831672397945,14.161857449168533,-0.26689331849714615,-0.6563278668848593,0.9671128098216968,1.8708714722259097,1.2978913498255473,11.014245760034607,10.106747335998403,1.918180288624767
6.082616486180118,45.905293065353725,31.283843600297963,84.79238368741358,40.2087362659838,18.32926098572091,12.376745270538379,-0.16909428653517933,0.27317907205515324,-0.21790706157136186,-0.8214225761634268,1.3461252691982495,5.6622752570783925,7.789838964070934,1.18834324336102
4.250381488362552,59.16421623411205,26.339201418610855,75.77316360967761,62.75585155039171,23.731550457353002,10.272753373817892,0.14846283052143283,0.5109121288856604,-0.5952498024377594,-1.0099184812139474,1.3782324201206968,7.265184030851987,10.710562660627696,1.0542261623630278
6.588885203245903,47.05328810851596,22.10282163651212,77.91164589488645,43.343506225915704,22.427295452924376,13.879536514735136,-0.04778322901960824,0.7508058486836608,0.7665802920322589,-1.015908036398324,1.3035581961463234,8.63602118284564,8.864108612130785,1.5730944571079186
6.6962818261297095,46.19789859465248,27.680047167418245,86.17341502719007,59.53838747469647,21.75242695909244,14.40963159641549,0.41423079938079743,0.1414702194112769,0.3875303089510771,-1.7219213391044756,1.2836074175818661,8.076549045603567,8.37764908593819,1.5037497882527773
7.129796595277134,46.74101556980129,24.589497061577045,63.40814309836737,60.47004099722098,23.37466159218252,11.701982252813526,-0.09837827794120485,0.21408785652540097,-0.5556420563881203,1.5172033741719213,1.5014781993378699,8.024223731293736,8.412053885418858,1.6565730595514867
5.01935583044203,47.06747415543677,21.54576361552727,82.39380102157159,44.643711249626705,23.54649099060636,13.861260895001527,0.2555043288635843,-0.148321002788948,-0.909298257986113,1.4142819119160244,1.2607655757573604,8.87305155951755,8.510163932308984,1.2810414594923292
6.371815428064135,48.6643449471317,27.6756853179675,80.69934832077134,70.217738407259,19.771820573443776,17.032069602074845,0.2935175058145906,0.34274877333702913,-0.7741964221548603,1.2988975104010794,1.4098324223789584,9.338414732875698,8.282862799496208,1.535257660470016
7.257319956717817,58.53639359659783,27.145984882694094,76.31706948705384,48.17840063833914,24.42219025144003,16.503478556465392,0.15690326679073674,-0.5912258754293984,-0.8736005075282791,-0.2509146860245912,1.3144683545523899,8.271789721139008,10.617120111927576,1.76281730657556
5.908882558456472,59.31974521963907,30.20575136117474,67.17465883120562,74.33876281509797,19.963022349043037,17.173882485801613,-0.23469801123900585,-0.743353129283938,0.6486888893308611,-1.8558776665935515,1.5530907832258904,9.412103121529672,10.513118594236468,1.4083446390658143
7.7924039348757645,47.64458757868375,22.255539967975235,80.99463059617712,64.32001036559441,23.304569799475278,16.100541366809185,0.27842663419371483,-0.32200896484865266,-0.01769065442853779,-0.5123951052282045,1.3201952732901632,5.704790718883687,8.793594852964345,1.6409845635792772
5.522661484592606,53.54993367948218,29.638172535504058,71.85048351021118,70.14062954757482,22.33189246650759,11.642719387921543,-0.4082235848365576,-0.13045060395204588,0.8871116531461927,-1.0033966861743593,1.4504424123568822,8.948311232823203,9.851287131050203,1.4049500625167166
3.0416115026815524,51.07409308963187,26.154086398056855,78.78675711151416,47.15995794352339,18.951417655240064,15.545234783442528,0.26516960465896955,-0.10288740136237551,-0.13900092120269958,-0.8018238200095005,1.3796620673071263,4.726241505119331,8.89773939399638,0.6911667616882406
5.479511511589044,48.27508366094619,27.60642317802225,81.77895041611647,65.56785625319196,18.550223579420866,14.860779979437634,-0.44944839014769106,-0.26949800504980004,-0.5361957373818587,1.8573991946928676,1.3982340940330427,8.983152169877604,8.156440852376699,1.276989971402402
6.6561220514792,50.05210442674801,27.73715869000979,62.931921486214826,54.607472086124574,19.633494690159495,16.373337867112788,-0.4521897643098739,0.6266913305188226,-0.7804837682777163,-0.9016308619818978,1.5401956809884714,9.511447755579585,8.497626475708344,1.6084248684907851
6.874411437215453,47.96053908251317,20.539229430334156,82.65446331195469,83.1696842079736,20.53019152475668,16.3648486017877,0.07876302971970006,-0.38189429784069157,0.21313160434118794,-0.06611844142414802,1.387183110959921,5.5331057793144645,8.62458471184472,1.4480176787433516
8.817368464418449,50.1324248034243,21.473823954913716,89.17398477318265,79.29296309317473,22.648169904196912,15.077068955758094,0.4396007337242477,0.03036294299920672,-0.26722355103812456,-0.7655015091061426,1.2901887314811273,7.365549565779467,9.177995196001962,1.9457480727933298
3.0630006031343653,59.438413684716764,32.47589694495062,89.75291150057213,55.39772094786782,18.666723089929828,16.931926574353874,0.05746318751974744,0.6167926700460258,0.19032309175861473,-1.8651500314425753,1.3248383770385053,5.96266998213642,10.196559866454967,0.6650692536402907
5.123697684960609,59.55835797761723,22.4897374248326,70.50481335665222,53.20203985381998,18.1663358960291,17.417205558500886,-0.2405585943981231,-0.542576825341657,-0.5991350828037918,0.7522428431393493,1.4894748567603746,7.196478986468887,10.131047543517196,1.183240319962563
7.86084786683806,53.681030383402046,33.994978731758465,66.70026113911834,61.302951689093476,23.347588151189584,13.396751825071899,-0.3303871250218963,0.4416675401590253,-0.18473664884166618,0.16261008708541524,1.4668150228665369,6.057725247440516,9.629742577214504,1.666452656487866
8.429773274373192,52.47246413860849,23.439710342153923,87.19374588030747,45.31662227838131,25.019404589210623,13.534222294677765,-0.35524100243015944,-0.10184124431631159,0.5649437527217731,0.6640159053282102,1.2097392301483825,7.725589758404334,10.047870985426066,1.9737501866736316
4.218985451457466,51.979931656782675,34.83684856642175,76.45728163727865,82.90497888827439,19.24810532832769,16.946706551125775,-0.20321222824626822,-0.6747766814402101,-0.0742506248230067,-1.820548624112529,1.4956769682882454,6.8396246692213865,8.862304466368323,0.880576661257283
3.0912594242090954,52.90303548593916,33.03985044473072,69.84047199195308,41.595106647724535,23.9039021002623,14.835818152212592,0.09192658389874042,-0.43482804976844475,-0.45741771420425703,-0.8139651322208514,1.385237332578397,5.866213347252815,9.523320777057316,0.7186668439315899
4.533502672569283,57.553719854564854,28.314193758248216,67.20373708723776,66.22704010996381,23.886480532100983,12.251803004672096,0.20394411023430636,0.35956770093376944,0.8554782242875358,-1.020095250389399,1.4584945555985815,8.531096383952827,10.840357041810238,1.1313395653760598
7.931126797710941,48.70298529721053,34.678082530468515,75.35797457375035,77.1373766350091,21.565914622986483,12.072674861021895,-0.1947417064082363,0.11791149206795326,0.911093242311503,-1.1953507383382576,1.4583737935151928,9.567367561845344,8.881666220255008,1.8971883067401534
8.6972890403613,45.69676050502529,30.179255308641217,89.65746396868492,85.3300562203608,22.600724890657624,15.676550340827069,0.029239971384971697,-0.6286250168191889,-0.45547796321476886,0.020877251882549075,1.3131026308539013,7.348148859810441,8.133958751400465,1.8776792276539283
5.463419401204986,53.46178275689964,32.0210899104121,71.93989831749221,85.29217613842934,20.094827574715065,16.140885583652686,-0.08686390715743386,0.4253909827239619,-0.9697522099942734,-1.2589352554380575,1.5289812292705198,9.499558048926522,9.032857503152666,1.3275391250028243
3.8099248469616827,53.93804954587024,25.44542739267608,69.28916622186749,83.61422456340705,22.729166261698044,11.10616567441387,-0.25792065970626676,0.6815101225162976,-0.9560055747321486,-0.854117067241196,1.4887309946538254,9.393652386177163,9.498613041440835,1.035083074993861
6.907305308660046,49.031153148104124,31.09909868982021,60.221916186421744,77.91039894237556,21.6365390011565,14.793099984427714,0.011608132921198111,0.7379897689403863,-0.28965076198423245,0.1871435262711416,1.6149020324888714,6.3229560275326895,8.603964023372797,1.4521430817786518
8.008717140458195,51.734255588519964,32.587466231690435,87.7624434420648,77.03493304090462,23.332816169599738,11.277038986251702,0.2975493120294518,-0.423159833578657,0.6981194448958683,-0.574225228723245,1.3157443966499751,8.902071392485054,9.602600373117772,1.8626282671851748
7.515926859831494,48.430433761492296,27.934598534196336,69.25107675353306,55.89154128951135,22.41009557181637,17.696882547815548,0.08407830314990727,-0.13938646961844192,-0.6298399752033361,-1.3516059147183697,1.4541803326573066,8.016007801636995,8.55398096794744,1.6856332791593682
8.744321698030047,56.63879429783622,22.639907707386598,85.72039508140057,88.53442269635393,25.073837892830937,13.312965878593994,0.1637971048184076,-0.7715159995692485,0.24763394227819457,-1.1197890069756236,1.2795600495957344,7.889343938656498,10.802755992101222,1.9975709634292098
7.986459073773122,45.21824562160186,24.49180887863327,88.08629250740094,56.01279417146919,22.034660836767735,16.194382729561177,0.18550429530997314,0.32821564945245485,-0.4147635056877299,-1.4083240115909543,1.2737580745389003,7.979112962002663,8.124728329933388,1.7763106507068973
8.890283026272309,49.350997738749534,34.927827491959526,87.3561249510584,79.8626467063927,25.679779425705284,12.873088643207767,-0.32205098620813,-0.5091560838795917,-0.7704264524427404,1.9661485267166774,1.2817398915608946,10.956120313907258,8.865340200084924,2.2419405238422403
6.10741550416477,53.6001550295739,33.609210996292894,87.42698173748806,83.2115843957358,25.51588392418699,17.768050909127904,-0.431926107813949,-0.7788674537361211,-0.392222877895525,0.5460929899452944,1.2831034925021403,8.10899877701213,9.790288687458533,1.4539391392453558
3.3126290492796144,54.098100890602,33.615041579521076,88.87285877820267,60.82405326369077,25.166182873164928,16.58729675290894,-0.2021572416021069,0.02673616916421151,-0.9524217256375919,0.08307296159133726,1.2533983141341358,7.13996213863948,9.708161476763431,0.880425791388145
8.920882257307207,58.26058707189238,21.23719484956667,62.29277906876402,70.24074852802758,25.511830153786086,17.771434365326787,0.08658515723079208,-0.5875779599500318,-0.1908509536869466,-0.796812635135393,1.4851542369149497,6.279636999730088,11.0232400896272,1.9388461318122998
8.331717349848848,59.12768086547848,22.958974507802996,66.5698641662507,52.46390097293732,20.806327064702295,10.96654839750697,-0.4504651334445414,-0.6890251146442758,0.9359938818674491,1.719849203965993,1.4746742472149008,11.107961901950295,10.879185415128228,2.075144349685611
6.519296437635407,45.402781974710194,34.76638061400962,81.2220137678963,47.41590434553241,19.592441657862288,11.031467252076315,0.04060075943171271,-0.30402822651333655,-0.07114165230438285,0.25395706546164076,1.369536025298632,4.408568594529821,7.830932663357882,1.2421196922814792
7.588156988288835,57.90764337229459,31.581152842809438,74.04226598821,63.45126871575413,21.77127262591673,11.409778896021527,0.34445917756535516,-0.7114788622794649,-0.9553975848888209,0.8487476352458132,1.4170025031010465,10.183565900665343,10.031178537221464,1.8684378832189485
8.113382930842725,59.34016405791311,22.51153856809338,70.20261185718401,55.18855263352585,19.316913719748758,15.275513540242724,0.18273514532872603,0.6320480907595203,-0.8589569727112021,-1.1108739242850172,1.4595477804842683,9.44064051053872,10.184386592805978,1.9064244848605798
6.8711735322107,46.023471919557,34.35318447979226,60.21684238923884,62.77374369827113,21.587486963515428,10.846275345571055,-0.13343054315766328,0.09761095054852797,0.2727713495413351,-0.6057201350882442,1.6232479846575352,5.922938398028633,8.211551094993139,1.4204547907511564
7.924050578541263,47.30888546570664,33.22956085370345,83.87534879363596,58.46927928729252,22.384214592838337,11.583785228167557,0.42913997381973257,-0.1607466234765631,0.5934029265021954,-0.9892454028613367,1.3159657401084608,8.683856592862936,8.718051825178813,1.8083907756320472
8.90934563824547,53.92078493680103,27.499617282143248,86.57122456820568,72.19327723772908,21.437899842930356,10.398242121892023,0.03572621521753905,-0.7826312187436457,-0.4299670760399399,-0.67765822227366,1.3440794105822753,7.564548729826314,9.511249115474211,1.9635291006407392
7.839440241212596,54.38677840810183,29.86093586980924,72.36759319356122,80.07818488152122,25.381031686055703,10.871807319054586,0.4901636831440148,-0.6805581985038365,0.002549309837364566,1.5681568630624332,1.3937804221024177,7.802368314941743,10.134390902079904,1.7589755832539533
7.659974453924804,53.04781101555918,24.18623735505747,68.14533811370316,52.24291971261585,18.601621577623984,11.181703754149428,0.422037246650393,-0.7612417349034794,0.3931169181069536,0.4354518424377325,1.4907828418648812,7.848626881247026,9.352023476024799,1.6997927615868909
8.707805570900202,47.59483618543813,25.75638459443752,62.19486430013562,50.54268587696279,22.702092628776356,14.536137971387861,-0.392114207703125,0.6027614148626339,0.3321617154659984,-0.08753727137245604,1.4809294953007333,7.377363334509796,8.735227581927667,1.9146862488795402
3.396357362708542,58.77249129587384,30.721631834981924,89.38272609098902,51.34551085208946,21.97772765067881,17.30680300243675,-0.12265131556827258,-0.7779998776125124,0.6337624044062133,1.6434424913659247,1.266165388893558,8.096644256235914,10.698983888990666,0.8254727837077863
5.144091496066425,58.71642340399816,27.926418038255353,74.32755855081567,46.01340697980225,23.657355731131535,15.70215607226368,-0.21958628828731191,-0.69810195650604,0.9691252085006292,0.22104030933959873,1.3394620890431876,8.528148243875336,11.05006051870644,1.2908484372906464
5.899888788942307,48.113738734852106,21.614102048080856,79.06997291592779,89.35490838749396,21.972675338709905,12.849923752089595,0.033869260982450244,-0.6051882385615206,-0.8107035145949643,1.6205117575842385,1.4039793799444757,9.573590880256306,8.52294170748164,1.460568666718986
6.153855394955256,54.822534382237905,22.583291237451757,70.32703342961929,83.1653826237652,19.216173380640136,12.836367490303871,0.31485399394994906,0.06034113973087929,0.9554321342148133,-1.8891470156974903,1.5306987801171028,10.21051658014546,9.91838659939972,1.506308053539648
6.117247125808023,55.23443902779344,34.20411040097383,62.519306572239415,73.03976859942725,23.227271837261462,14.771496377659018,-0.20497029374477937,-0.5709408377696663,0.4023559615339718,1.450010435992787,1.5460628392614875,8.004905842601573,10.095206915433414,1.3475413034631967
5.040050877819776,48.555551299785165,29.50213275177822,79.32498742485065,86.22018151626581,22.956661353773686,14.575266344110403,-0.4882297667842819,0.155343457328444,-0.21590231742416155,0.46827588355273697,1.3933294242797756,6.330649472736836,8.653484538118072,1.1196273984022405
3.007311956672729,51.11139783659845,23.156739355602454,72.42391172294819,67.03035771343811,24.674687805163742,15.461357179249042,0.47674506641747905,-0.3834936032679437,-0.05412889648562558,1.0259011443844406,1.3606295093202778,5.788737093479447,9.61834275023284,0.689000077144908
7.857537668227614,49.570549377162756,31.254396995248392,87.02656138435536,42.08624025526937,20.74886346894441,12.911914616020852,0.02078215366646785,0.4925494048661949,0.956867568206321,-0.14551848936120826,1.288122605554533,8.162374884777858,9.024123564642359,1.7736902119398301
7.6984992730610005,58.904654746907,30.815414026198248,89.93161764894869,60.57035263802055,24.501256444360912,13.826066615951074,0.0920930443823359,-0.0027871616708146085,0.8329069983569013,0.9480823215862237,1.2600534156900267,7.84556459731651,11.139677630278962,1.7809550024015943
4.598326102083915,45.459531678759035,28.88453042738366,63.79746358689661,64.74365232726623,20.504160728880564,14.491100688968041,-0.3777045603003548,-0.6122277720839201,0.5668104112822108,1.440684830337029,1.5410309389497843,8.792078202502545,8.11227818339094,1.063246065962953
3.5485252921934025,47.79755526909445,27.58854039628085,75.33086856879649,66.43020007591164,19.817405490855194,17.25833907523258,-0.42269421120851997,0.4163618349038323,-0.6432257354329698,-0.20463143837038444,1.4420160380961888,7.46763023637815,8.154397767071064,0.8656199270419899
8.401411807891996,56.06378445807734,33.67504247982775,77.43283566963684,89.2312035813597,18.859290632710092,12.111088999217461,0.17067359966875206,-0.25554086574901713,-0.4019987231551807,1.4546093314999151,1.5123710892246678,7.914416973087958,9.467245657783366,1.7673630557582054
6.364798752834444,52.05198026370575,24.896335777811046,76.9570661695847,77.96609598922653,20.057457523210786,10.103210984001915,0.36085190528708455,-0.7673630161354003,0.43529164913436813,-0.25827478742731436,1.4358764912878856,7.685772096678005,9.35408527936576,1.422175042369288
5.183266202681873,55.0794625497957,28.734944997285268,60.77439712071521,67.72165518583729,22.56597426484418,16.5824892475633,-0.2869376993159149,-0.4924893664366772,-0.7712012830195646,1.8648123797647593,1.5691208063540851,9.632878084007157,9.690731127493004,1.2793515755515394
7.366625558062569,51.355439928073125,33.081704779335176,63.113841547694754,50.651320791734385,18.450589436445625,10.3695729569826,-0.39674529154752314,0.6679431409125252,-0.07620529141924393,0.9073597750390534,1.5720087383345622,6.725406104639363,8.686237883116693,1.5125230417249769
3.2694935132805325,49.391114801722935,30.42569052786253,89.3391428664355,84.00484733412537,20.050918730671658,12.724795147534076,-0.3602296876412797,-0.21193805851613357,-0.012893846026498568,0.670066662407125,1.3469116117267586,4.958596096355395,8.562580262979763,0.66866858940147
7.670368708029795,58.2595005824521,28.084003872292506,71.70503706188323,40.04768301911584,21.711622601525626,15.206796633033905,-0.06013832517299639,-0.27715670392715597,-0.9869445849625214,-0.5076700861710588,1.4025522609378644,8.020875313369494,10.129782124070118,1.8541621666098358
3.2643744941724684,46.45938741804357,30.472906667717474,89.45299569358268,53.82664723799366,18.922492392596393,13.526241540202996,0.04649648355521441,0.018085760814126273,0.39058800336953503,-0.03743892295359874,1.3250179815828738,4.330748311253236,8.124835470785293,0.6734018110347761
3.3775393571652668,49.4423467413154,24.209109032329398,89.19504026603701,40.87881463044855,24.137469784648562,16.951362764424385,-0.045126842881615004,0.04512553229683913,-0.7265434808518489,-0.8337004137481632,1.2195869661964676,6.2385898685195365,9.033175839541592,0.8462599122014649
7.701487367367313,52.41760981071478,31.02297656103609,72.86294408372201,87.83665470507214,22.594870487094173,11.027088327992702,-0.06544364750517978,0.3307120160626793,0.5778860297770179,1.9712547481713298,1.4973618893178589,8.961304578049393,9.612879420303717,1.7672580424222384
5.575232097095763,52.027341398126914,32.382678775869515,86.89315687222165,89.0050862538306,23.971720765877627,17.160793145211372,-0.08789164750871215,-0.701242253440853,-0.23317185912268223,-1.5065026597307192,1.3467493860196804,7.1393969708588205,9.395064798069969,1.2319727633371005
5.318724287743783,55.31796699786211,26.95145745302585,67.35312400095206,66.35032216721314,20.296274213389207,14.43891967285943,-0.453295273880529,0.6441178888508923,0.6518690891103276,1.2625283183688425,1.497620586582524,9.195902575235996,9.980670220947614,1.2582001563026526
6.186165355658262,56.26078205601328,29.750175063708028,71.6990389798207,71.51605676246152,25.771190790534572,10.610207564750374,0.2479787572082035,0.7044652252961903,-0.7817194877645371,-0.2015215567639841,1.3934434094450043,8.399505841779582,10.30749090848495,1.482458245273795
6.12963694190313,49.763053891721675,26.05259902430052,84.277980264715,81.18256244228508,25.681365950110283,12.306890764576583,0.16776246581401888,-0.4206258410189449,-0.04832533973605557,-0.8041933646139177,1.2911404939975781,5.746776615545987,9.411008328828256,1.336006733866161
6.191153227356207,58.19158187188071,21.08182916480231,89.8667389308837,67.20822673328463,25.087642652050533,12.680910934450022,0.13124671690866696,-0.15520089297493356,0.3950660460163413,-1.8606123836127448,1.2321099001786064,7.250375083399261,11.11046760336545,1.3887865311140712
3.1043956749644015,55.81739414350175,27.10845091318931,89.71311734511168,49.75397673045391,18.454067072430153,10.553957007183783,-0.3358862897930344,0.532969908938735,0.445143884936525,-0.01502032991658564,1.3126910781140322,5.974101447079254,9.773088875829965,0.7170787730498067
6.182805792264878,52.83102199522122,33.74565819856594,70.38446500701808,56.86795232564785,19.57195525782287,11.641636676739951,-0.06872391509143921,-0.006520323458661048,0.9613431403030273,1.7226784494883534,1.50830423231974,8.941683203006729,9.367900076243895,1.3962209972071946
8.637377750629947,46.66026687595634,34.75925154262901,62.17879567229919,53.75205296571446,20.35409579390088,11.349920099388786,0.20898357025669168,0.44483604536341703,0.6251917219602843,0.9880418165039639,1.5801319936410898,8.727560966233833,8.25016053467431,1.9179126518568583
6.194976420816486,48.54810180989982,21.698528860457166,75.74334151788523,55.50098656949988,21.738156026922837,11.514351221016982,-0.1411065916020951,-0.5497005902124137,-0.7026481908668587,-1.3475697795679817,1.365439087426274,8.634645820449547,8.632414914646825,1.4408309308561198
3.030948075803412,59.80665125605074,20.043324233424794,61.064893793864925,50.62765257432123,21.079673337301156,11.45767190469898,-0.4575764475482151,0.6979776999456275,0.6933006225904168,-1.1815745915660494,1.5126268638852949,8.609503643526885,10.98723042800042,0.7844589258175783
5.679440590838976,53.91482080980983,22.145321150921834,76.7577510326349,73.54501928362828,23.628403265522383,17.07019248194839,0.46747425735693426,0.7718287624491356,0.6704579504539718,1.1456506771244688,1.3545844294712301,9.703602047376148,10.268876765483059,1.4019284623748554
6.4441151600497335,48.92772492144315,31.19951577569127,82.63276869667291,73.73604796448247,23.113612484769515,11.236668007559873,0.03476447633420898,-0.6227337783322907,0.2539609144727011,1.3256844006007715,1.3609039626573423,6.962749126132567,8.903206122908584,1.4010885383675837
3.8044624816052544,55.91401820390814,34.465883545818826,69.6779341413907,54.25152314098408,25.28406305922755,17.905544612974484,0.019533070316795076,0.21973865299433815,-0.8824174857002058,1.0495318092852686,1.427019836808163,7.280074685355115,10.039376757355573,0.9915365737975156
6.5959338081414565,45.488284505085446,31.680891197811867,88.785090235641,49.98277878085617,23.0493669502082,17.395033066157346,-0.06169058810042799,-0.7516538713580598,0.891403590645844,-1.132824307683494,1.2536051658535616,9.349802945867696,8.519183424189695,1.6020681321638828
7.814895892423832,52.933252987266826,31.44130563907705,85.43356320135788,79.58805890231659,25.399591061804923,14.998125622997387,0.25422657989491726,-0.07598112979319727,-0.04111892790158267,-1.2411667438613811,1.2975768040019637,6.1720358645137505,9.808297429194822,1.680828102644769
3.0594865954996826,52.327927728555,31.150857837586713,72.16589471332327,68.42974234207568,24.03550854315879,16.745984205515605,-0.40529107061081526,0.46030717483787353,0.6964481514521841,0.8775132463064752,1.414667336421326,8.175185355157625,9.77636958391051,0.8095015342908666
3.6279711884100037,55.46791136037809,20.93716338664578,65.4040143663276,55.006218791810845,22.220733669247398,16.380052376452248,-0.38795613903363746,0.7135603875630745,0.775467559366724,-0.04258588844367517,1.4545692688919858,7.8913932396247795,10.32692728665602,0.9405187208953497
4.131964615284804,55.74462238075297,30.325792849628332,65.65281027420305,62.3118993819178,21.659226272892518,13.792031509919504,0.3320607585305293,0.14236588829612595,0.9943126417976489,-0.02532321513757574,1.5118337180082466,7.9993083513049665,10.266555566729435,1.0597779710438133
5.744217733065939,48.15775339800894,28.94237425949057,69.2391137109817,50.1513499872116,20.010557215436542,15.140484408442829,0.31816473005516965,0.5113481327406308,-0.6391318600093014,0.9960849497833806,1.4521695484949084,8.30819199554555,8.252803827702014,1.3240580529882546
7.143031123500133,50.52538456431447,33.23401902004737,63.476894755978364,82.81627149998945,24.585176066447524,15.9966001944307,-0.015485297079693983,0.6501950887970487,-0.078729601820552,-1.867392047947121,1.550980437618319,6.9595150451216305,9.241448973810504,1.5187614916923668
3.531067296004313,48.84740339104185,22.287759461383942,75.99885930809724,62.80671332966106,24.072931614061172,13.441702232163287,-0.3379307746380503,-0.5642839641863453,0.6476154948120989,-0.6011587310107507,1.3345412824140694,7.682658749417689,9.299738209815658,0.8922938739739442
4.022395551076658,54.16444026497723,33.790149151025624,67.31656095749919,53.37490703321741,19.426554488394068,16.309298547094333,-0.04630229920882867,0.6064957205263315,-0.6512684913247015,0.8399226555627672,1.526064223595951,7.135461078247924,9.134317922982722,0.9179349448604182
8.855115111795335,50.96375771760989,23.36247513650794,81.75539308962024,40.58336174038733,25.82390405221207,11.538100444954692,0.32334350129895684,0.18063682533694725,-0.4317278367836407,1.65535670265655,1.2368194861773172,8.40937808397343,9.551192499651295,2.036118914170507
5.99085155950546,53.97690246286011,20.867458265180865,76.17628879194041,56.65089361271542,21.428214932184353,13.137588877901042,0.381798052252751,-0.7499773986945921,-0.3596194202076892,-1.0996615824948404,1.3446345144539664,7.96347325773138,9.695075467085442,1.3493278308349803
6.5685416598822295,56.50126964759153,33.50094287505598,79.03938969215042,72.97501503869081,18.595814147361594,17.275221651256444,-0.2886896712230387,0.4852574030277743,0.2639867941627483,-0.7251296317825668,1.4691650866196044,6.841689843424708,9.690316490446808,1.3887988478458477
3.8838855979401767,51.106914804489435,34.45050691270353,63.02473579672186,77.65030963775008,20.955355359053573,11.82824224992043,-0.030569015185528015,0.6847178778148741,-0.750470863033853,0.40852477715966806,1.6023207896946334,7.48204645407868,8.70748908799651,0.9467263263928498
4.676614170081533,51.72518252859671,24.716859510577603,62.711009836615645,50.90612917203673,22.970435726642805,14.765519235855919,0.29893670671274264,-0.14722836683017582,-0.03343709043566878,-1.6212343636496485,1.477504768356676,5.479119186753953,9.483473690304091,0.9393222482419579
6.148784983852966,45.93540724276747,22.866890762287678,74.17434263635263,65.61146266437558,19.000777870562167,12.95244934862069,0.24098313010375672,0.3104632959636944,-0.5870566019737414,-1.1208621009841988,1.446189137903822,8.131411611996105,7.852391062253313,1.3741513166438455
7.346836467879814,47.15642417115846,29.885390068202064,67.78857664401791,78.10256817775115,19.326115115018666,13.351292284182799,0.24597406420775303,-0.05441746432755079,0.2025310445289863,0.49703332517649823,1.5704162298439384,6.123594709086616,8.281774734558088,1.4682737070402723
8.859639469401026,45.99132032921657,31.508675992822347,64.8981419361386,81.04258056198876,21.007666213718476,14.842429734986064,0.10783385284665203,-0.6647518209194765,-0.6762404339216812,1.9930547454725498,1.5700858789727652,10.515422580891462,7.861977263385788,2.053746732952625
3.711268431440473,59.471758589848335,34.602296561240834,64.79387007560791,74.80940872922955,18.934151029393544,13.547652523938497,-0.09171367169128297,0.19035377588466706,0.6266126614857539,-0.7290013643364599,1.6220031536084116,6.450190719134733,10.376053732710798,0.8264133124060413
7.185237113565173,57.808862924822336,34.12764088050251,83.52400806071205,41.44137654501125,18.26855382148053,10.056195148840807,0.36465207683018297,-0.025118921144097306,0.8364637382656219,0.6867704904096192,1.3733491234458333,8.243695165824791,10.158021728815823,1.6344251021716198
6.863779115404073,53.81072862003883,21.826497139150614,79.90279357031028,56.384652597720816,21.79516065853777,11.151145835757124,0.22367450709711767,0.43760495804003363,-0.7355999081996987,1.946212549611427,1.3296512014958586,9.451549645613047,9.532587617413792,1.6226117508795288
4.406699045839231,55.758746850343584,21.439040723672903,83.889497786763,40.560904415460094,21.068487142477196,14.276460192944405,-0.3298171409611184,-0.009324981001908816,0.3384863683015107,0.44694017624406124,1.2718655826951386,5.235772142950188,10.200904931581817,0.9745343793458611
4.350789757156569,47.42425348908877,27.63746699586137,87.40319363825336,84.10905742934173,25.66825143362048,15.227448139718701,0.40608640799377627,0.5375457032553348,-0.9228830455821744,-1.5786898075611497,1.2754977556587714,10.591085070431683,8.641806999337557,1.150283941406668
7.208487612038601,56.150229767544296,34.39140817484376,81.51866920681651,69.99098349653913,24.198000592386116,10.918637103843311,0.4448290434687293,0.5697964270194589,-0.3118329249319707,-0.7598363206841667,1.3414069180795924,7.692004155414981,10.162405223898274,1.644660400350359
4.0328971004295395,46.60789002826983,30.197674403257867,74.73141091312814,65.0677078145361,19.994948378791893,16.500390508066967,-0.3215134815685248,-0.3024199478211033,0.8682648436439075,-1.6223094547268233,1.4542229083381877,9.355882461221487,8.393385880915211,1.021834302615313
4.633039176623534,49.04480929754147,27.153963792287122,64.83995550762683,57.548855551172664,19.684134642305875,13.592658581570142,-0.3728500693318911,-0.32420881437837157,-0.8288287395405155,0.6076080180579839,1.5316068876255862,8.486204373961627,8.310711665192985,1.1548082300861733
3.9355306642019503,58.64388774899004,20.139985131200557,64.14215487424558,52.99522849906585,22.419046955959587,11.724329281334693,-0.2189322175664074,0.5853280087114321,-0.1903786335770974,1.389080140108332,1.4527817691257885,6.216730148913401,10.642233259802598,0.8570767313865034
6.271730218165808,59.38310814938614,34.872296445104276,71.73395831185559,44.24755672147988,21.837108639674334,17.891268817834163,-0.44001004528321697,-0.3074625124772549,-0.0866965911866705,1.4028706040660412,1.4209018005685878,6.412960025946543,10.446192230694425,1.3149645403894747
7.117024185617238,48.63040835197388,33.43457752949189,86.18470033683826,51.616238277823086,23.22632642022142,16.273643368710772,0.46817980741155363,0.795933397936297,-0.8876896012754277,-0.6608359309686609,1.2699175634148145,10.116091341463173,8.525993551348973,1.794568557606436
7.779503584971119,48.91878249721319,25.16961604083428,75.94071292094176,63.693558976666814,21.209647778335558,14.745902908434328,-0.4573021435906766,0.43909822521337794,-0.3795896538505982,-0.3398457342147918,1.3813821004075926,7.603120278147566,8.621086180968076,1.7238488369310612
8.098619247051085,57.577460173799736,31.695177563923522,66.76616370538696,61.081077676236404,21.813302597758483,16.5077776562473,0.09306006948391365,-0.6991873111552839,-0.6965344470761532,-0.9050834084608175,1.4902525450958852,8.480529910515811,10.01654669606986,1.845004498731036
4.693455162822309,56.97683690296115,28.95556266090211,70.93936832171536,54.07262607891146,20.416196215351064,10.898465489598335,-0.02584382036778099,0.42214076793982436,0.5759489192161718,0.24254420699951051,1.4649320265377157,5.840522691151177,10.146375083996045,1.0564509801039788
6.856167643582233,50.10732632066479,32.80612956982638,60.72341627265591,73.2727150209943,25.28731728752311,14.904723952245917,0.028339301934952932,-0.09172221481194687,0.07066595503130402,-0.9980668258390302,1.5459552581554412,5.272246246767954,9.313576138965228,1.4244042482504844
7.169790698295842,55.43267366768716,25.961040468251653,66.52639252417097,87.9639698052766,23.44610862927922,17.09049759001904,-0.22828050817627,-0.672145963417705,-0.13366133486863985,1.1426229120279192,1.5104545930456403,7.178611836252056,10.144699237967018,1.5871023473198749
5.108326290629052,57.35753828557203,22.215666934420206,73.81581604001425,58.98778183410053,21.993832413577113,14.197034982366937,-0.2522695355219561,-0.13348040725020105,0.8835289031499511,-0.36265231534056697,1.3906505627135672,7.673505143811528,10.672467664636667,1.254120423230532
8.065677799020495,50.879526981304046,30.56614355504778,85.41572737422541,64.36833289471895,25.361096703607984,16.21967696497796,-0.22572400915756724,0.5831029162588817,-0.38880254787926505,1.5115567084761024,1.2647721126658116,8.333613558309395,9.385355980282712,1.8248606626118424
4.9351859176892985,56.89664277671703,29.105355577130766,77.27585454926151,71.80218023640134,19.64658615920549,13.4046478961473,-0.2760008700379428,0.5087144848658451,-0.010944494809857597,-1.8500776631130327,1.4291955538166947,6.615892501292141,9.92827614963234,0.9910380651396075
6.143570483640031,52.94316096599607,32.195280694731345,67.39213141480964,76.30663539140163,21.681633906922837,13.818600405059104,-0.3919962006642149,-0.32504966240987127,-0.7950491144648593,-0.4067596646409055,1.5172128051979799,8.618121161310516,9.183045319806693,1.4681714556425818
5.535634281916906,51.59008601519827,29.602557770779164,72.28328982194003,48.46954373681875,24.592034857736856,14.474511038623445,0.22618244721241398,-0.015255641483449933,-0.9029193924085006,0.6434754671138765,1.3658831562520997,7.78621519093751,9.260244432386042,1.3855549251922348
4.819844786269872,54.492294485735336,30.317698058687352,88.84607472165212,41.28786377420897,20.788895021397174,11.050460927714836,-0.4425628268931665,-0.3154811423673651,0.6821200393224005,1.749291663902687,1.2708719909758006,8.910035785228537,9.784002253537295,1.1849364427368765
8.438554009137619,55.143518782186476,27.111796434006905,81.14348860520396,76.49775320988027,23.281795731172416,11.244809146009942,-0.320919453141956,0.35272707588216967,-0.8563899050083673,1.4292898251368595,1.3551482891877988,10.29462021071353,9.793102087339248,2.056374290230668
6.263749306833194,51.56269807682306,21.448459485276995,64.18632588245167,65.7516498393687,18.94125358218945,13.079259672580948,0.27930130815959153,-0.6356494612442655,0.9851736587196183,-0.5426592824618401,1.539604401593295,9.546149353847563,9.315409591754616,1.5122914422029434
5.407442984045362,54.87048042520411,27.52278105548455,89.42795963889714,80.18691171109123,23.505641406032765,17.79185161188824,-0.2819175160245515,-0.4781999390764827,-0.8713867327469131,1.8851209744693884,1.2921061963099856,10.345727507333486,9.75021771437654,1.3797878428264887
7.708458904449711,52.58257519004431,32.30412936355544,86.7542119588874,65.23855713835323,19.451432338593822,11.191444004614265,0.1332942362145364,-0.7963361567460501,-0.17077358577648039,-0.7690971008551377,1.3655383060331023,6.655660875511717,9.023558970966308,1.5590653596331352
3.8723167967307632,52.52191550676334,23.10037548305846,73.54763320849405,68.32355098639837,22.919956889187784,17.062951526827376,-0.34800627106330084,-0.018247649434178448,0.6857430298786706,0.6834513189090923,1.404228843674414,7.252554012334841,9.799186835895732,0.9582834544713236
7.848268155353566,48.67004256660658,32.16260831126432,86.85529989507236,41.32095329275509,21.410445375476712,13.952424163889347,0.2610400698418939,0.5572696780936954,-0.8390606978344568,-1.8345532781052918,1.2630882582731662,10.106313017227878,8.341476893734615,1.873041034291696
8.925656709009939,50.0323647271348,22.17091302193046,81.18667267992097,48.14408987509137,19.544821637879675,17.358934266090905,-0.38229372696765407,-0.3318018384965508,-0.4505500256873093,1.7359281015235593,1.3489227169858493,8.983130003086297,8.704004084540198,2.001970163047239
3.981149327469339,52.732088835267035,25.525752865970308,81.16719117492033,66.0604778567079,23.213163157265388,10.325370307624642,-0.4692057043286879,0.3578263837958293,-0.2980163837052421,0.9565259908599479,1.326152076633084,6.909078541136715,9.51942073760967,0.9269706919946347
6.600801378506537,48.779451920442284,25.57809598296101,77.98934949666469,85.89494410786617,22.271264956417767,12.727245727264654,-0.10554106694395743,0.7175060437583944,-0.6775621366196897,1.7433878982054103,1.410888659735021,9.544102996526664,8.674453415095295,1.5954496046703992
3.358634936671434,48.95533575799259,25.41184797201701,76.40416778773142,87.45572312024251,23.602190614698394,10.081699320015888,0.07475292494212782,0.7752215068424819,-0.9706841126405532,-0.38348418482094804,1.4114125316766315,8.7788151324765,8.75937939870532,0.9184143578478347
5.652480007648077,59.93135674735221,34.24414429595157,63.752656767875415,71.20395033507418,19.368296248836955,16.706091875328028,-0.09549866488705122,0.2793422659972786,0.13556547026299848,-0.2256202974260919,1.6158523519074144,4.504586445124325,10.339185060092877,1.12194021105233
4.3954650913979965,54.024776404788426,32.13789386315825,74.90279122915985,78.46751767937691,20.345825432599682,10.68200121816784,0.2900334149499856,0.02404109941140342,0.7449148295389052,1.8548958740428514,1.4930058617397275,8.94287687257157,9.73045612790695,1.0945786663554675
